{
  "type": "FeatureCollection",
  "generator": "overpass-turbo",
  "copyright": "The data included in this document is from www.openstreetmap.org. The data is made available under ODbL.",
  "timestamp": "2026-06-05T07:15:01Z",
  "features": [
    {
      "type": "Feature",
      "properties": {
        "@id": "relation/13958368",
        "landuse": "grass",
        "type": "multipolygon"
      },
      "geometry": {
        "type": "MultiPolygon",
        "coordinates": [
          [
            [
              [
                108.9288209,
                34.2784913
              ],
              [
                108.9295756,
                34.2786139
              ],
              [
                108.9295142,
                34.278645
              ],
              [
                108.9292798,
                34.2786545
              ],
              [
                108.928934,
                34.2786407
              ],
              [
                108.9289114,
                34.2785615
              ],
              [
                108.9288209,
                34.2784913
              ]
            ]
          ],
          [
            [
              [
                108.9286479,
                34.2785828
              ],
              [
                108.9287675,
                34.2785273
              ],
              [
                108.9288595,
                34.2785442
              ],
              [
                108.928907,
                34.2785968
              ],
              [
                108.9288859,
                34.278645
              ],
              [
                108.9286955,
                34.2786405
              ],
              [
                108.9286479,
                34.2785828
              ]
            ]
          ]
        ]
      },
      "id": "relation/13958368"
    },
    {
      "type": "Feature",
      "properties": {
        "@id": "relation/16767834",
        "leisure": "park",
        "name": "小雁塔·西安博物院",
        "name:en": "Small Wild Goose Pagoda & Xi'an Museum",
        "name:fr": "Petite pagode de l'oie sauvage",
        "name:zh": "小雁塔·西安博物院",
        "type": "multipolygon"
      },
      "geometry": {
        "type": "MultiPolygon",
        "coordinates": [
          [
            [
              [
                108.9368964,
                34.2424111
              ],
              [
                108.9368932,
                34.2421451
              ],
              [
                108.9368762,
                34.2408169
              ],
              [
                108.9368895,
                34.2393739
              ],
              [
                108.9371558,
                34.2393754
              ],
              [
                108.9371669,
                34.2383814
              ],
              [
                108.9383382,
                34.2383664
              ],
              [
                108.9388351,
                34.2383641
              ],
              [
                108.9388364,
                34.2392621
              ],
              [
                108.9389159,
                34.2393294
              ],
              [
                108.9389159,
                34.2409653
              ],
              [
                108.9389523,
                34.2418679
              ],
              [
                108.9389441,
                34.2423154
              ],
              [
                108.9379858,
                34.242312
              ],
              [
                108.937973,
                34.2424069
              ],
              [
                108.9368964,
                34.2424111
              ]
            ]
          ],
          [
            [
              [
                108.9347033,
                34.2408302
              ],
              [
                108.9346836,
                34.2383386
              ],
              [
                108.9371669,
                34.2383814
              ],
              [
                108.9371558,
                34.2393754
              ],
              [
                108.9368895,
                34.2393739
              ],
              [
                108.9368762,
                34.2408169
              ],
              [
                108.9347033,
                34.2408302
              ]
            ]
          ]
        ]
      },
      "id": "relation/16767834"
    },
    {
      "type": "Feature",
      "properties": {
        "@id": "relation/17364912",
        "leisure": "garden",
        "type": "multipolygon"
      },
      "geometry": {
        "type": "Polygon",
        "coordinates": [
          [
            [
              108.9481006,
              34.255108
            ],
            [
              108.9480144,
              34.2551079
            ],
            [
              108.9480144,
              34.2550845
            ],
            [
              108.9479956,
              34.2550845
            ],
            [
              108.9479956,
              34.2551079
            ],
            [
              108.9479301,
              34.2551078
            ],
            [
              108.9478905,
              34.2551077
            ],
            [
              108.947891,
              34.2548675
            ],
            [
              108.9479219,
              34.2548676
            ],
            [
              108.9479958,
              34.2549649
            ],
            [
              108.9479958,
              34.2549952
            ],
            [
              108.9480146,
              34.2549952
            ],
            [
              108.9480147,
              34.254964
            ],
            [
              108.9481009,
              34.2549642
            ],
            [
              108.9481006,
              34.255108
            ]
          ],
          [
            [
              108.9480547,
              34.2550571
            ],
            [
              108.9480548,
              34.2550226
            ],
            [
              108.9480253,
              34.2549982
            ],
            [
              108.9479835,
              34.2549981
            ],
            [
              108.9479539,
              34.2550225
            ],
            [
              108.9479539,
              34.255057
            ],
            [
              108.9479834,
              34.2550815
            ],
            [
              108.9480251,
              34.2550815
            ],
            [
              108.9480547,
              34.2550571
            ]
          ]
        ]
      },
      "id": "relation/17364912"
    },
    {
      "type": "Feature",
      "properties": {
        "@id": "relation/17364913",
        "leisure": "garden",
        "type": "multipolygon"
      },
      "geometry": {
        "type": "Polygon",
        "coordinates": [
          [
            [
              108.9482505,
              34.2551345
            ],
            [
              108.9482503,
              34.2552228
            ],
            [
              108.9482691,
              34.2552228
            ],
            [
              108.9482693,
              34.2551345
            ],
            [
              108.9483743,
              34.2551346
            ],
            [
              108.948374,
              34.2553256
            ],
            [
              108.9481639,
              34.2553253
            ],
            [
              108.9481643,
              34.2551344
            ],
            [
              108.9482505,
              34.2551345
            ]
          ],
          [
            [
              108.94821,
              34.255288
            ],
            [
              108.9482394,
              34.2553125
            ],
            [
              108.9482812,
              34.2553125
            ],
            [
              108.9483108,
              34.2552882
            ],
            [
              108.9483108,
              34.2552536
            ],
            [
              108.9482814,
              34.2552292
            ],
            [
              108.9482396,
              34.2552292
            ],
            [
              108.94821,
              34.2552535
            ],
            [
              108.94821,
              34.255288
            ]
          ]
        ]
      },
      "id": "relation/17364913"
    },
    {
      "type": "Feature",
      "properties": {
        "@id": "relation/17364916",
        "leisure": "garden",
        "type": "multipolygon"
      },
      "geometry": {
        "type": "Polygon",
        "coordinates": [
          [
            [
              108.9481009,
              34.2549493
            ],
            [
              108.9480035,
              34.2549492
            ],
            [
              108.9479306,
              34.2548532
            ],
            [
              108.9479307,
              34.2547884
            ],
            [
              108.9481012,
              34.2547887
            ],
            [
              108.9481009,
              34.2549493
            ]
          ],
          [
            [
              108.948055,
              34.2548703
            ],
            [
              108.9480551,
              34.2548358
            ],
            [
              108.9480256,
              34.2548114
            ],
            [
              108.9479839,
              34.2548113
            ],
            [
              108.9479543,
              34.2548357
            ],
            [
              108.9479542,
              34.2548702
            ],
            [
              108.9479837,
              34.2548946
            ],
            [
              108.9480255,
              34.2548947
            ],
            [
              108.948055,
              34.2548703
            ]
          ]
        ]
      },
      "id": "relation/17364916"
    },
    {
      "type": "Feature",
      "properties": {
        "@id": "relation/17364917",
        "leisure": "garden",
        "type": "multipolygon"
      },
      "geometry": {
        "type": "Polygon",
        "coordinates": [
          [
            [
              108.9481646,
              34.2549494
            ],
            [
              108.9481649,
              34.2547887
            ],
            [
              108.9483354,
              34.254789
            ],
            [
              108.9483352,
              34.2548537
            ],
            [
              108.948262,
              34.2549495
            ],
            [
              108.9481646,
              34.2549494
            ]
          ],
          [
            [
              108.9482108,
              34.2548705
            ],
            [
              108.9482402,
              34.254895
            ],
            [
              108.948282,
              34.254895
            ],
            [
              108.9483116,
              34.2548707
            ],
            [
              108.9483116,
              34.2548362
            ],
            [
              108.9482821,
              34.2548117
            ],
            [
              108.9482404,
              34.2548117
            ],
            [
              108.9482108,
              34.254836
            ],
            [
              108.9482108,
              34.2548705
            ]
          ]
        ]
      },
      "id": "relation/17364917"
    },
    {
      "type": "Feature",
      "properties": {
        "@id": "relation/17364919",
        "leisure": "garden",
        "type": "multipolygon"
      },
      "geometry": {
        "type": "Polygon",
        "coordinates": [
          [
            [
              108.9481643,
              34.2551081
            ],
            [
              108.9481646,
              34.2549642
            ],
            [
              108.9482508,
              34.2549643
            ],
            [
              108.9482507,
              34.2549955
            ],
            [
              108.9482695,
              34.2549956
            ],
            [
              108.9482696,
              34.2549652
            ],
            [
              108.9483439,
              34.2548681
            ],
            [
              108.9483748,
              34.2548682
            ],
            [
              108.9483744,
              34.2551084
            ],
            [
              108.9483348,
              34.2551083
            ],
            [
              108.9482693,
              34.2551082
            ],
            [
              108.9482694,
              34.2550849
            ],
            [
              108.9482505,
              34.2550848
            ],
            [
              108.9482505,
              34.2551082
            ],
            [
              108.9481643,
              34.2551081
            ]
          ],
          [
            [
              108.9482104,
              34.2550573
            ],
            [
              108.9482399,
              34.2550818
            ],
            [
              108.9482816,
              34.2550818
            ],
            [
              108.9483112,
              34.2550575
            ],
            [
              108.9483113,
              34.255023
            ],
            [
              108.9482818,
              34.2549985
            ],
            [
              108.94824,
              34.2549985
            ],
            [
              108.9482105,
              34.2550228
            ],
            [
              108.9482104,
              34.2550573
            ]
          ]
        ]
      },
      "id": "relation/17364919"
    },
    {
      "type": "Feature",
      "properties": {
        "@id": "relation/17364920",
        "leisure": "garden",
        "type": "multipolygon"
      },
      "geometry": {
        "type": "Polygon",
        "coordinates": [
          [
            [
              108.9480143,
              34.2551342
            ],
            [
              108.9481005,
              34.2551343
            ],
            [
              108.9481002,
              34.2553252
            ],
            [
              108.9478901,
              34.2553249
            ],
            [
              108.9478905,
              34.255134
            ],
            [
              108.9479955,
              34.2551342
            ],
            [
              108.9479953,
              34.2552225
            ],
            [
              108.9480142,
              34.2552225
            ],
            [
              108.9480143,
              34.2551342
            ]
          ],
          [
            [
              108.9480542,
              34.2552878
            ],
            [
              108.9480543,
              34.2552533
            ],
            [
              108.9480248,
              34.2552289
            ],
            [
              108.9479831,
              34.2552288
            ],
            [
              108.9479535,
              34.2552532
            ],
            [
              108.9479534,
              34.2552877
            ],
            [
              108.9479829,
              34.2553121
            ],
            [
              108.9480247,
              34.2553122
            ],
            [
              108.9480542,
              34.2552878
            ]
          ]
        ]
      },
      "id": "relation/17364920"
    },
    {
      "type": "Feature",
      "properties": {
        "@id": "way/28484445",
        "leisure": "garden"
      },
      "geometry": {
        "type": "Polygon",
        "coordinates": [
          [
            [
              108.9422286,
              34.2614008
            ],
            [
              108.9421163,
              34.2613681
            ],
            [
              108.9420169,
              34.2613141
            ],
            [
              108.9419359,
              34.261242
            ],
            [
              108.9418782,
              34.261156
            ],
            [
              108.941847,
              34.2610611
            ],
            [
              108.9418443,
              34.2609628
            ],
            [
              108.9418701,
              34.2608668
            ],
            [
              108.9419229,
              34.2607786
            ],
            [
              108.9419997,
              34.2607035
            ],
            [
              108.9420961,
              34.2606458
            ],
            [
              108.9422063,
              34.2606088
            ],
            [
              108.9423241,
              34.2605947
            ],
            [
              108.9424425,
              34.2606043
            ],
            [
              108.9425547,
              34.260637
            ],
            [
              108.9426542,
              34.260691
            ],
            [
              108.9427351,
              34.2607631
            ],
            [
              108.9427929,
              34.2608491
            ],
            [
              108.942824,
              34.260944
            ],
            [
              108.9428268,
              34.2610423
            ],
            [
              108.942801,
              34.2611383
            ],
            [
              108.9427482,
              34.2612264
            ],
            [
              108.9426713,
              34.2613015
            ],
            [
              108.942575,
              34.2613593
            ],
            [
              108.9424648,
              34.2613963
            ],
            [
              108.942347,
              34.2614104
            ],
            [
              108.9422286,
              34.2614008
            ]
          ]
        ]
      },
      "id": "way/28484445"
    },
    {
      "type": "Feature",
      "properties": {
        "@id": "way/152429838",
        "access": "yes",
        "alt_name": "大明宫;大明宫遗址;西安市大明宫旅游景区",
        "heritage": "1",
        "heritage:operator": "whc;ncha",
        "heritage:operator:wikidata": "Q7603002",
        "heritage:operator:wikipedia": "zh:国家文物局",
        "heritage:since": "1961",
        "historic": "heritage",
        "historic:civilization": "imperial_chinese",
        "historic:period": "tang",
        "leisure": "park",
        "name": "大明宫国家遗址公园",
        "name:en": "Daming Palace National Heritage Park",
        "name:ru": "Парк национального наследия дворца Дамин",
        "name:zh": "大明宫国家遗址公园",
        "ncha:inscription_date": "1961-03-04",
        "ncha:name": "大明宫遗址",
        "ncha:type": "古遗址",
        "protection_title": "世界遗产;全国重点文物保护单位;国家考古遗址公园",
        "ref:heritage:CN": "1-0156-1-021",
        "ref:whc": "1442-003",
        "tourism": "attraction",
        "tourism:level:CN": "AAAAA",
        "website": "http://dmgpark.com/",
        "whc:name": "唐长安城大明宫遗址",
        "wikidata": "Q1158530",
        "wikimedia_commons": "Category:Daming Palace",
        "wikipedia": "en:Daming Palace"
      },
      "geometry": {
        "type": "Polygon",
        "coordinates": [
          [
            [
              108.9517867,
              34.2825443
            ],
            [
              108.9664744,
              34.282524
            ],
            [
              108.9664462,
              34.2844389
            ],
            [
              108.9650244,
              34.2844427
            ],
            [
              108.9650017,
              34.284165
            ],
            [
              108.9645611,
              34.2841762
            ],
            [
              108.9645702,
              34.2845778
            ],
            [
              108.9648587,
              34.2845684
            ],
            [
              108.9648225,
              34.2857737
            ],
            [
              108.9648064,
              34.2864055
            ],
            [
              108.966378,
              34.2864693
            ],
            [
              108.9664552,
              34.289557
            ],
            [
              108.9664794,
              34.2926599
            ],
            [
              108.9650028,
              34.2927159
            ],
            [
              108.965008,
              34.2941557
            ],
            [
              108.9659524,
              34.2941858
            ],
            [
              108.9660098,
              34.2933927
            ],
            [
              108.9661924,
              34.2933496
            ],
            [
              108.9662655,
              34.2932461
            ],
            [
              108.9662446,
              34.2928107
            ],
            [
              108.9664742,
              34.2928021
            ],
            [
              108.9664971,
              34.3017764
            ],
            [
              108.9654742,
              34.3018018
            ],
            [
              108.9651106,
              34.303502
            ],
            [
              108.9650367,
              34.3056603
            ],
            [
              108.9509302,
              34.3051285
            ],
            [
              108.9511153,
              34.2996028
            ],
            [
              108.9511266,
              34.2972859
            ],
            [
              108.951282,
              34.2944597
            ],
            [
              108.9512894,
              34.2942462
            ],
            [
              108.9520264,
              34.2942291
            ],
            [
              108.9520058,
              34.2936302
            ],
            [
              108.9530148,
              34.2936134
            ],
            [
              108.952998,
              34.292879
            ],
            [
              108.9536321,
              34.292868
            ],
            [
              108.9536497,
              34.2933999
            ],
            [
              108.9543998,
              34.2933861
            ],
            [
              108.9544351,
              34.2922553
            ],
            [
              108.9520258,
              34.2921452
            ],
            [
              108.952136,
              34.291741
            ],
            [
              108.9522421,
              34.289393
            ],
            [
              108.9523904,
              34.2870208
            ],
            [
              108.9519334,
              34.2862222
            ],
            [
              108.9517788,
              34.283544
            ],
            [
              108.9517867,
              34.2825443
            ]
          ]
        ]
      },
      "id": "way/152429838"
    },
    {
      "type": "Feature",
      "properties": {
        "@id": "way/245153369",
        "leisure": "park",
        "name": "环城西苑"
      },
      "geometry": {
        "type": "Polygon",
        "coordinates": [
          [
            [
              108.9194473,
              34.2709471
            ],
            [
              108.9194198,
              34.2707082
            ],
            [
              108.9194979,
              34.2706651
            ],
            [
              108.9194949,
              34.2704452
            ],
            [
              108.9194945,
              34.2704109
            ],
            [
              108.9194928,
              34.2702868
            ],
            [
              108.9194905,
              34.2701228
            ],
            [
              108.9194895,
              34.270043
            ],
            [
              108.9194797,
              34.2693251
            ],
            [
              108.9194707,
              34.2683914
            ],
            [
              108.9180949,
              34.2684006
            ],
            [
              108.9181564,
              34.2644102
            ],
            [
              108.9184017,
              34.2632459
            ],
            [
              108.9187482,
              34.2614242
            ],
            [
              108.9189093,
              34.2614196
            ],
            [
              108.9190869,
              34.261471
            ],
            [
              108.9190823,
              34.261587
            ],
            [
              108.919135,
              34.2619106
            ],
            [
              108.9193686,
              34.2620706
            ],
            [
              108.9195227,
              34.2621456
            ],
            [
              108.9196969,
              34.2622284
            ],
            [
              108.9197852,
              34.2622702
            ],
            [
              108.9198148,
              34.2623417
            ],
            [
              108.9198161,
              34.2624583
            ],
            [
              108.9198111,
              34.2630954
            ],
            [
              108.9196657,
              34.2678081
            ],
            [
              108.919697,
              34.2709248
            ],
            [
              108.9194473,
              34.2709471
            ]
          ]
        ]
      },
      "id": "way/245153369"
    },
    {
      "type": "Feature",
      "properties": {
        "@id": "way/245153371",
        "leisure": "park",
        "name": "莲湖公园",
        "name:en": "Lianhu Park"
      },
      "geometry": {
        "type": "Polygon",
        "coordinates": [
          [
            [
              108.9368143,
              34.2711792
            ],
            [
              108.9334887,
              34.2711588
            ],
            [
              108.9335016,
              34.2703675
            ],
            [
              108.9334136,
              34.2703158
            ],
            [
              108.93335,
              34.2702486
            ],
            [
              108.9332233,
              34.2702286
            ],
            [
              108.933228,
              34.2701488
            ],
            [
              108.9333285,
              34.2701111
            ],
            [
              108.9334237,
              34.2700515
            ],
            [
              108.9335723,
              34.2700066
            ],
            [
              108.9335865,
              34.2698605
            ],
            [
              108.9336673,
              34.2698507
            ],
            [
              108.9336712,
              34.2697286
            ],
            [
              108.9344262,
              34.269738
            ],
            [
              108.9344434,
              34.2696633
            ],
            [
              108.9357023,
              34.2696168
            ],
            [
              108.9358029,
              34.2695692
            ],
            [
              108.936047,
              34.269562
            ],
            [
              108.9362172,
              34.2696254
            ],
            [
              108.9366114,
              34.2697089
            ],
            [
              108.9366934,
              34.2697501
            ],
            [
              108.9367907,
              34.2699762
            ],
            [
              108.9377632,
              34.2699869
            ],
            [
              108.9376367,
              34.2708703
            ],
            [
              108.9375168,
              34.2708903
            ],
            [
              108.9375047,
              34.2710088
            ],
            [
              108.9374232,
              34.271198
            ],
            [
              108.9368143,
              34.2711792
            ]
          ]
        ]
      },
      "id": "way/245153371"
    },
    {
      "type": "Feature",
      "properties": {
        "@id": "way/245153373",
        "leisure": "park",
        "name": "西安儿童公园"
      },
      "geometry": {
        "type": "Polygon",
        "coordinates": [
          [
            [
              108.9240921,
              34.2625416
            ],
            [
              108.925788,
              34.2625648
            ],
            [
              108.9257843,
              34.2639084
            ],
            [
              108.9257615,
              34.2639086
            ],
            [
              108.9251089,
              34.2639117
            ],
            [
              108.9251042,
              34.2640139
            ],
            [
              108.9251019,
              34.2640612
            ],
            [
              108.9249989,
              34.2640579
            ],
            [
              108.9249965,
              34.2641689
            ],
            [
              108.9248012,
              34.2641701
            ],
            [
              108.9247397,
              34.2640302
            ],
            [
              108.9243579,
              34.2639403
            ],
            [
              108.9243243,
              34.2637632
            ],
            [
              108.9241001,
              34.2637721
            ],
            [
              108.9240997,
              34.2636901
            ],
            [
              108.9240928,
              34.2626435
            ],
            [
              108.9240921,
              34.2625416
            ]
          ]
        ]
      },
      "id": "way/245153373"
    },
    {
      "type": "Feature",
      "properties": {
        "@id": "way/245153374",
        "leisure": "park",
        "name": "无极公园"
      },
      "geometry": {
        "type": "Polygon",
        "coordinates": [
          [
            [
              108.9213042,
              34.2547128
            ],
            [
              108.9213022,
              34.2541459
            ],
            [
              108.9213143,
              34.2540789
            ],
            [
              108.9213371,
              34.2540456
            ],
            [
              108.9216561,
              34.2538108
            ],
            [
              108.9229813,
              34.2538087
            ],
            [
              108.9229765,
              34.254712
            ],
            [
              108.9213042,
              34.2547128
            ]
          ]
        ]
      },
      "id": "way/245153374"
    },
    {
      "type": "Feature",
      "properties": {
        "@id": "way/245283771",
        "leisure": "park",
        "name": "明秦王府城墙遗址",
        "name:zh": "明秦王府城墙遗址",
        "wikidata": "Q109365394",
        "wikipedia": "zh:秦王府"
      },
      "geometry": {
        "type": "Polygon",
        "coordinates": [
          [
            [
              108.9491437,
              34.2648661
            ],
            [
              108.9491463,
              34.2649897
            ],
            [
              108.9487081,
              34.2649957
            ],
            [
              108.9483765,
              34.2651524
            ],
            [
              108.9483669,
              34.264877
            ],
            [
              108.9491437,
              34.2648661
            ]
          ]
        ]
      },
      "id": "way/245283771"
    },
    {
      "type": "Feature",
      "properties": {
        "@id": "way/245283775",
        "addr:city": "西安",
        "addr:district": "新城区",
        "addr:housenumber": "53",
        "addr:postcode": "710000",
        "addr:province": "陕西",
        "addr:street": "西五路",
        "heritage": "yes",
        "leisure": "park",
        "name": "革命公园",
        "name:en": "Revolution Park",
        "name:ko": "혁명공원",
        "name:zh": "革命公园",
        "name:zh-Latn-pinyin": "gémìng gōngyuán",
        "opening_hours": "24/7",
        "start_date": "1927",
        "wikipedia": "zh:革命公园"
      },
      "geometry": {
        "type": "Polygon",
        "coordinates": [
          [
            [
              108.9515364,
              34.2732721
            ],
            [
              108.9515364,
              34.2730695
            ],
            [
              108.9516867,
              34.2730238
            ],
            [
              108.9516828,
              34.2724607
            ],
            [
              108.9526673,
              34.2724617
            ],
            [
              108.9526673,
              34.2721284
            ],
            [
              108.9529758,
              34.272135
            ],
            [
              108.9529679,
              34.2718801
            ],
            [
              108.9527148,
              34.2718866
            ],
            [
              108.9527148,
              34.2716971
            ],
            [
              108.9554432,
              34.2717102
            ],
            [
              108.9554195,
              34.2718866
            ],
            [
              108.955554,
              34.2718801
            ],
            [
              108.955554,
              34.2740302
            ],
            [
              108.9547394,
              34.2740368
            ],
            [
              108.954597,
              34.2742459
            ],
            [
              108.9536005,
              34.2742655
            ],
            [
              108.9536005,
              34.2744942
            ],
            [
              108.9527148,
              34.2745008
            ],
            [
              108.952699,
              34.2741675
            ],
            [
              108.9522482,
              34.2741609
            ],
            [
              108.9520821,
              34.2744223
            ],
            [
              108.9519081,
              34.2744158
            ],
            [
              108.9517657,
              34.2739126
            ],
            [
              108.9517816,
              34.2732787
            ],
            [
              108.9515364,
              34.2732721
            ]
          ]
        ]
      },
      "id": "way/245283775"
    },
    {
      "type": "Feature",
      "properties": {
        "@id": "way/246573697",
        "leisure": "park",
        "name": "环城公园",
        "name:en": "Huangcheng Park"
      },
      "geometry": {
        "type": "Polygon",
        "coordinates": [
          [
            [
              108.9192432,
              34.2605653
            ],
            [
              108.9191048,
              34.2605384
            ],
            [
              108.9190004,
              34.2604608
            ],
            [
              108.9190109,
              34.2602538
            ],
            [
              108.9190735,
              34.259814
            ],
            [
              108.9190839,
              34.2585461
            ],
            [
              108.9189691,
              34.2581407
            ],
            [
              108.9190109,
              34.2567435
            ],
            [
              108.9189796,
              34.2549494
            ],
            [
              108.9190109,
              34.2529311
            ],
            [
              108.919063,
              34.2527327
            ],
            [
              108.9191361,
              34.252655
            ],
            [
              108.9193248,
              34.2526339
            ],
            [
              108.9202002,
              34.2526224
            ],
            [
              108.9212455,
              34.2526379
            ],
            [
              108.9217654,
              34.252603
            ],
            [
              108.9245046,
              34.2526166
            ],
            [
              108.924941,
              34.2526459
            ],
            [
              108.9268274,
              34.2526415
            ],
            [
              108.9269022,
              34.2527097
            ],
            [
              108.926915,
              34.2533216
            ],
            [
              108.9268892,
              34.2533217
            ],
            [
              108.926449,
              34.2533226
            ],
            [
              108.9264486,
              34.2532147
            ],
            [
              108.9262108,
              34.2532152
            ],
            [
              108.9262111,
              34.253306
            ],
            [
              108.9251461,
              34.2533079
            ],
            [
              108.9251459,
              34.2532093
            ],
            [
              108.9248943,
              34.2532096
            ],
            [
              108.9248945,
              34.2533117
            ],
            [
              108.9236547,
              34.2533131
            ],
            [
              108.9236545,
              34.2532081
            ],
            [
              108.9234523,
              34.2532082
            ],
            [
              108.9234524,
              34.2533042
            ],
            [
              108.9222508,
              34.2533049
            ],
            [
              108.9222507,
              34.253218
            ],
            [
              108.9220244,
              34.2532181
            ],
            [
              108.9220244,
              34.2533115
            ],
            [
              108.9207973,
              34.2533251
            ],
            [
              108.9207912,
              34.2532908
            ],
            [
              108.9207731,
              34.2532464
            ],
            [
              108.9207302,
              34.2532132
            ],
            [
              108.9206786,
              34.253206
            ],
            [
              108.9206209,
              34.2532187
            ],
            [
              108.9205793,
              34.2532492
            ],
            [
              108.9205686,
              34.2532919
            ],
            [
              108.9205733,
              34.2533268
            ],
            [
              108.9205981,
              34.2533584
            ],
            [
              108.9206383,
              34.2533817
            ],
            [
              108.9206839,
              34.25339
            ],
            [
              108.9207087,
              34.25339
            ],
            [
              108.9207155,
              34.2543041
            ],
            [
              108.9205575,
              34.2543036
            ],
            [
              108.9205564,
              34.2545351
            ],
            [
              108.9207018,
              34.2545356
            ],
            [
              108.9206977,
              34.2553686
            ],
            [
              108.9205438,
              34.2553681
            ],
            [
              108.9205427,
              34.2555855
            ],
            [
              108.9206842,
              34.255586
            ],
            [
              108.9206794,
              34.2564913
            ],
            [
              108.9205292,
              34.2564907
            ],
            [
              108.920528,
              34.2567044
            ],
            [
              108.9206806,
              34.256705
            ],
            [
              108.9206757,
              34.2575576
            ],
            [
              108.9205359,
              34.257557
            ],
            [
              108.9205346,
              34.2577783
            ],
            [
              108.9207023,
              34.257779
            ],
            [
              108.9206968,
              34.2586949
            ],
            [
              108.9205427,
              34.2586943
            ],
            [
              108.9205415,
              34.2588979
            ],
            [
              108.9207019,
              34.2588986
            ],
            [
              108.9206965,
              34.2598015
            ],
            [
              108.9205311,
              34.2598008
            ],
            [
              108.92053,
              34.2599835
            ],
            [
              108.9206826,
              34.2599841
            ],
            [
              108.9206814,
              34.2601981
            ],
            [
              108.9200981,
              34.260207
            ],
            [
              108.9197672,
              34.2602708
            ],
            [
              108.9196458,
              34.2603164
            ],
            [
              108.9194473,
              34.2605626
            ],
            [
              108.9192432,
              34.2605653
            ]
          ]
        ]
      },
      "id": "way/246573697"
    },
    {
      "type": "Feature",
      "properties": {
        "@id": "way/252867154",
        "leisure": "park",
        "name": "兴庆宫公园",
        "name:en": "Xingqinggong Park",
        "name:zh": "兴庆宫公园"
      },
      "geometry": {
        "type": "Polygon",
        "coordinates": [
          [
            [
              108.9830864,
              34.2588952
            ],
            [
              108.9827305,
              34.2589125
            ],
            [
              108.9824621,
              34.2589262
            ],
            [
              108.9823252,
              34.2589274
            ],
            [
              108.9822308,
              34.2588885
            ],
            [
              108.9820025,
              34.2587128
            ],
            [
              108.9817414,
              34.2587368
            ],
            [
              108.9817347,
              34.2588972
            ],
            [
              108.9814388,
              34.2588908
            ],
            [
              108.9808908,
              34.2588337
            ],
            [
              108.9808809,
              34.2589163
            ],
            [
              108.9806934,
              34.2589159
            ],
            [
              108.9802603,
              34.2588261
            ],
            [
              108.9802204,
              34.2589288
            ],
            [
              108.9799285,
              34.2588962
            ],
            [
              108.9799859,
              34.2587325
            ],
            [
              108.9795614,
              34.2586555
            ],
            [
              108.9792429,
              34.2587249
            ],
            [
              108.9790545,
              34.258684
            ],
            [
              108.9789844,
              34.2588068
            ],
            [
              108.9789791,
              34.2588971
            ],
            [
              108.9778931,
              34.2589202
            ],
            [
              108.9773014,
              34.2587496
            ],
            [
              108.9767458,
              34.2584293
            ],
            [
              108.9764546,
              34.2581715
            ],
            [
              108.9757362,
              34.2575307
            ],
            [
              108.975674,
              34.257344
            ],
            [
              108.9762156,
              34.2571665
            ],
            [
              108.9757152,
              34.2562643
            ],
            [
              108.9755667,
              34.2563151
            ],
            [
              108.9753184,
              34.25586
            ],
            [
              108.9749613,
              34.2558627
            ],
            [
              108.9749551,
              34.2557549
            ],
            [
              108.97475,
              34.2557522
            ],
            [
              108.9747501,
              34.2553956
            ],
            [
              108.9747594,
              34.2546645
            ],
            [
              108.9747644,
              34.2542735
            ],
            [
              108.974767,
              34.253364
            ],
            [
              108.9747675,
              34.2531829
            ],
            [
              108.9748498,
              34.2531847
            ],
            [
              108.9748428,
              34.2528621
            ],
            [
              108.9752441,
              34.2528579
            ],
            [
              108.9752523,
              34.2527675
            ],
            [
              108.97533,
              34.2527666
            ],
            [
              108.9782185,
              34.2527738
            ],
            [
              108.9789514,
              34.2527755
            ],
            [
              108.979634,
              34.2527755
            ],
            [
              108.9806467,
              34.2527506
            ],
            [
              108.981044,
              34.2529608
            ],
            [
              108.9812224,
              34.2530506
            ],
            [
              108.9812924,
              34.2530611
            ],
            [
              108.9827893,
              34.253063
            ],
            [
              108.9828239,
              34.2530934
            ],
            [
              108.9828302,
              34.2533671
            ],
            [
              108.9830975,
              34.2533529
            ],
            [
              108.9830864,
              34.2588952
            ]
          ]
        ]
      },
      "id": "way/252867154"
    },
    {
      "type": "Feature",
      "properties": {
        "@id": "way/254488431",
        "amenity": "place_of_worship",
        "leisure": "park",
        "name": "荐福寺",
        "name:cs": "Malá pagoda divoké husy",
        "name:en": "Small Wild Goose Pagoda",
        "name:fr": "Petite pagode de l'oie sauvage",
        "name:zh": "荐福寺",
        "religion": "buddhist",
        "type": "multipolygon",
        "@relations": [
          {
            "role": "outer",
            "rel": 16767834,
            "reltags": {
              "leisure": "park",
              "name": "小雁塔·西安博物院",
              "name:en": "Small Wild Goose Pagoda & Xi'an Museum",
              "name:fr": "Petite pagode de l'oie sauvage",
              "name:zh": "小雁塔·西安博物院",
              "type": "multipolygon"
            }
          }
        ]
      },
      "geometry": {
        "type": "Polygon",
        "coordinates": [
          [
            [
              108.9368964,
              34.2424111
            ],
            [
              108.9368932,
              34.2421451
            ],
            [
              108.9368762,
              34.2408169
            ],
            [
              108.9368895,
              34.2393739
            ],
            [
              108.9371558,
              34.2393754
            ],
            [
              108.9371669,
              34.2383814
            ],
            [
              108.9383382,
              34.2383664
            ],
            [
              108.9388351,
              34.2383641
            ],
            [
              108.9388364,
              34.2392621
            ],
            [
              108.9389159,
              34.2393294
            ],
            [
              108.9389159,
              34.2409653
            ],
            [
              108.9389523,
              34.2418679
            ],
            [
              108.9389441,
              34.2423154
            ],
            [
              108.9379858,
              34.242312
            ],
            [
              108.937973,
              34.2424069
            ],
            [
              108.9368964,
              34.2424111
            ]
          ]
        ]
      },
      "id": "way/254488431"
    },
    {
      "type": "Feature",
      "properties": {
        "@id": "way/256711574",
        "addr:city": "西安市",
        "addr:district": "碑林区",
        "addr:housenumber": "15",
        "addr:province": "陕西省",
        "addr:street": "三学街",
        "alt_name": "Stelenwald;Xi'an Beilin Museum",
        "fee": "yes",
        "leisure": "park",
        "museum": "history",
        "name": "西安碑林博物馆",
        "name:de": "Stelenwald von Xi’an",
        "name:en": "Xi'an Stele Forest Museum",
        "name:zh": "西安碑林博物馆",
        "opening_hours": "Mo-Su 09:00-17:00",
        "toilets": "yes",
        "tourism": "museum",
        "website": "https://www.beilin-museum.com/",
        "wikidata": "Q10519071",
        "wikipedia": "zh:西安碑林博物馆",
        "wikipedia:de": "de:Stelenwald von Xi’an",
        "wikipedia:en": "en:Stele Forest"
      },
      "geometry": {
        "type": "Polygon",
        "coordinates": [
          [
            [
              108.9470833,
              34.256272
            ],
            [
              108.9470834,
              34.256105
            ],
            [
              108.9472636,
              34.2561051
            ],
            [
              108.9472639,
              34.2555002
            ],
            [
              108.9476315,
              34.2555003
            ],
            [
              108.9476315,
              34.2554547
            ],
            [
              108.9477843,
              34.2554547
            ],
            [
              108.9477853,
              34.2537292
            ],
            [
              108.9485344,
              34.2537295
            ],
            [
              108.9485344,
              34.2538345
            ],
            [
              108.9485339,
              34.2546614
            ],
            [
              108.9484779,
              34.2546614
            ],
            [
              108.9484775,
              34.255448
            ],
            [
              108.9486921,
              34.2554481
            ],
            [
              108.9486921,
              34.2554381
            ],
            [
              108.9491522,
              34.2554383
            ],
            [
              108.9491519,
              34.2560985
            ],
            [
              108.9491516,
              34.2565728
            ],
            [
              108.9487201,
              34.2565727
            ],
            [
              108.9487201,
              34.2566185
            ],
            [
              108.9476286,
              34.2566181
            ],
            [
              108.9476288,
              34.2563074
            ],
            [
              108.9474984,
              34.2563074
            ],
            [
              108.9474985,
              34.2562722
            ],
            [
              108.9470833,
              34.256272
            ]
          ]
        ]
      },
      "id": "way/256711574"
    },
    {
      "type": "Feature",
      "properties": {
        "@id": "way/263634514",
        "landuse": "meadow",
        "name": "南草坪"
      },
      "geometry": {
        "type": "Polygon",
        "coordinates": [
          [
            [
              108.9769685,
              34.2441685
            ],
            [
              108.9769803,
              34.2434566
            ],
            [
              108.9772071,
              34.2434546
            ],
            [
              108.977441,
              34.2434526
            ],
            [
              108.9780821,
              34.2434471
            ],
            [
              108.9783292,
              34.243445
            ],
            [
              108.978475,
              34.2434437
            ],
            [
              108.9784607,
              34.2435164
            ],
            [
              108.9784519,
              34.243847
            ],
            [
              108.978449,
              34.2439536
            ],
            [
              108.9784568,
              34.2441426
            ],
            [
              108.97818,
              34.2441478
            ],
            [
              108.9781165,
              34.2441485
            ],
            [
              108.9774199,
              34.2441606
            ],
            [
              108.9773683,
              34.2441615
            ],
            [
              108.9773318,
              34.2441622
            ],
            [
              108.9771539,
              34.2441653
            ],
            [
              108.9769685,
              34.2441685
            ]
          ]
        ]
      },
      "id": "way/263634514"
    },
    {
      "type": "Feature",
      "properties": {
        "@id": "way/263634515",
        "leisure": "park",
        "name": "西花园"
      },
      "geometry": {
        "type": "Polygon",
        "coordinates": [
          [
            [
              108.9772932,
              34.250847
            ],
            [
              108.9772911,
              34.2504964
            ],
            [
              108.9772951,
              34.2500667
            ],
            [
              108.9773048,
              34.24941
            ],
            [
              108.9773766,
              34.2494089
            ],
            [
              108.9776839,
              34.2494035
            ],
            [
              108.9782326,
              34.2494004
            ],
            [
              108.97823,
              34.2496177
            ],
            [
              108.9782277,
              34.2499263
            ],
            [
              108.9782273,
              34.2499791
            ],
            [
              108.9782227,
              34.2501472
            ],
            [
              108.9782123,
              34.2505267
            ],
            [
              108.9782119,
              34.2508525
            ],
            [
              108.9780477,
              34.2508528
            ],
            [
              108.9772932,
              34.250847
            ]
          ]
        ]
      },
      "id": "way/263634515"
    },
    {
      "type": "Feature",
      "properties": {
        "@id": "way/263634517",
        "leisure": "park"
      },
      "geometry": {
        "type": "Polygon",
        "coordinates": [
          [
            [
              108.9791955,
              34.2508505
            ],
            [
              108.9792023,
              34.2502621
            ],
            [
              108.9792055,
              34.2499753
            ],
            [
              108.9792086,
              34.2496993
            ],
            [
              108.9792112,
              34.2494707
            ],
            [
              108.9793443,
              34.2494643
            ],
            [
              108.9793756,
              34.2494029
            ],
            [
              108.9797094,
              34.2493995
            ],
            [
              108.9797028,
              34.2495639
            ],
            [
              108.9797028,
              34.2499802
            ],
            [
              108.9797078,
              34.2501219
            ],
            [
              108.9797165,
              34.2503674
            ],
            [
              108.9797204,
              34.2508495
            ],
            [
              108.9795084,
              34.2508499
            ],
            [
              108.9791955,
              34.2508505
            ]
          ]
        ]
      },
      "id": "way/263634517"
    },
    {
      "type": "Feature",
      "properties": {
        "@id": "way/263634518",
        "leisure": "park"
      },
      "geometry": {
        "type": "Polygon",
        "coordinates": [
          [
            [
              108.9782119,
              34.2508525
            ],
            [
              108.9782123,
              34.2505267
            ],
            [
              108.9782227,
              34.2501472
            ],
            [
              108.9782273,
              34.2499791
            ],
            [
              108.9782277,
              34.2499263
            ],
            [
              108.97823,
              34.2496177
            ],
            [
              108.9782326,
              34.2494004
            ],
            [
              108.9785318,
              34.2494011
            ],
            [
              108.9785636,
              34.2494652
            ],
            [
              108.9787054,
              34.249471
            ],
            [
              108.978707,
              34.2497145
            ],
            [
              108.978707,
              34.2499776
            ],
            [
              108.9787133,
              34.2502565
            ],
            [
              108.9787053,
              34.2508515
            ],
            [
              108.9785037,
              34.2508519
            ],
            [
              108.9784691,
              34.250852
            ],
            [
              108.9782119,
              34.2508525
            ]
          ]
        ]
      },
      "id": "way/263634518"
    },
    {
      "type": "Feature",
      "properties": {
        "@id": "way/263807435",
        "natural": "wood"
      },
      "geometry": {
        "type": "Polygon",
        "coordinates": [
          [
            [
              108.9773766,
              34.2494089
            ],
            [
              108.9773786,
              34.2492487
            ],
            [
              108.9775842,
              34.2492455
            ],
            [
              108.9775902,
              34.2491416
            ],
            [
              108.9782306,
              34.2491404
            ],
            [
              108.9782326,
              34.2494004
            ],
            [
              108.9776839,
              34.2494035
            ],
            [
              108.9773766,
              34.2494089
            ]
          ]
        ]
      },
      "id": "way/263807435"
    },
    {
      "type": "Feature",
      "properties": {
        "@id": "way/264287689",
        "landuse": "meadow"
      },
      "geometry": {
        "type": "Polygon",
        "coordinates": [
          [
            [
              108.9781804,
              34.2447445
            ],
            [
              108.97818,
              34.2441478
            ],
            [
              108.9784568,
              34.2441426
            ],
            [
              108.9784505,
              34.2447422
            ],
            [
              108.9783468,
              34.2447434
            ],
            [
              108.9782315,
              34.2447447
            ],
            [
              108.9781804,
              34.2447445
            ]
          ]
        ]
      },
      "id": "way/264287689"
    },
    {
      "type": "Feature",
      "properties": {
        "@id": "way/264289067",
        "natural": "wood"
      },
      "geometry": {
        "type": "Polygon",
        "coordinates": [
          [
            [
              108.9772947,
              34.2511006
            ],
            [
              108.97729,
              34.2509031
            ],
            [
              108.9772932,
              34.250847
            ],
            [
              108.9784691,
              34.250852
            ],
            [
              108.9785037,
              34.2508519
            ],
            [
              108.9805985,
              34.2508477
            ],
            [
              108.9805986,
              34.2508914
            ],
            [
              108.9805988,
              34.2511084
            ],
            [
              108.9801813,
              34.2511118
            ],
            [
              108.9797217,
              34.2511156
            ],
            [
              108.9797191,
              34.2513968
            ],
            [
              108.9796933,
              34.2513967
            ],
            [
              108.9790408,
              34.2513954
            ],
            [
              108.9790378,
              34.2511491
            ],
            [
              108.9785037,
              34.2511483
            ],
            [
              108.978938,
              34.2511491
            ],
            [
              108.9789384,
              34.2514011
            ],
            [
              108.9782224,
              34.2514061
            ],
            [
              108.9782197,
              34.2510964
            ],
            [
              108.9777877,
              34.2510984
            ],
            [
              108.9772947,
              34.2511006
            ]
          ]
        ]
      },
      "id": "way/264289067"
    },
    {
      "type": "Feature",
      "properties": {
        "@id": "way/264545140",
        "leisure": "park"
      },
      "geometry": {
        "type": "Polygon",
        "coordinates": [
          [
            [
              108.9785357,
              34.2447471
            ],
            [
              108.9788185,
              34.2447453
            ],
            [
              108.9795948,
              34.244736
            ],
            [
              108.979717,
              34.2447391
            ],
            [
              108.9798043,
              34.2447391
            ],
            [
              108.9797985,
              34.2452835
            ],
            [
              108.9797963,
              34.2454865
            ],
            [
              108.9793393,
              34.2453227
            ],
            [
              108.97911,
              34.2452406
            ],
            [
              108.9790983,
              34.2452045
            ],
            [
              108.9790488,
              34.2451635
            ],
            [
              108.9789967,
              34.2451539
            ],
            [
              108.9789701,
              34.245149
            ],
            [
              108.9788855,
              34.2451563
            ],
            [
              108.9787952,
              34.2452286
            ],
            [
              108.9785299,
              34.2450454
            ],
            [
              108.9785307,
              34.2450039
            ],
            [
              108.9785357,
              34.2447471
            ]
          ]
        ]
      },
      "id": "way/264545140"
    },
    {
      "type": "Feature",
      "properties": {
        "@id": "way/264545141",
        "leisure": "park"
      },
      "geometry": {
        "type": "Polygon",
        "coordinates": [
          [
            [
              108.9788389,
              34.2453804
            ],
            [
              108.9788418,
              34.2452864
            ],
            [
              108.9790882,
              34.2452853
            ],
            [
              108.9790838,
              34.2453804
            ],
            [
              108.9788389,
              34.2453804
            ]
          ]
        ]
      },
      "id": "way/264545141"
    },
    {
      "type": "Feature",
      "properties": {
        "@id": "way/264545142",
        "leisure": "park"
      },
      "geometry": {
        "type": "Polygon",
        "coordinates": [
          [
            [
              108.9783078,
              34.2453804
            ],
            [
              108.9783132,
              34.2450766
            ],
            [
              108.9784151,
              34.2450788
            ],
            [
              108.9787316,
              34.2452717
            ],
            [
              108.9787289,
              34.2453781
            ],
            [
              108.9783078,
              34.2453804
            ]
          ]
        ]
      },
      "id": "way/264545142"
    },
    {
      "type": "Feature",
      "properties": {
        "@id": "way/264545143",
        "leisure": "park"
      },
      "geometry": {
        "type": "Polygon",
        "coordinates": [
          [
            [
              108.9783854,
              34.2457307
            ],
            [
              108.9782971,
              34.2457329
            ],
            [
              108.9782998,
              34.2454402
            ],
            [
              108.9787343,
              34.2454447
            ],
            [
              108.9787343,
              34.2454681
            ],
            [
              108.978645,
              34.245469
            ],
            [
              108.9786396,
              34.2455798
            ],
            [
              108.9783875,
              34.2455798
            ],
            [
              108.9783854,
              34.2457307
            ]
          ]
        ]
      },
      "id": "way/264545143"
    },
    {
      "type": "Feature",
      "properties": {
        "@id": "way/264545361",
        "natural": "wood"
      },
      "geometry": {
        "type": "Polygon",
        "coordinates": [
          [
            [
              108.9782137,
              34.2472074
            ],
            [
              108.9782121,
              34.2469649
            ],
            [
              108.9797378,
              34.2469585
            ],
            [
              108.9797343,
              34.2472031
            ],
            [
              108.9790937,
              34.2472049
            ],
            [
              108.9788311,
              34.2472057
            ],
            [
              108.9782137,
              34.2472074
            ]
          ]
        ]
      },
      "id": "way/264545361"
    },
    {
      "type": "Feature",
      "properties": {
        "@id": "way/264547072",
        "natural": "wood"
      },
      "geometry": {
        "type": "Polygon",
        "coordinates": [
          [
            [
              108.9772907,
              34.2521219
            ],
            [
              108.977292,
              34.2519566
            ],
            [
              108.9772912,
              34.2518683
            ],
            [
              108.977758,
              34.2518737
            ],
            [
              108.9782272,
              34.2518713
            ],
            [
              108.9782369,
              34.2521226
            ],
            [
              108.977758,
              34.2521222
            ],
            [
              108.9772907,
              34.2521219
            ]
          ]
        ]
      },
      "id": "way/264547072"
    },
    {
      "type": "Feature",
      "properties": {
        "@id": "way/264547073",
        "leisure": "park"
      },
      "geometry": {
        "type": "Polygon",
        "coordinates": [
          [
            [
              108.9782369,
              34.2521226
            ],
            [
              108.9782272,
              34.2518713
            ],
            [
              108.9782224,
              34.2514061
            ],
            [
              108.9797191,
              34.2513968
            ],
            [
              108.9797126,
              34.2518069
            ],
            [
              108.979712,
              34.2518435
            ],
            [
              108.9797119,
              34.2518507
            ],
            [
              108.9797062,
              34.2521236
            ],
            [
              108.9796739,
              34.2521236
            ],
            [
              108.9789596,
              34.2521225
            ],
            [
              108.9788046,
              34.252123
            ],
            [
              108.9782369,
              34.2521226
            ]
          ]
        ]
      },
      "id": "way/264547073"
    },
    {
      "type": "Feature",
      "properties": {
        "@id": "way/264547077",
        "natural": "wood"
      },
      "geometry": {
        "type": "Polygon",
        "coordinates": [
          [
            [
              108.9774593,
              34.2516965
            ],
            [
              108.9774553,
              34.2512947
            ],
            [
              108.9780129,
              34.2512973
            ],
            [
              108.9780129,
              34.2516972
            ],
            [
              108.9774593,
              34.2516965
            ]
          ]
        ]
      },
      "id": "way/264547077"
    },
    {
      "type": "Feature",
      "properties": {
        "@id": "way/264558405",
        "natural": "wood"
      },
      "geometry": {
        "type": "Polygon",
        "coordinates": [
          [
            [
              108.9760469,
              34.2500778
            ],
            [
              108.9760518,
              34.2494283
            ],
            [
              108.9772503,
              34.2494273
            ],
            [
              108.9772455,
              34.2500492
            ],
            [
              108.9760469,
              34.2500778
            ]
          ]
        ]
      },
      "id": "way/264558405"
    },
    {
      "type": "Feature",
      "properties": {
        "@id": "way/264558406",
        "natural": "wood"
      },
      "geometry": {
        "type": "Polygon",
        "coordinates": [
          [
            [
              108.9782204,
              34.2482037
            ],
            [
              108.9782168,
              34.2478258
            ],
            [
              108.9782165,
              34.2477942
            ],
            [
              108.978216,
              34.2477396
            ],
            [
              108.9787436,
              34.2477382
            ],
            [
              108.9787451,
              34.2478555
            ],
            [
              108.9785904,
              34.2478589
            ],
            [
              108.9782204,
              34.2482037
            ]
          ]
        ]
      },
      "id": "way/264558406"
    },
    {
      "type": "Feature",
      "properties": {
        "@id": "way/264558407",
        "natural": "wood"
      },
      "geometry": {
        "type": "Polygon",
        "coordinates": [
          [
            [
              108.9796616,
              34.2482309
            ],
            [
              108.9796599,
              34.2482851
            ],
            [
              108.9795045,
              34.2482823
            ],
            [
              108.9794709,
              34.2482452
            ],
            [
              108.9794709,
              34.2480009
            ],
            [
              108.9792881,
              34.2478611
            ],
            [
              108.9791772,
              34.2478573
            ],
            [
              108.9791783,
              34.2477394
            ],
            [
              108.9792771,
              34.2477387
            ],
            [
              108.9793324,
              34.247772
            ],
            [
              108.9795454,
              34.247939
            ],
            [
              108.9795474,
              34.2482315
            ],
            [
              108.9796616,
              34.2482309
            ]
          ]
        ]
      },
      "id": "way/264558407"
    },
    {
      "type": "Feature",
      "properties": {
        "@id": "way/264582418",
        "landuse": "grass"
      },
      "geometry": {
        "type": "Polygon",
        "coordinates": [
          [
            [
              108.9785705,
              34.2435538
            ],
            [
              108.9785868,
              34.2434798
            ],
            [
              108.9786153,
              34.2434137
            ],
            [
              108.9786471,
              34.2433667
            ],
            [
              108.978691,
              34.2433304
            ],
            [
              108.9787741,
              34.2432873
            ],
            [
              108.9788468,
              34.2432638
            ],
            [
              108.9788783,
              34.2432536
            ],
            [
              108.9789955,
              34.2432509
            ],
            [
              108.9790395,
              34.2432563
            ],
            [
              108.9790732,
              34.2432658
            ],
            [
              108.9791307,
              34.2432819
            ],
            [
              108.9791828,
              34.2433102
            ],
            [
              108.979274,
              34.2433788
            ],
            [
              108.9793114,
              34.2434313
            ],
            [
              108.9793375,
              34.2434946
            ],
            [
              108.979344,
              34.2435471
            ],
            [
              108.9792153,
              34.2435444
            ],
            [
              108.9792121,
              34.2435067
            ],
            [
              108.979173,
              34.2434381
            ],
            [
              108.9791111,
              34.2433883
            ],
            [
              108.9790313,
              34.2433559
            ],
            [
              108.9790148,
              34.243354
            ],
            [
              108.9789727,
              34.2433492
            ],
            [
              108.9789402,
              34.2433519
            ],
            [
              108.9789055,
              34.2433615
            ],
            [
              108.9788699,
              34.2433713
            ],
            [
              108.9788017,
              34.2433963
            ],
            [
              108.9787334,
              34.243465
            ],
            [
              108.9787008,
              34.2435525
            ],
            [
              108.9785705,
              34.2435538
            ]
          ]
        ]
      },
      "id": "way/264582418"
    },
    {
      "type": "Feature",
      "properties": {
        "@id": "way/264595819",
        "landuse": "meadow"
      },
      "geometry": {
        "type": "Polygon",
        "coordinates": [
          [
            [
              108.9782326,
              34.2494004
            ],
            [
              108.9782054,
              34.2484501
            ],
            [
              108.9782088,
              34.2483348
            ],
            [
              108.9783675,
              34.2481734
            ],
            [
              108.9785813,
              34.2483615
            ],
            [
              108.9783818,
              34.2483577
            ],
            [
              108.9786044,
              34.2485725
            ],
            [
              108.9788999,
              34.248574
            ],
            [
              108.9789018,
              34.248741
            ],
            [
              108.9787484,
              34.2487426
            ],
            [
              108.9787446,
              34.248865
            ],
            [
              108.9789013,
              34.2488656
            ],
            [
              108.9788999,
              34.2490688
            ],
            [
              108.9784705,
              34.2490646
            ],
            [
              108.9784705,
              34.2489023
            ],
            [
              108.9784687,
              34.2487758
            ],
            [
              108.978314,
              34.2487724
            ],
            [
              108.9783111,
              34.2489037
            ],
            [
              108.9783104,
              34.2491322
            ],
            [
              108.9783856,
              34.2491322
            ],
            [
              108.9783837,
              34.2492791
            ],
            [
              108.9795919,
              34.2492689
            ],
            [
              108.979592,
              34.2491276
            ],
            [
              108.9796575,
              34.249126
            ],
            [
              108.9796556,
              34.248908
            ],
            [
              108.979534,
              34.248908
            ],
            [
              108.9795285,
              34.2490646
            ],
            [
              108.9790477,
              34.2490719
            ],
            [
              108.9790552,
              34.2488709
            ],
            [
              108.9791955,
              34.2488694
            ],
            [
              108.9791991,
              34.24874
            ],
            [
              108.9790496,
              34.2487441
            ],
            [
              108.9790515,
              34.248571
            ],
            [
              108.9793601,
              34.2485617
            ],
            [
              108.9794813,
              34.2484483
            ],
            [
              108.9795733,
              34.2483638
            ],
            [
              108.9797178,
              34.2483613
            ],
            [
              108.979713,
              34.2489574
            ],
            [
              108.9797094,
              34.2493995
            ],
            [
              108.9782326,
              34.2494004
            ]
          ]
        ]
      },
      "id": "way/264595819"
    },
    {
      "type": "Feature",
      "properties": {
        "@id": "way/264595821",
        "landuse": "meadow"
      },
      "geometry": {
        "type": "Polygon",
        "coordinates": [
          [
            [
              108.9785846,
              34.2482163
            ],
            [
              108.9785112,
              34.2481679
            ],
            [
              108.9784812,
              34.2481134
            ],
            [
              108.978688,
              34.2479251
            ],
            [
              108.9792424,
              34.2479152
            ],
            [
              108.9793773,
              34.2480044
            ],
            [
              108.9793713,
              34.2482744
            ],
            [
              108.9792394,
              34.2483338
            ],
            [
              108.9791768,
              34.2483437
            ],
            [
              108.9793264,
              34.2482169
            ],
            [
              108.9793245,
              34.248138
            ],
            [
              108.9790795,
              34.2481411
            ],
            [
              108.9791412,
              34.2480855
            ],
            [
              108.9792516,
              34.2480824
            ],
            [
              108.9792516,
              34.2479788
            ],
            [
              108.9789833,
              34.2479797
            ],
            [
              108.9789342,
              34.2479798
            ],
            [
              108.9786986,
              34.2479806
            ],
            [
              108.9786986,
              34.2480801
            ],
            [
              108.9788063,
              34.2480801
            ],
            [
              108.978857,
              34.2481377
            ],
            [
              108.9785782,
              34.2481377
            ],
            [
              108.9785846,
              34.2482163
            ]
          ]
        ]
      },
      "id": "way/264595821"
    },
    {
      "type": "Feature",
      "properties": {
        "@id": "way/264713388",
        "natural": "wood"
      },
      "geometry": {
        "type": "Polygon",
        "coordinates": [
          [
            [
              108.978392,
              34.2462429
            ],
            [
              108.978392,
              34.2461725
            ],
            [
              108.9785928,
              34.2461706
            ],
            [
              108.9785916,
              34.246242
            ],
            [
              108.978392,
              34.2462429
            ]
          ]
        ]
      },
      "id": "way/264713388"
    },
    {
      "type": "Feature",
      "properties": {
        "@id": "way/264713392",
        "natural": "wood"
      },
      "geometry": {
        "type": "Polygon",
        "coordinates": [
          [
            [
              108.9788302,
              34.2463732
            ],
            [
              108.9786897,
              34.2463713
            ],
            [
              108.9786885,
              34.2462487
            ],
            [
              108.9787388,
              34.2462487
            ],
            [
              108.9787388,
              34.246352
            ],
            [
              108.9788302,
              34.246352
            ],
            [
              108.9788302,
              34.2463732
            ]
          ]
        ]
      },
      "id": "way/264713392"
    },
    {
      "type": "Feature",
      "properties": {
        "@id": "way/264713393",
        "natural": "wood"
      },
      "geometry": {
        "type": "Polygon",
        "coordinates": [
          [
            [
              108.9787387,
              34.246162
            ],
            [
              108.9786919,
              34.2461628
            ],
            [
              108.9786919,
              34.2460116
            ],
            [
              108.9787387,
              34.2460124
            ],
            [
              108.9787387,
              34.246162
            ]
          ]
        ]
      },
      "id": "way/264713393"
    },
    {
      "type": "Feature",
      "properties": {
        "@id": "way/264713394",
        "natural": "wood"
      },
      "geometry": {
        "type": "Polygon",
        "coordinates": [
          [
            [
              108.9790888,
              34.2463723
            ],
            [
              108.9790888,
              34.2463508
            ],
            [
              108.9791733,
              34.2463491
            ],
            [
              108.9791743,
              34.2462372
            ],
            [
              108.9792178,
              34.246238
            ],
            [
              108.9792148,
              34.2463712
            ],
            [
              108.9790888,
              34.2463723
            ]
          ]
        ]
      },
      "id": "way/264713394"
    },
    {
      "type": "Feature",
      "properties": {
        "@id": "way/264713395",
        "natural": "wood"
      },
      "geometry": {
        "type": "Polygon",
        "coordinates": [
          [
            [
              108.979176,
              34.2461516
            ],
            [
              108.9791788,
              34.2460124
            ],
            [
              108.9792221,
              34.2460126
            ],
            [
              108.9792166,
              34.2461505
            ],
            [
              108.979176,
              34.2461516
            ]
          ]
        ]
      },
      "id": "way/264713395"
    },
    {
      "type": "Feature",
      "properties": {
        "@id": "way/264713396",
        "landuse": "meadow"
      },
      "geometry": {
        "type": "Polygon",
        "coordinates": [
          [
            [
              108.9788447,
              34.2455069
            ],
            [
              108.9789078,
              34.2455069
            ],
            [
              108.9789089,
              34.2456034
            ],
            [
              108.9788436,
              34.245604
            ],
            [
              108.9788447,
              34.2455069
            ]
          ]
        ]
      },
      "id": "way/264713396"
    },
    {
      "type": "Feature",
      "properties": {
        "@id": "way/264713397",
        "landuse": "meadow"
      },
      "geometry": {
        "type": "Polygon",
        "coordinates": [
          [
            [
              108.9790222,
              34.2456029
            ],
            [
              108.9790229,
              34.2455103
            ],
            [
              108.9790881,
              34.2455102
            ],
            [
              108.9790864,
              34.2456039
            ],
            [
              108.9790222,
              34.2456029
            ]
          ]
        ]
      },
      "id": "way/264713397"
    },
    {
      "type": "Feature",
      "properties": {
        "@id": "way/264713398",
        "natural": "wood"
      },
      "geometry": {
        "type": "Polygon",
        "coordinates": [
          [
            [
              108.9790603,
              34.2456749
            ],
            [
              108.9790861,
              34.2456792
            ],
            [
              108.9791086,
              34.2456854
            ],
            [
              108.9791329,
              34.2456947
            ],
            [
              108.9791579,
              34.245705
            ],
            [
              108.9791797,
              34.2457194
            ],
            [
              108.9792011,
              34.2457388
            ],
            [
              108.9792102,
              34.2457801
            ],
            [
              108.9792093,
              34.2458166
            ],
            [
              108.9791943,
              34.2458439
            ],
            [
              108.9791488,
              34.2458721
            ],
            [
              108.9791051,
              34.2458876
            ],
            [
              108.9790797,
              34.2458953
            ],
            [
              108.9790375,
              34.2458965
            ],
            [
              108.9790375,
              34.2458852
            ],
            [
              108.9790354,
              34.245871
            ],
            [
              108.9790313,
              34.2458589
            ],
            [
              108.9790113,
              34.2458499
            ],
            [
              108.9789898,
              34.2458448
            ],
            [
              108.9789649,
              34.2458458
            ],
            [
              108.9789602,
              34.2458319
            ],
            [
              108.9789527,
              34.245809
            ],
            [
              108.9789619,
              34.2457807
            ],
            [
              108.9790062,
              34.2457544
            ],
            [
              108.9790339,
              34.2457191
            ],
            [
              108.9790305,
              34.2457004
            ],
            [
              108.9790603,
              34.2456749
            ]
          ]
        ]
      },
      "id": "way/264713398"
    },
    {
      "type": "Feature",
      "properties": {
        "@id": "way/264713450",
        "natural": "wood"
      },
      "geometry": {
        "type": "Polygon",
        "coordinates": [
          [
            [
              108.9760335,
              34.2441921
            ],
            [
              108.9761874,
              34.2441913
            ],
            [
              108.9761926,
              34.2448567
            ],
            [
              108.9760388,
              34.2448575
            ],
            [
              108.9760345,
              34.2443167
            ],
            [
              108.9760335,
              34.2441921
            ]
          ]
        ]
      },
      "id": "way/264713450"
    },
    {
      "type": "Feature",
      "properties": {
        "@id": "way/264713451",
        "natural": "wood"
      },
      "geometry": {
        "type": "Polygon",
        "coordinates": [
          [
            [
              108.9760322,
              34.2449596
            ],
            [
              108.9760326,
              34.2449186
            ],
            [
              108.9762047,
              34.2448906
            ],
            [
              108.9762601,
              34.2449478
            ],
            [
              108.9762736,
              34.2455873
            ],
            [
              108.976064,
              34.2455898
            ],
            [
              108.9760638,
              34.2454963
            ],
            [
              108.9760839,
              34.2454954
            ],
            [
              108.9761637,
              34.2454948
            ],
            [
              108.976163,
              34.2451858
            ],
            [
              108.9760796,
              34.245187
            ],
            [
              108.9760328,
              34.2451859
            ],
            [
              108.9760322,
              34.2449596
            ]
          ]
        ]
      },
      "id": "way/264713451"
    },
    {
      "type": "Feature",
      "properties": {
        "@id": "way/264738599",
        "natural": "wood"
      },
      "geometry": {
        "type": "Polygon",
        "coordinates": [
          [
            [
              108.9777555,
              34.2523886
            ],
            [
              108.9748192,
              34.2523838
            ],
            [
              108.9748197,
              34.2522608
            ],
            [
              108.9770334,
              34.2522581
            ],
            [
              108.9772907,
              34.2521648
            ],
            [
              108.977756,
              34.252168
            ],
            [
              108.9777555,
              34.2523886
            ]
          ]
        ]
      },
      "id": "way/264738599"
    },
    {
      "type": "Feature",
      "properties": {
        "@id": "way/264854295",
        "natural": "wood"
      },
      "geometry": {
        "type": "Polygon",
        "coordinates": [
          [
            [
              108.9772484,
              34.2457177
            ],
            [
              108.977247,
              34.2452526
            ],
            [
              108.9773235,
              34.245079
            ],
            [
              108.9781365,
              34.2450806
            ],
            [
              108.9781333,
              34.2451809
            ],
            [
              108.9774902,
              34.2451821
            ],
            [
              108.9774906,
              34.24532
            ],
            [
              108.9781008,
              34.2453188
            ],
            [
              108.9781013,
              34.2454422
            ],
            [
              108.9774796,
              34.2454486
            ],
            [
              108.9774793,
              34.2455645
            ],
            [
              108.9780985,
              34.245558
            ],
            [
              108.9780945,
              34.2457125
            ],
            [
              108.977499,
              34.2457157
            ],
            [
              108.9772484,
              34.2457177
            ]
          ]
        ]
      },
      "id": "way/264854295"
    },
    {
      "type": "Feature",
      "properties": {
        "@id": "way/264854298",
        "natural": "wood"
      },
      "geometry": {
        "type": "Polygon",
        "coordinates": [
          [
            [
              108.9773235,
              34.245079
            ],
            [
              108.9774279,
              34.2449774
            ],
            [
              108.9774199,
              34.2441606
            ],
            [
              108.97818,
              34.2441478
            ],
            [
              108.9781853,
              34.2444163
            ],
            [
              108.9781804,
              34.2447445
            ],
            [
              108.9781755,
              34.2450772
            ],
            [
              108.9781754,
              34.2450806
            ],
            [
              108.9773235,
              34.245079
            ]
          ]
        ]
      },
      "id": "way/264854298"
    },
    {
      "type": "Feature",
      "properties": {
        "@id": "way/264856111",
        "natural": "wood"
      },
      "geometry": {
        "type": "Polygon",
        "coordinates": [
          [
            [
              108.9773649,
              34.2478252
            ],
            [
              108.9773696,
              34.2469682
            ],
            [
              108.9782121,
              34.2469649
            ],
            [
              108.9782165,
              34.2477942
            ],
            [
              108.9780094,
              34.2477982
            ],
            [
              108.9779447,
              34.2478217
            ],
            [
              108.9779463,
              34.2476238
            ],
            [
              108.9774675,
              34.247628
            ],
            [
              108.9774692,
              34.2478231
            ],
            [
              108.9773649,
              34.2478252
            ]
          ]
        ]
      },
      "id": "way/264856111"
    },
    {
      "type": "Feature",
      "properties": {
        "@id": "way/264856499",
        "landuse": "grass"
      },
      "geometry": {
        "type": "Polygon",
        "coordinates": [
          [
            [
              108.9771483,
              34.2478434
            ],
            [
              108.977153,
              34.2475288
            ],
            [
              108.977286,
              34.2475288
            ],
            [
              108.977286,
              34.2478396
            ],
            [
              108.9771483,
              34.2478434
            ]
          ]
        ]
      },
      "id": "way/264856499"
    },
    {
      "type": "Feature",
      "properties": {
        "@id": "way/264856500",
        "landuse": "grass"
      },
      "geometry": {
        "type": "Polygon",
        "coordinates": [
          [
            [
              108.9771576,
              34.247442
            ],
            [
              108.9771576,
              34.2470096
            ],
            [
              108.9772837,
              34.2470096
            ],
            [
              108.9772837,
              34.2474439
            ],
            [
              108.9771576,
              34.247442
            ]
          ]
        ]
      },
      "id": "way/264856500"
    },
    {
      "type": "Feature",
      "properties": {
        "@id": "way/264856501",
        "landuse": "grass"
      },
      "geometry": {
        "type": "Polygon",
        "coordinates": [
          [
            [
              108.9765598,
              34.2473606
            ],
            [
              108.976557,
              34.2471272
            ],
            [
              108.9766579,
              34.2471267
            ],
            [
              108.9766563,
              34.2474037
            ],
            [
              108.976559,
              34.2474029
            ],
            [
              108.9765598,
              34.2473606
            ]
          ]
        ]
      },
      "id": "way/264856501"
    },
    {
      "type": "Feature",
      "properties": {
        "@id": "way/264856502",
        "landuse": "grass"
      },
      "geometry": {
        "type": "Polygon",
        "coordinates": [
          [
            [
              108.9766959,
              34.2470838
            ],
            [
              108.9766974,
              34.2470139
            ],
            [
              108.9771185,
              34.2470123
            ],
            [
              108.9771166,
              34.2470793
            ],
            [
              108.9766959,
              34.2470838
            ]
          ]
        ]
      },
      "id": "way/264856502"
    },
    {
      "type": "Feature",
      "properties": {
        "@id": "way/264856503",
        "landuse": "grass"
      },
      "geometry": {
        "type": "Polygon",
        "coordinates": [
          [
            [
              108.9765576,
              34.2470908
            ],
            [
              108.9765573,
              34.247059
            ],
            [
              108.9761494,
              34.2470613
            ],
            [
              108.9761519,
              34.2473629
            ],
            [
              108.9761289,
              34.2473662
            ],
            [
              108.9761289,
              34.2470193
            ],
            [
              108.9766633,
              34.2470147
            ],
            [
              108.9766605,
              34.2470897
            ],
            [
              108.9765576,
              34.2470908
            ]
          ]
        ]
      },
      "id": "way/264856503"
    },
    {
      "type": "Feature",
      "properties": {
        "@id": "way/264856504",
        "natural": "wood"
      },
      "geometry": {
        "type": "Polygon",
        "coordinates": [
          [
            [
              108.9770432,
              34.2485381
            ],
            [
              108.9770456,
              34.2484869
            ],
            [
              108.9770964,
              34.2484869
            ],
            [
              108.977097,
              34.2479994
            ],
            [
              108.9761579,
              34.2479985
            ],
            [
              108.9761606,
              34.2479069
            ],
            [
              108.9772814,
              34.2478992
            ],
            [
              108.9772814,
              34.2485381
            ],
            [
              108.9770432,
              34.2485381
            ]
          ]
        ]
      },
      "id": "way/264856504"
    },
    {
      "type": "Feature",
      "properties": {
        "@id": "way/264856505",
        "natural": "wood"
      },
      "geometry": {
        "type": "Polygon",
        "coordinates": [
          [
            [
              108.9761245,
              34.2478657
            ],
            [
              108.9761222,
              34.2477769
            ],
            [
              108.9762242,
              34.247774
            ],
            [
              108.976874,
              34.2477706
            ],
            [
              108.9768694,
              34.247856
            ],
            [
              108.9761245,
              34.2478657
            ]
          ]
        ]
      },
      "id": "way/264856505"
    },
    {
      "type": "Feature",
      "properties": {
        "@id": "way/264887965",
        "natural": "wood"
      },
      "geometry": {
        "type": "Polygon",
        "coordinates": [
          [
            [
              108.9763,
              34.2460774
            ],
            [
              108.9762946,
              34.2456952
            ],
            [
              108.9762935,
              34.245622
            ],
            [
              108.9762933,
              34.2456051
            ],
            [
              108.9772449,
              34.2456007
            ],
            [
              108.9772484,
              34.2457177
            ],
            [
              108.9772384,
              34.2460767
            ],
            [
              108.9768792,
              34.246077
            ],
            [
              108.9763,
              34.2460774
            ]
          ]
        ]
      },
      "id": "way/264887965"
    },
    {
      "type": "Feature",
      "properties": {
        "@id": "way/264887967",
        "natural": "wood"
      },
      "geometry": {
        "type": "Polygon",
        "coordinates": [
          [
            [
              108.9762933,
              34.2456051
            ],
            [
              108.9762887,
              34.2452584
            ],
            [
              108.9762835,
              34.2449415
            ],
            [
              108.9762137,
              34.2448656
            ],
            [
              108.9771515,
              34.2448657
            ],
            [
              108.9773197,
              34.2448657
            ],
            [
              108.9773235,
              34.245079
            ],
            [
              108.977247,
              34.2452526
            ],
            [
              108.9772449,
              34.2456007
            ],
            [
              108.9762933,
              34.2456051
            ]
          ]
        ]
      },
      "id": "way/264887967"
    },
    {
      "type": "Feature",
      "properties": {
        "@id": "way/264887968",
        "landuse": "grass"
      },
      "geometry": {
        "type": "Polygon",
        "coordinates": [
          [
            [
              108.977181,
              34.2448333
            ],
            [
              108.9771826,
              34.2445574
            ],
            [
              108.9772999,
              34.2445547
            ],
            [
              108.9773015,
              34.2448347
            ],
            [
              108.977181,
              34.2448333
            ]
          ]
        ]
      },
      "id": "way/264887968"
    },
    {
      "type": "Feature",
      "properties": {
        "@id": "way/264887969",
        "landuse": "grass"
      },
      "geometry": {
        "type": "Polygon",
        "coordinates": [
          [
            [
              108.9771747,
              34.2444804
            ],
            [
              108.9771759,
              34.2441978
            ],
            [
              108.9773029,
              34.2441982
            ],
            [
              108.9773017,
              34.2444808
            ],
            [
              108.9771747,
              34.2444804
            ]
          ]
        ]
      },
      "id": "way/264887969"
    },
    {
      "type": "Feature",
      "properties": {
        "@id": "way/264887970",
        "landuse": "grass"
      },
      "geometry": {
        "type": "Polygon",
        "coordinates": [
          [
            [
              108.9763487,
              34.2444501
            ],
            [
              108.9763486,
              34.2444753
            ],
            [
              108.9762592,
              34.2444753
            ],
            [
              108.9762596,
              34.244207
            ],
            [
              108.9771163,
              34.2442078
            ],
            [
              108.9771163,
              34.2442696
            ],
            [
              108.9763489,
              34.244269
            ],
            [
              108.9763487,
              34.2444501
            ]
          ]
        ]
      },
      "id": "way/264887970"
    },
    {
      "type": "Feature",
      "properties": {
        "@id": "way/264887971",
        "landuse": "grass"
      },
      "geometry": {
        "type": "Polygon",
        "coordinates": [
          [
            [
              108.9762521,
              34.244838
            ],
            [
              108.9762518,
              34.244559
            ],
            [
              108.9771232,
              34.2445584
            ],
            [
              108.9771232,
              34.2446058
            ],
            [
              108.9763554,
              34.2446064
            ],
            [
              108.9763556,
              34.2448048
            ],
            [
              108.9763556,
              34.244838
            ],
            [
              108.9762521,
              34.244838
            ]
          ]
        ]
      },
      "id": "way/264887971"
    },
    {
      "type": "Feature",
      "properties": {
        "@id": "way/265564798",
        "addr:city": "西安",
        "addr:district": "莲湖区",
        "addr:housenumber": "94",
        "addr:postcode": "710000",
        "addr:province": "陕西",
        "leisure": "park",
        "name": "天朗城市公园",
        "opening_hours": "24/7"
      },
      "geometry": {
        "type": "Polygon",
        "coordinates": [
          [
            [
              108.9079685,
              34.2714019
            ],
            [
              108.9079786,
              34.2708869
            ],
            [
              108.9082924,
              34.2708811
            ],
            [
              108.9128825,
              34.2709118
            ],
            [
              108.9129549,
              34.2709122
            ],
            [
              108.9152093,
              34.2709273
            ],
            [
              108.9157677,
              34.2709983
            ],
            [
              108.916973,
              34.270988
            ],
            [
              108.9169524,
              34.2714152
            ],
            [
              108.9130838,
              34.2714225
            ],
            [
              108.9129538,
              34.271422
            ],
            [
              108.9128716,
              34.2714238
            ],
            [
              108.9128109,
              34.2714468
            ],
            [
              108.9079685,
              34.2714019
            ]
          ]
        ]
      },
      "id": "way/265564798"
    },
    {
      "type": "Feature",
      "properties": {
        "@id": "way/265914353",
        "landuse": "meadow"
      },
      "geometry": {
        "type": "Polygon",
        "coordinates": [
          [
            [
              108.9748578,
              34.2436851
            ],
            [
              108.9748546,
              34.2433889
            ],
            [
              108.9749726,
              34.2433881
            ],
            [
              108.9749758,
              34.2436842
            ],
            [
              108.9748578,
              34.2436851
            ]
          ]
        ]
      },
      "id": "way/265914353"
    },
    {
      "type": "Feature",
      "properties": {
        "@id": "way/265914355",
        "landuse": "meadow"
      },
      "geometry": {
        "type": "Polygon",
        "coordinates": [
          [
            [
              108.9748571,
              34.2433118
            ],
            [
              108.9748583,
              34.2430372
            ],
            [
              108.9749758,
              34.2430991
            ],
            [
              108.9749758,
              34.2433091
            ],
            [
              108.9748571,
              34.2433118
            ]
          ]
        ]
      },
      "id": "way/265914355"
    },
    {
      "type": "Feature",
      "properties": {
        "@id": "way/265914357",
        "landuse": "meadow"
      },
      "geometry": {
        "type": "Polygon",
        "coordinates": [
          [
            [
              108.9748862,
              34.2429588
            ],
            [
              108.9760471,
              34.2429618
            ],
            [
              108.976662,
              34.2429598
            ],
            [
              108.9766593,
              34.242994
            ],
            [
              108.9760333,
              34.2430009
            ],
            [
              108.976025,
              34.2430305
            ],
            [
              108.9749881,
              34.2430328
            ],
            [
              108.9748862,
              34.2429588
            ]
          ]
        ]
      },
      "id": "way/265914357"
    },
    {
      "type": "Feature",
      "properties": {
        "@id": "way/265914359",
        "landuse": "meadow"
      },
      "geometry": {
        "type": "Polygon",
        "coordinates": [
          [
            [
              108.9767392,
              34.2429986
            ],
            [
              108.9767337,
              34.2429601
            ],
            [
              108.978412,
              34.2429711
            ],
            [
              108.9784097,
              34.2430116
            ],
            [
              108.9785187,
              34.2430137
            ],
            [
              108.9787459,
              34.2430058
            ],
            [
              108.9787436,
              34.2430734
            ],
            [
              108.9785941,
              34.2430753
            ],
            [
              108.9785945,
              34.2431105
            ],
            [
              108.9785951,
              34.2431536
            ],
            [
              108.9787366,
              34.2431545
            ],
            [
              108.9787302,
              34.2432129
            ],
            [
              108.9785923,
              34.2432881
            ],
            [
              108.9784627,
              34.2433998
            ],
            [
              108.9783773,
              34.2433816
            ],
            [
              108.9783515,
              34.2433648
            ],
            [
              108.9781634,
              34.2432807
            ],
            [
              108.978166,
              34.2431888
            ],
            [
              108.9783716,
              34.2431927
            ],
            [
              108.9784089,
              34.2431934
            ],
            [
              108.9784121,
              34.2430792
            ],
            [
              108.9780739,
              34.2430728
            ],
            [
              108.9780716,
              34.2431565
            ],
            [
              108.9777978,
              34.2431513
            ],
            [
              108.9777963,
              34.243206
            ],
            [
              108.9774783,
              34.2432
            ],
            [
              108.9774948,
              34.2429986
            ],
            [
              108.9774682,
              34.2429986
            ],
            [
              108.9770276,
              34.2429986
            ],
            [
              108.9767392,
              34.2429986
            ]
          ]
        ]
      },
      "id": "way/265914359"
    },
    {
      "type": "Feature",
      "properties": {
        "@id": "way/265932086",
        "landuse": "grass"
      },
      "geometry": {
        "type": "Polygon",
        "coordinates": [
          [
            [
              108.9791943,
              34.2429896
            ],
            [
              108.9794236,
              34.2429912
            ],
            [
              108.9794276,
              34.2429588
            ],
            [
              108.9808116,
              34.2429471
            ],
            [
              108.9808085,
              34.2432037
            ],
            [
              108.98074,
              34.2432041
            ],
            [
              108.9805542,
              34.2432051
            ],
            [
              108.9805537,
              34.2431402
            ],
            [
              108.9801742,
              34.2431423
            ],
            [
              108.9801739,
              34.2431038
            ],
            [
              108.9798064,
              34.2431059
            ],
            [
              108.979806,
              34.2430618
            ],
            [
              108.9795356,
              34.2430633
            ],
            [
              108.9795366,
              34.2431865
            ],
            [
              108.9798061,
              34.243185
            ],
            [
              108.9798063,
              34.2432121
            ],
            [
              108.9801529,
              34.2432101
            ],
            [
              108.9801535,
              34.2432724
            ],
            [
              108.9805748,
              34.2432701
            ],
            [
              108.9805753,
              34.2433289
            ],
            [
              108.980741,
              34.243328
            ],
            [
              108.9808091,
              34.2433263
            ],
            [
              108.9808037,
              34.2434244
            ],
            [
              108.9794731,
              34.2434227
            ],
            [
              108.9794256,
              34.2433394
            ],
            [
              108.9793287,
              34.243256
            ],
            [
              108.9791884,
              34.2431874
            ],
            [
              108.9791825,
              34.243148
            ],
            [
              108.9793353,
              34.2431492
            ],
            [
              108.9793386,
              34.2430746
            ],
            [
              108.9791903,
              34.2430743
            ],
            [
              108.9791943,
              34.2429896
            ]
          ]
        ]
      },
      "id": "way/265932086"
    },
    {
      "type": "Feature",
      "properties": {
        "@id": "way/266254165",
        "landuse": "grass"
      },
      "geometry": {
        "type": "Polygon",
        "coordinates": [
          [
            [
              108.9749917,
              34.2506027
            ],
            [
              108.9749901,
              34.2505023
            ],
            [
              108.977271,
              34.2504973
            ],
            [
              108.9772955,
              34.2513937
            ],
            [
              108.9766486,
              34.2513983
            ],
            [
              108.9748233,
              34.2514112
            ],
            [
              108.9748167,
              34.2512717
            ],
            [
              108.9749873,
              34.2512716
            ],
            [
              108.9751859,
              34.2512725
            ],
            [
              108.9751894,
              34.2507354
            ],
            [
              108.9756046,
              34.2507373
            ],
            [
              108.9760073,
              34.2507391
            ],
            [
              108.9760051,
              34.2510734
            ],
            [
              108.9756768,
              34.251072
            ],
            [
              108.9756755,
              34.2512631
            ],
            [
              108.9766029,
              34.2512673
            ],
            [
              108.9766043,
              34.2510558
            ],
            [
              108.9762001,
              34.251054
            ],
            [
              108.9762022,
              34.2507374
            ],
            [
              108.9766679,
              34.2507395
            ],
            [
              108.9770649,
              34.2507413
            ],
            [
              108.9770615,
              34.2512535
            ],
            [
              108.9772036,
              34.2512542
            ],
            [
              108.9772078,
              34.2506127
            ],
            [
              108.9766692,
              34.2506103
            ],
            [
              108.9756059,
              34.2506055
            ],
            [
              108.9749917,
              34.2506027
            ]
          ]
        ]
      },
      "id": "way/266254165"
    },
    {
      "type": "Feature",
      "properties": {
        "@id": "way/266254166",
        "landuse": "grass"
      },
      "geometry": {
        "type": "Polygon",
        "coordinates": [
          [
            [
              108.9760477,
              34.250493
            ],
            [
              108.9760475,
              34.2503723
            ],
            [
              108.9760469,
              34.2500778
            ],
            [
              108.9761365,
              34.250077
            ],
            [
              108.9761387,
              34.2503509
            ],
            [
              108.9762391,
              34.2503509
            ],
            [
              108.9762391,
              34.250401
            ],
            [
              108.9771962,
              34.2504062
            ],
            [
              108.977199,
              34.2504972
            ],
            [
              108.9760477,
              34.250493
            ]
          ]
        ]
      },
      "id": "way/266254166"
    },
    {
      "type": "Feature",
      "properties": {
        "@id": "way/266254167",
        "landuse": "grass"
      },
      "geometry": {
        "type": "Polygon",
        "coordinates": [
          [
            [
              108.9773276,
              34.246936
            ],
            [
              108.9773248,
              34.2468346
            ],
            [
              108.9779359,
              34.2468388
            ],
            [
              108.9779358,
              34.2469308
            ],
            [
              108.9773276,
              34.246936
            ]
          ]
        ]
      },
      "id": "way/266254167"
    },
    {
      "type": "Feature",
      "properties": {
        "@id": "way/266254168",
        "landuse": "grass"
      },
      "geometry": {
        "type": "Polygon",
        "coordinates": [
          [
            [
              108.9760345,
              34.2457001
            ],
            [
              108.9760307,
              34.2456253
            ],
            [
              108.9762935,
              34.245622
            ],
            [
              108.9762946,
              34.2456952
            ],
            [
              108.9760345,
              34.2457001
            ]
          ]
        ]
      },
      "id": "way/266254168"
    },
    {
      "type": "Feature",
      "properties": {
        "@id": "way/266254174",
        "landuse": "grass"
      },
      "geometry": {
        "type": "Polygon",
        "coordinates": [
          [
            [
              108.976097,
              34.2440266
            ],
            [
              108.9765209,
              34.2440234
            ],
            [
              108.9768415,
              34.2440215
            ],
            [
              108.9768387,
              34.2441412
            ],
            [
              108.9762272,
              34.2441479
            ],
            [
              108.9760904,
              34.2441257
            ],
            [
              108.976097,
              34.2440266
            ]
          ]
        ]
      },
      "id": "way/266254174"
    },
    {
      "type": "Feature",
      "properties": {
        "@id": "way/269121979",
        "leisure": "park",
        "name": "陇海铁路主题公园"
      },
      "geometry": {
        "type": "Polygon",
        "coordinates": [
          [
            [
              108.9302274,
              34.2786996
            ],
            [
              108.9302954,
              34.2786669
            ],
            [
              108.9305609,
              34.2785532
            ],
            [
              108.9328663,
              34.2785569
            ],
            [
              108.9382223,
              34.2786168
            ],
            [
              108.9389908,
              34.2786118
            ],
            [
              108.9390041,
              34.2789638
            ],
            [
              108.9389642,
              34.2791
            ],
            [
              108.9362805,
              34.2788939
            ],
            [
              108.9355856,
              34.2788529
            ],
            [
              108.9342399,
              34.2787663
            ],
            [
              108.9286251,
              34.2787312
            ],
            [
              108.9286258,
              34.2786835
            ],
            [
              108.9302274,
              34.2786996
            ]
          ]
        ]
      },
      "id": "way/269121979"
    },
    {
      "type": "Feature",
      "properties": {
        "@id": "way/269122206",
        "natural": "wood"
      },
      "geometry": {
        "type": "Polygon",
        "coordinates": [
          [
            [
              108.917858,
              34.278032
            ],
            [
              108.9178281,
              34.2765803
            ],
            [
              108.9181004,
              34.2769512
            ],
            [
              108.9186367,
              34.2777665
            ],
            [
              108.9188087,
              34.2779651
            ],
            [
              108.9189321,
              34.2780397
            ],
            [
              108.917858,
              34.278032
            ]
          ]
        ]
      },
      "id": "way/269122206"
    },
    {
      "type": "Feature",
      "properties": {
        "@id": "way/269122207",
        "natural": "wood"
      },
      "geometry": {
        "type": "Polygon",
        "coordinates": [
          [
            [
              108.9175592,
              34.2780306
            ],
            [
              108.9173692,
              34.2780204
            ],
            [
              108.9172011,
              34.2779625
            ],
            [
              108.917127,
              34.2778877
            ],
            [
              108.917092,
              34.2777835
            ],
            [
              108.9170823,
              34.2772655
            ],
            [
              108.9171435,
              34.2771457
            ],
            [
              108.9172882,
              34.277071
            ],
            [
              108.9173848,
              34.2770852
            ],
            [
              108.9174969,
              34.2771624
            ],
            [
              108.9175482,
              34.2772563
            ],
            [
              108.9175592,
              34.2780306
            ]
          ]
        ]
      },
      "id": "way/269122207"
    },
    {
      "type": "Feature",
      "properties": {
        "@id": "way/269122208",
        "natural": "wood"
      },
      "geometry": {
        "type": "Polygon",
        "coordinates": [
          [
            [
              108.9170579,
              34.2770595
            ],
            [
              108.9175669,
              34.2766196
            ],
            [
              108.9176743,
              34.2764807
            ],
            [
              108.9176603,
              34.2770865
            ],
            [
              108.9175529,
              34.2769707
            ],
            [
              108.9174128,
              34.2769437
            ],
            [
              108.9172354,
              34.2769669
            ],
            [
              108.9170579,
              34.2770595
            ]
          ]
        ]
      },
      "id": "way/269122208"
    },
    {
      "type": "Feature",
      "properties": {
        "@id": "way/269122209",
        "natural": "wood"
      },
      "geometry": {
        "type": "Polygon",
        "coordinates": [
          [
            [
              108.9173359,
              34.2712761
            ],
            [
              108.9173394,
              34.2711214
            ],
            [
              108.9173973,
              34.2709902
            ],
            [
              108.9175014,
              34.2708803
            ],
            [
              108.9176416,
              34.2708024
            ],
            [
              108.917804,
              34.2707642
            ],
            [
              108.9179728,
              34.2707693
            ],
            [
              108.9181314,
              34.2708173
            ],
            [
              108.9182643,
              34.2709034
            ],
            [
              108.9183584,
              34.2710193
            ],
            [
              108.9184046,
              34.2711536
            ],
            [
              108.9183982,
              34.2712931
            ],
            [
              108.9183307,
              34.2714374
            ],
            [
              108.9182075,
              34.2715539
            ],
            [
              108.9180435,
              34.2716287
            ],
            [
              108.9178585,
              34.2716526
            ],
            [
              108.9176747,
              34.2716228
            ],
            [
              108.9175144,
              34.2715428
            ],
            [
              108.9173967,
              34.2714225
            ],
            [
              108.9173359,
              34.2712761
            ]
          ]
        ]
      },
      "id": "way/269122209"
    },
    {
      "type": "Feature",
      "properties": {
        "@id": "way/269122210",
        "landuse": "grass"
      },
      "geometry": {
        "type": "Polygon",
        "coordinates": [
          [
            [
              108.9288228,
              34.2784168
            ],
            [
              108.9288169,
              34.2783728
            ],
            [
              108.9303009,
              34.2783797
            ],
            [
              108.9303193,
              34.2784384
            ],
            [
              108.9303052,
              34.2784983
            ],
            [
              108.9302164,
              34.2785769
            ],
            [
              108.9300502,
              34.2786187
            ],
            [
              108.9298041,
              34.2785812
            ],
            [
              108.9292666,
              34.2785007
            ],
            [
              108.9288228,
              34.2784168
            ]
          ]
        ]
      },
      "id": "way/269122210"
    },
    {
      "type": "Feature",
      "properties": {
        "@id": "way/269122211",
        "landuse": "grass"
      },
      "geometry": {
        "type": "Polygon",
        "coordinates": [
          [
            [
              108.926768,
              34.2786144
            ],
            [
              108.9265721,
              34.278558
            ],
            [
              108.9264984,
              34.2784505
            ],
            [
              108.9265183,
              34.2783447
            ],
            [
              108.9279978,
              34.2783643
            ],
            [
              108.9277324,
              34.278433
            ],
            [
              108.9272193,
              34.2785397
            ],
            [
              108.9269511,
              34.2785875
            ],
            [
              108.926768,
              34.2786144
            ]
          ]
        ]
      },
      "id": "way/269122211"
    },
    {
      "type": "Feature",
      "properties": {
        "@id": "way/269122212",
        "landuse": "grass"
      },
      "geometry": {
        "type": "Polygon",
        "coordinates": [
          [
            [
              108.928412,
              34.2784899
            ],
            [
              108.9282982,
              34.278381
            ],
            [
              108.9285245,
              34.27838
            ],
            [
              108.928412,
              34.2784899
            ]
          ]
        ]
      },
      "id": "way/269122212"
    },
    {
      "type": "Feature",
      "properties": {
        "@id": "way/269122213",
        "landuse": "grass"
      },
      "geometry": {
        "type": "Polygon",
        "coordinates": [
          [
            [
              108.9279394,
              34.2786385
            ],
            [
              108.9279446,
              34.278563
            ],
            [
              108.9280459,
              34.2785155
            ],
            [
              108.9280991,
              34.2785327
            ],
            [
              108.9281802,
              34.2785721
            ],
            [
              108.9281882,
              34.2786297
            ],
            [
              108.9281577,
              34.2786381
            ],
            [
              108.9279394,
              34.2786385
            ]
          ]
        ]
      },
      "id": "way/269122213"
    },
    {
      "type": "Feature",
      "properties": {
        "@id": "way/269122214",
        "landuse": "grass"
      },
      "geometry": {
        "type": "Polygon",
        "coordinates": [
          [
            [
              108.9271616,
              34.278628
            ],
            [
              108.9279709,
              34.2784925
            ],
            [
              108.9279388,
              34.2785272
            ],
            [
              108.9278775,
              34.2785833
            ],
            [
              108.9278549,
              34.2786333
            ],
            [
              108.9270803,
              34.2786566
            ],
            [
              108.9271616,
              34.278628
            ]
          ]
        ]
      },
      "id": "way/269122214"
    },
    {
      "type": "Feature",
      "properties": {
        "@id": "way/269122217",
        "landuse": "grass"
      },
      "geometry": {
        "type": "Polygon",
        "coordinates": [
          [
            [
              108.9260235,
              34.2783362
            ],
            [
              108.9263716,
              34.2783319
            ],
            [
              108.9263303,
              34.2784211
            ],
            [
              108.9262574,
              34.2784074
            ],
            [
              108.9260235,
              34.2783362
            ]
          ]
        ]
      },
      "id": "way/269122217"
    },
    {
      "type": "Feature",
      "properties": {
        "@id": "way/269122218",
        "leisure": "park"
      },
      "geometry": {
        "type": "Polygon",
        "coordinates": [
          [
            [
              108.9256606,
              34.2788491
            ],
            [
              108.9249717,
              34.2788866
            ],
            [
              108.9249689,
              34.278835
            ],
            [
              108.9256918,
              34.2787976
            ],
            [
              108.9256861,
              34.2784157
            ],
            [
              108.9260405,
              34.278418
            ],
            [
              108.9262316,
              34.2784784
            ],
            [
              108.92635,
              34.2785543
            ],
            [
              108.9264697,
              34.2786657
            ],
            [
              108.9265907,
              34.2787244
            ],
            [
              108.9266728,
              34.2787343
            ],
            [
              108.9281766,
              34.2786772
            ],
            [
              108.928192,
              34.2787267
            ],
            [
              108.9256606,
              34.2788491
            ]
          ]
        ]
      },
      "id": "way/269122218"
    },
    {
      "type": "Feature",
      "properties": {
        "@id": "way/269122219",
        "landuse": "grass"
      },
      "geometry": {
        "type": "Polygon",
        "coordinates": [
          [
            [
              108.9304807,
              34.278489
            ],
            [
              108.930476,
              34.2783852
            ],
            [
              108.9323158,
              34.2784053
            ],
            [
              108.9323173,
              34.2784798
            ],
            [
              108.9305836,
              34.278463
            ],
            [
              108.9304807,
              34.278489
            ]
          ]
        ]
      },
      "id": "way/269122219"
    },
    {
      "type": "Feature",
      "properties": {
        "@id": "way/272524652",
        "leisure": "park"
      },
      "geometry": {
        "type": "Polygon",
        "coordinates": [
          [
            [
              108.9200928,
              34.2714649
            ],
            [
              108.9206351,
              34.2714746
            ],
            [
              108.9206268,
              34.2723731
            ],
            [
              108.9204911,
              34.2723722
            ],
            [
              108.9204886,
              34.2726068
            ],
            [
              108.9206371,
              34.272608
            ],
            [
              108.9206177,
              34.274211
            ],
            [
              108.9204885,
              34.2742099
            ],
            [
              108.9204855,
              34.2744272
            ],
            [
              108.9206149,
              34.2744284
            ],
            [
              108.9206048,
              34.2751062
            ],
            [
              108.9204646,
              34.2751048
            ],
            [
              108.9204608,
              34.2753469
            ],
            [
              108.9205899,
              34.2753483
            ],
            [
              108.920578,
              34.2760392
            ],
            [
              108.9204414,
              34.2760376
            ],
            [
              108.920437,
              34.276281
            ],
            [
              108.9205817,
              34.2762829
            ],
            [
              108.9205663,
              34.2771027
            ],
            [
              108.9204484,
              34.2771012
            ],
            [
              108.9204437,
              34.2773469
            ],
            [
              108.9207549,
              34.277351
            ],
            [
              108.9207572,
              34.2772321
            ],
            [
              108.9218617,
              34.2772469
            ],
            [
              108.9218597,
              34.2773512
            ],
            [
              108.9220638,
              34.2773539
            ],
            [
              108.9220657,
              34.2772531
            ],
            [
              108.9233401,
              34.2772698
            ],
            [
              108.923338,
              34.277379
            ],
            [
              108.9235525,
              34.2773818
            ],
            [
              108.9235546,
              34.2772673
            ],
            [
              108.9248327,
              34.2772833
            ],
            [
              108.9248308,
              34.2773889
            ],
            [
              108.9250113,
              34.2773911
            ],
            [
              108.925013,
              34.2772982
            ],
            [
              108.9262893,
              34.2773136
            ],
            [
              108.9262873,
              34.2774243
            ],
            [
              108.9265341,
              34.2774273
            ],
            [
              108.9265361,
              34.2773141
            ],
            [
              108.9277788,
              34.2773293
            ],
            [
              108.9277768,
              34.2774416
            ],
            [
              108.9280129,
              34.2774446
            ],
            [
              108.9280149,
              34.2773404
            ],
            [
              108.9282125,
              34.277343
            ],
            [
              108.9282298,
              34.2777921
            ],
            [
              108.9275611,
              34.2777178
            ],
            [
              108.9200481,
              34.2776641
            ],
            [
              108.9200928,
              34.2714649
            ]
          ]
        ]
      },
      "id": "way/272524652"
    },
    {
      "type": "Feature",
      "properties": {
        "@id": "way/272524654",
        "leisure": "park"
      },
      "geometry": {
        "type": "Polygon",
        "coordinates": [
          [
            [
              108.920073,
              34.2709857
            ],
            [
              108.9200175,
              34.2622306
            ],
            [
              108.9194779,
              34.2618865
            ],
            [
              108.9195024,
              34.2615389
            ],
            [
              108.9201844,
              34.2618713
            ],
            [
              108.9204923,
              34.261865
            ],
            [
              108.9204923,
              34.2621201
            ],
            [
              108.9206421,
              34.2621201
            ],
            [
              108.92065,
              34.2630274
            ],
            [
              108.9204993,
              34.2630272
            ],
            [
              108.9204992,
              34.2632521
            ],
            [
              108.9206605,
              34.2632522
            ],
            [
              108.9206598,
              34.264211
            ],
            [
              108.9205174,
              34.264211
            ],
            [
              108.9205173,
              34.2644184
            ],
            [
              108.9206706,
              34.2644185
            ],
            [
              108.9206698,
              34.2654033
            ],
            [
              108.9205272,
              34.2654032
            ],
            [
              108.920527,
              34.265582
            ],
            [
              108.920673,
              34.2655821
            ],
            [
              108.9206719,
              34.2665244
            ],
            [
              108.9205333,
              34.2665243
            ],
            [
              108.9205331,
              34.2667118
            ],
            [
              108.9206713,
              34.2667119
            ],
            [
              108.9206694,
              34.2677033
            ],
            [
              108.9205233,
              34.2677031
            ],
            [
              108.9205227,
              34.2679229
            ],
            [
              108.9206608,
              34.2679232
            ],
            [
              108.9206575,
              34.2688528
            ],
            [
              108.9205262,
              34.2688524
            ],
            [
              108.920525,
              34.269105
            ],
            [
              108.9206554,
              34.2691055
            ],
            [
              108.9206496,
              34.2700333
            ],
            [
              108.9205104,
              34.2700326
            ],
            [
              108.9205084,
              34.2702902
            ],
            [
              108.920646,
              34.270291
            ],
            [
              108.9206398,
              34.2709685
            ],
            [
              108.920073,
              34.2709857
            ]
          ]
        ]
      },
      "id": "way/272524654"
    },
    {
      "type": "Feature",
      "properties": {
        "@id": "way/272524817",
        "landuse": "meadow"
      },
      "geometry": {
        "type": "Polygon",
        "coordinates": [
          [
            [
              108.9208406,
              34.2614733
            ],
            [
              108.9208397,
              34.2613014
            ],
            [
              108.9210485,
              34.2613012
            ],
            [
              108.9210482,
              34.2609815
            ],
            [
              108.9210478,
              34.2606442
            ],
            [
              108.9209142,
              34.2606442
            ],
            [
              108.9209143,
              34.2605345
            ],
            [
              108.920851,
              34.2605344
            ],
            [
              108.9208515,
              34.2604303
            ],
            [
              108.9209458,
              34.2604279
            ],
            [
              108.9210519,
              34.2604551
            ],
            [
              108.9212256,
              34.2605286
            ],
            [
              108.9213781,
              34.2606546
            ],
            [
              108.9214547,
              34.2608012
            ],
            [
              108.9214811,
              34.2608939
            ],
            [
              108.9214955,
              34.2610132
            ],
            [
              108.9214599,
              34.26114
            ],
            [
              108.921408,
              34.2612638
            ],
            [
              108.9212331,
              34.2614083
            ],
            [
              108.9211556,
              34.2614725
            ],
            [
              108.9210408,
              34.2615384
            ],
            [
              108.9208406,
              34.2614733
            ]
          ]
        ]
      },
      "id": "way/272524817"
    },
    {
      "type": "Feature",
      "properties": {
        "@id": "way/272524818",
        "landuse": "meadow"
      },
      "geometry": {
        "type": "Polygon",
        "coordinates": [
          [
            [
              108.9216231,
              34.2611618
            ],
            [
              108.921644,
              34.2610858
            ],
            [
              108.9216476,
              34.2609724
            ],
            [
              108.921644,
              34.2608751
            ],
            [
              108.9218153,
              34.2609615
            ],
            [
              108.9218906,
              34.2609822
            ],
            [
              108.9218822,
              34.261034
            ],
            [
              108.9216231,
              34.2611618
            ]
          ]
        ]
      },
      "id": "way/272524818"
    },
    {
      "type": "Feature",
      "properties": {
        "@id": "way/272524819",
        "leisure": "park"
      },
      "geometry": {
        "type": "Polygon",
        "coordinates": [
          [
            [
              108.9210317,
              34.2624594
            ],
            [
              108.9210254,
              34.261805
            ],
            [
              108.9210666,
              34.2617971
            ],
            [
              108.9211743,
              34.2617552
            ],
            [
              108.9213548,
              34.2616531
            ],
            [
              108.9215386,
              34.2614934
            ],
            [
              108.9217445,
              34.2612709
            ],
            [
              108.9219283,
              34.2612081
            ],
            [
              108.9220296,
              34.2612264
            ],
            [
              108.9220422,
              34.2612892
            ],
            [
              108.9220296,
              34.2624542
            ],
            [
              108.9210317,
              34.2624594
            ]
          ]
        ]
      },
      "id": "way/272524819"
    },
    {
      "type": "Feature",
      "properties": {
        "@id": "way/272524955",
        "landuse": "meadow"
      },
      "geometry": {
        "type": "Polygon",
        "coordinates": [
          [
            [
              108.919395,
              34.261148
            ],
            [
              108.9189153,
              34.2610735
            ],
            [
              108.9188439,
              34.2610477
            ],
            [
              108.9188885,
              34.2609419
            ],
            [
              108.9192229,
              34.2608419
            ],
            [
              108.9194174,
              34.2607986
            ],
            [
              108.919395,
              34.261148
            ]
          ]
        ]
      },
      "id": "way/272524955"
    },
    {
      "type": "Feature",
      "properties": {
        "@id": "way/272524956",
        "landuse": "meadow"
      },
      "geometry": {
        "type": "Polygon",
        "coordinates": [
          [
            [
              108.920653,
              34.2615469
            ],
            [
              108.9202943,
              34.2615437
            ],
            [
              108.9200571,
              34.2615592
            ],
            [
              108.919915,
              34.2615283
            ],
            [
              108.9198215,
              34.2614634
            ],
            [
              108.9196307,
              34.261315
            ],
            [
              108.9195559,
              34.2611016
            ],
            [
              108.919568,
              34.2609832
            ],
            [
              108.9195783,
              34.2608821
            ],
            [
              108.9196269,
              34.2606966
            ],
            [
              108.9197354,
              34.2605791
            ],
            [
              108.9198738,
              34.2604554
            ],
            [
              108.920031,
              34.2604029
            ],
            [
              108.9204275,
              34.2604029
            ],
            [
              108.9206801,
              34.2604122
            ],
            [
              108.9206794,
              34.2605232
            ],
            [
              108.9198637,
              34.26052
            ],
            [
              108.9198636,
              34.260982
            ],
            [
              108.9198642,
              34.2613909
            ],
            [
              108.920653,
              34.2613907
            ],
            [
              108.920653,
              34.2615469
            ]
          ]
        ]
      },
      "id": "way/272524956"
    },
    {
      "type": "Feature",
      "properties": {
        "@id": "way/272525171",
        "landuse": "grass"
      },
      "geometry": {
        "type": "Polygon",
        "coordinates": [
          [
            [
              108.941657,
              34.2534874
            ],
            [
              108.9420618,
              34.253488
            ],
            [
              108.9420615,
              34.2535877
            ],
            [
              108.9423376,
              34.2535883
            ],
            [
              108.9426821,
              34.2535891
            ],
            [
              108.9426822,
              34.253541
            ],
            [
              108.942793,
              34.2535412
            ],
            [
              108.942793,
              34.253498
            ],
            [
              108.9429788,
              34.253498
            ],
            [
              108.9429598,
              34.2539621
            ],
            [
              108.942951,
              34.2539974
            ],
            [
              108.9429267,
              34.2540471
            ],
            [
              108.942882,
              34.2540894
            ],
            [
              108.942623,
              34.2543003
            ],
            [
              108.9419825,
              34.2543031
            ],
            [
              108.9417511,
              34.2541048
            ],
            [
              108.9417087,
              34.2540446
            ],
            [
              108.9416766,
              34.2539853
            ],
            [
              108.9416617,
              34.2539307
            ],
            [
              108.941657,
              34.2534874
            ]
          ]
        ]
      },
      "id": "way/272525171"
    },
    {
      "type": "Feature",
      "properties": {
        "@id": "way/277264146",
        "leisure": "park"
      },
      "geometry": {
        "type": "Polygon",
        "coordinates": [
          [
            [
              108.9361086,
              34.2578771
            ],
            [
              108.9360764,
              34.2578217
            ],
            [
              108.936063,
              34.257396
            ],
            [
              108.9360925,
              34.2573517
            ],
            [
              108.9361169,
              34.2573268
            ],
            [
              108.9361542,
              34.257314
            ],
            [
              108.9362025,
              34.2573051
            ],
            [
              108.936243,
              34.2573224
            ],
            [
              108.9362859,
              34.2573512
            ],
            [
              108.9363017,
              34.2573938
            ],
            [
              108.9363017,
              34.2578172
            ],
            [
              108.9362701,
              34.2578757
            ],
            [
              108.9361086,
              34.2578771
            ]
          ]
        ]
      },
      "id": "way/277264146"
    },
    {
      "type": "Feature",
      "properties": {
        "@id": "way/283397525",
        "leisure": "park"
      },
      "geometry": {
        "type": "Polygon",
        "coordinates": [
          [
            [
              108.9286465,
              34.277767
            ],
            [
              108.928647,
              34.2773486
            ],
            [
              108.929254,
              34.2773564
            ],
            [
              108.9292521,
              34.2774553
            ],
            [
              108.9294809,
              34.2774583
            ],
            [
              108.9294829,
              34.2773575
            ],
            [
              108.930728,
              34.2773747
            ],
            [
              108.9307258,
              34.2774806
            ],
            [
              108.9309612,
              34.2774839
            ],
            [
              108.9309636,
              34.2773712
            ],
            [
              108.932183,
              34.2773886
            ],
            [
              108.9321807,
              34.2774996
            ],
            [
              108.9324009,
              34.2775028
            ],
            [
              108.9324032,
              34.2773933
            ],
            [
              108.9336702,
              34.2774112
            ],
            [
              108.9336678,
              34.2775276
            ],
            [
              108.9339069,
              34.2775309
            ],
            [
              108.9339094,
              34.2774049
            ],
            [
              108.935174,
              34.2774218
            ],
            [
              108.9351719,
              34.277531
            ],
            [
              108.9354049,
              34.277534
            ],
            [
              108.9354068,
              34.2774263
            ],
            [
              108.9366428,
              34.277441
            ],
            [
              108.9366409,
              34.2775485
            ],
            [
              108.9368588,
              34.277551
            ],
            [
              108.9368605,
              34.2774449
            ],
            [
              108.9381165,
              34.2774578
            ],
            [
              108.938115,
              34.2775582
            ],
            [
              108.9383458,
              34.2775604
            ],
            [
              108.9383471,
              34.2774609
            ],
            [
              108.9395794,
              34.2774716
            ],
            [
              108.9395779,
              34.2775971
            ],
            [
              108.9398245,
              34.2775932
            ],
            [
              108.939837,
              34.277481
            ],
            [
              108.9410986,
              34.2774911
            ],
            [
              108.9410973,
              34.2775947
            ],
            [
              108.9413245,
              34.2775965
            ],
            [
              108.9413258,
              34.2774865
            ],
            [
              108.9417782,
              34.2774902
            ],
            [
              108.9417834,
              34.2775837
            ],
            [
              108.9417785,
              34.2776771
            ],
            [
              108.9417634,
              34.2777699
            ],
            [
              108.9417383,
              34.2778611
            ],
            [
              108.9417054,
              34.2779457
            ],
            [
              108.9416639,
              34.2780276
            ],
            [
              108.9416141,
              34.2781064
            ],
            [
              108.9415564,
              34.2781813
            ],
            [
              108.9410266,
              34.2782859
            ],
            [
              108.9409949,
              34.2779591
            ],
            [
              108.9397696,
              34.2778942
            ],
            [
              108.9286465,
              34.277767
            ]
          ]
        ]
      },
      "id": "way/283397525"
    },
    {
      "type": "Feature",
      "properties": {
        "@id": "way/283397526",
        "landuse": "grass"
      },
      "geometry": {
        "type": "Polygon",
        "coordinates": [
          [
            [
              108.9419432,
              34.2773101
            ],
            [
              108.9420193,
              34.2771139
            ],
            [
              108.9421958,
              34.276959
            ],
            [
              108.9423833,
              34.2768587
            ],
            [
              108.9426481,
              34.2768769
            ],
            [
              108.9427804,
              34.2769134
            ],
            [
              108.9429459,
              34.2769863
            ],
            [
              108.9430452,
              34.2770683
            ],
            [
              108.943111,
              34.2771771
            ],
            [
              108.9431444,
              34.2772324
            ],
            [
              108.9431775,
              34.2773691
            ],
            [
              108.9429889,
              34.2773873
            ],
            [
              108.94299,
              34.2772771
            ],
            [
              108.9425639,
              34.2772741
            ],
            [
              108.9420906,
              34.2772708
            ],
            [
              108.9419432,
              34.2773101
            ]
          ]
        ]
      },
      "id": "way/283397526"
    },
    {
      "type": "Feature",
      "properties": {
        "@id": "way/283397527",
        "landuse": "grass"
      },
      "geometry": {
        "type": "Polygon",
        "coordinates": [
          [
            [
              108.9419151,
              34.2774908
            ],
            [
              108.9421168,
              34.277493
            ],
            [
              108.9421082,
              34.2782054
            ],
            [
              108.9425853,
              34.2781996
            ],
            [
              108.9430775,
              34.2781951
            ],
            [
              108.9430449,
              34.2782799
            ],
            [
              108.9429992,
              34.278349
            ],
            [
              108.9428369,
              34.2784538
            ],
            [
              108.9425649,
              34.2785023
            ],
            [
              108.942293,
              34.2784706
            ],
            [
              108.9420312,
              34.2783561
            ],
            [
              108.9419274,
              34.2781466
            ],
            [
              108.9419151,
              34.2774908
            ]
          ]
        ]
      },
      "id": "way/283397527"
    },
    {
      "type": "Feature",
      "properties": {
        "@id": "way/283397528",
        "landuse": "grass"
      },
      "geometry": {
        "type": "Polygon",
        "coordinates": [
          [
            [
              108.9415273,
              34.2784488
            ],
            [
              108.9416771,
              34.2782576
            ],
            [
              108.9417277,
              34.2782907
            ],
            [
              108.9418235,
              34.278442
            ],
            [
              108.9417747,
              34.2784801
            ],
            [
              108.9415273,
              34.2784488
            ]
          ]
        ]
      },
      "id": "way/283397528"
    },
    {
      "type": "Feature",
      "properties": {
        "@id": "way/283397529",
        "landuse": "grass"
      },
      "geometry": {
        "type": "Polygon",
        "coordinates": [
          [
            [
              108.9431972,
              34.2784668
            ],
            [
              108.9431771,
              34.2784083
            ],
            [
              108.9433251,
              34.2782322
            ],
            [
              108.9433655,
              34.2782687
            ],
            [
              108.9435043,
              34.278433
            ],
            [
              108.9431972,
              34.2784668
            ]
          ]
        ]
      },
      "id": "way/283397529"
    },
    {
      "type": "Feature",
      "properties": {
        "@id": "way/283397530",
        "landuse": "grass"
      },
      "geometry": {
        "type": "Polygon",
        "coordinates": [
          [
            [
              108.9431339,
              34.278706
            ],
            [
              108.9439339,
              34.278586
            ],
            [
              108.9441281,
              34.2786128
            ],
            [
              108.9442887,
              34.2787888
            ],
            [
              108.9440475,
              34.2788915
            ],
            [
              108.943874,
              34.2789385
            ],
            [
              108.9431339,
              34.278706
            ]
          ]
        ]
      },
      "id": "way/283397530"
    },
    {
      "type": "Feature",
      "properties": {
        "@id": "way/283397531",
        "leisure": "park"
      },
      "geometry": {
        "type": "Polygon",
        "coordinates": [
          [
            [
              108.9436744,
              34.2791001
            ],
            [
              108.9440432,
              34.2790156
            ],
            [
              108.9443492,
              34.2789455
            ],
            [
              108.9444513,
              34.2788377
            ],
            [
              108.9444683,
              34.2786971
            ],
            [
              108.9448446,
              34.2787763
            ],
            [
              108.9453018,
              34.2787815
            ],
            [
              108.9451942,
              34.2791558
            ],
            [
              108.9436405,
              34.2791502
            ],
            [
              108.9436744,
              34.2791001
            ]
          ]
        ]
      },
      "id": "way/283397531"
    },
    {
      "type": "Feature",
      "properties": {
        "@id": "way/283397532",
        "leisure": "park"
      },
      "geometry": {
        "type": "Polygon",
        "coordinates": [
          [
            [
              108.9556432,
              34.27768
            ],
            [
              108.9556429,
              34.2778996
            ],
            [
              108.9533173,
              34.2778996
            ],
            [
              108.9528778,
              34.2779092
            ],
            [
              108.9508422,
              34.2779536
            ],
            [
              108.949684,
              34.2779305
            ],
            [
              108.9442014,
              34.2778996
            ],
            [
              108.9441174,
              34.2782315
            ],
            [
              108.9439152,
              34.2783286
            ],
            [
              108.9436877,
              34.2782392
            ],
            [
              108.9436244,
              34.2781921
            ],
            [
              108.9435671,
              34.2781401
            ],
            [
              108.9435165,
              34.2780835
            ],
            [
              108.9434729,
              34.2780231
            ],
            [
              108.9434331,
              34.2779515
            ],
            [
              108.9434032,
              34.2778767
            ],
            [
              108.9433837,
              34.2777996
            ],
            [
              108.9433747,
              34.2777211
            ],
            [
              108.9433765,
              34.2776423
            ],
            [
              108.9433889,
              34.2775642
            ],
            [
              108.9438207,
              34.2775678
            ],
            [
              108.9438193,
              34.2776694
            ],
            [
              108.9441415,
              34.2776726
            ],
            [
              108.9441431,
              34.2775641
            ],
            [
              108.9453654,
              34.2775777
            ],
            [
              108.9453634,
              34.2776937
            ],
            [
              108.9456595,
              34.2776974
            ],
            [
              108.9456617,
              34.2775832
            ],
            [
              108.9468915,
              34.2775999
            ],
            [
              108.9468894,
              34.2776989
            ],
            [
              108.9471726,
              34.2777031
            ],
            [
              108.9471752,
              34.2775834
            ],
            [
              108.9484175,
              34.2776027
            ],
            [
              108.9484151,
              34.2777073
            ],
            [
              108.9486836,
              34.2777116
            ],
            [
              108.9486864,
              34.2775972
            ],
            [
              108.9499481,
              34.277618
            ],
            [
              108.9499455,
              34.277726
            ],
            [
              108.9501902,
              34.27773
            ],
            [
              108.9501931,
              34.2776062
            ],
            [
              108.9514922,
              34.2776273
            ],
            [
              108.9514898,
              34.2777302
            ],
            [
              108.9517113,
              34.2777337
            ],
            [
              108.9517138,
              34.2776265
            ],
            [
              108.9530158,
              34.2776464
            ],
            [
              108.9530262,
              34.277764
            ],
            [
              108.9532346,
              34.2777695
            ],
            [
              108.9532372,
              34.2776471
            ],
            [
              108.9545356,
              34.2776654
            ],
            [
              108.9545334,
              34.2777783
            ],
            [
              108.9547774,
              34.2777816
            ],
            [
              108.9547796,
              34.277669
            ],
            [
              108.9556432,
              34.27768
            ]
          ]
        ]
      },
      "id": "way/283397532"
    },
    {
      "type": "Feature",
      "properties": {
        "@id": "way/287208776",
        "leisure": "park",
        "name": "环城公园"
      },
      "geometry": {
        "type": "Polygon",
        "coordinates": [
          [
            [
              108.9624945,
              34.2780659
            ],
            [
              108.9624947,
              34.2777645
            ],
            [
              108.9636594,
              34.2777773
            ],
            [
              108.9636579,
              34.2778811
            ],
            [
              108.963873,
              34.2778832
            ],
            [
              108.9638744,
              34.2777751
            ],
            [
              108.9651533,
              34.2777859
            ],
            [
              108.9651521,
              34.2778893
            ],
            [
              108.9653827,
              34.2778909
            ],
            [
              108.9653836,
              34.2777926
            ],
            [
              108.96651,
              34.2777988
            ],
            [
              108.9665094,
              34.2778932
            ],
            [
              108.966728,
              34.277894
            ],
            [
              108.9667289,
              34.2777046
            ],
            [
              108.9666136,
              34.2777043
            ],
            [
              108.9666163,
              34.2767824
            ],
            [
              108.9667386,
              34.2767825
            ],
            [
              108.9667388,
              34.2765948
            ],
            [
              108.966617,
              34.2765947
            ],
            [
              108.9666167,
              34.2757093
            ],
            [
              108.9667387,
              34.2757093
            ],
            [
              108.9667384,
              34.27551
            ],
            [
              108.9666182,
              34.2755102
            ],
            [
              108.9666163,
              34.2746238
            ],
            [
              108.9667379,
              34.2746236
            ],
            [
              108.9667374,
              34.274414
            ],
            [
              108.9666171,
              34.2744142
            ],
            [
              108.9666145,
              34.2735307
            ],
            [
              108.9667244,
              34.2735305
            ],
            [
              108.9667238,
              34.2733383
            ],
            [
              108.9666037,
              34.2733386
            ],
            [
              108.9666009,
              34.2724073
            ],
            [
              108.9667536,
              34.2724024
            ],
            [
              108.966717,
              34.2717831
            ],
            [
              108.9670437,
              34.2717907
            ],
            [
              108.9670422,
              34.2719382
            ],
            [
              108.9670284,
              34.2723248
            ],
            [
              108.9670665,
              34.273865
            ],
            [
              108.9670805,
              34.2781947
            ],
            [
              108.9669637,
              34.2782796
            ],
            [
              108.9659645,
              34.2782463
            ],
            [
              108.9658056,
              34.278241
            ],
            [
              108.9655814,
              34.27816
            ],
            [
              108.9647502,
              34.2781561
            ],
            [
              108.9638115,
              34.2781754
            ],
            [
              108.9637134,
              34.2780751
            ],
            [
              108.9630315,
              34.2780759
            ],
            [
              108.9627922,
              34.2780714
            ],
            [
              108.9624945,
              34.2780659
            ]
          ]
        ]
      },
      "id": "way/287208776"
    },
    {
      "type": "Feature",
      "properties": {
        "@id": "way/287208777",
        "leisure": "park",
        "name": "环城公园"
      },
      "geometry": {
        "type": "Polygon",
        "coordinates": [
          [
            [
              108.9666469,
              34.2661598
            ],
            [
              108.9668243,
              34.2660237
            ],
            [
              108.9669171,
              34.2659176
            ],
            [
              108.966913,
              34.2672907
            ],
            [
              108.9669637,
              34.2712173
            ],
            [
              108.9667234,
              34.2712697
            ],
            [
              108.9667229,
              34.2710865
            ],
            [
              108.9666943,
              34.2710345
            ],
            [
              108.9665762,
              34.2710346
            ],
            [
              108.9665747,
              34.2700675
            ],
            [
              108.9666823,
              34.2700674
            ],
            [
              108.9666821,
              34.2698553
            ],
            [
              108.9665744,
              34.2698554
            ],
            [
              108.9665738,
              34.2688808
            ],
            [
              108.9666876,
              34.2688808
            ],
            [
              108.9666876,
              34.2686968
            ],
            [
              108.9665675,
              34.2686967
            ],
            [
              108.9665683,
              34.2678766
            ],
            [
              108.9666903,
              34.2678768
            ],
            [
              108.9666907,
              34.2676677
            ],
            [
              108.966569,
              34.2676675
            ],
            [
              108.9665712,
              34.2668664
            ],
            [
              108.9666836,
              34.2668667
            ],
            [
              108.9666844,
              34.26665
            ],
            [
              108.9665649,
              34.2666497
            ],
            [
              108.9665671,
              34.2661703
            ],
            [
              108.9666469,
              34.2661598
            ]
          ]
        ]
      },
      "id": "way/287208777"
    },
    {
      "type": "Feature",
      "properties": {
        "@id": "way/287208778",
        "leisure": "park"
      },
      "geometry": {
        "type": "Polygon",
        "coordinates": [
          [
            [
              108.9655517,
              34.2659609
            ],
            [
              108.9654754,
              34.2659487
            ],
            [
              108.9654318,
              34.2659257
            ],
            [
              108.9654088,
              34.2658946
            ],
            [
              108.9653929,
              34.2658619
            ],
            [
              108.9653824,
              34.2658233
            ],
            [
              108.9653984,
              34.2657617
            ],
            [
              108.9654437,
              34.2657166
            ],
            [
              108.9655348,
              34.2656937
            ],
            [
              108.9660352,
              34.2656861
            ],
            [
              108.9660322,
              34.2659602
            ],
            [
              108.9655517,
              34.2659609
            ]
          ]
        ]
      },
      "id": "way/287208778"
    },
    {
      "type": "Feature",
      "properties": {
        "@id": "way/287208779",
        "leaf_type": "broadleaved",
        "natural": "wood"
      },
      "geometry": {
        "type": "Polygon",
        "coordinates": [
          [
            [
              108.9672779,
              34.2712851
            ],
            [
              108.9672713,
              34.2711936
            ],
            [
              108.9672062,
              34.2659508
            ],
            [
              108.967369,
              34.2659723
            ],
            [
              108.9673169,
              34.2690459
            ],
            [
              108.967369,
              34.2697941
            ],
            [
              108.9674016,
              34.271269
            ],
            [
              108.9672779,
              34.2712851
            ]
          ]
        ]
      },
      "id": "way/287208779"
    },
    {
      "type": "Feature",
      "properties": {
        "@id": "way/287208780",
        "leisure": "park",
        "name": "环城公园"
      },
      "geometry": {
        "type": "Polygon",
        "coordinates": [
          [
            [
              108.9668936,
              34.2656924
            ],
            [
              108.9668349,
              34.2655901
            ],
            [
              108.9667372,
              34.2655309
            ],
            [
              108.9665712,
              34.2655039
            ],
            [
              108.9665748,
              34.2648415
            ],
            [
              108.966681,
              34.2648419
            ],
            [
              108.9666819,
              34.2646813
            ],
            [
              108.9665726,
              34.264681
            ],
            [
              108.9665766,
              34.2638501
            ],
            [
              108.9666909,
              34.2638504
            ],
            [
              108.9666916,
              34.2636754
            ],
            [
              108.9665741,
              34.2636751
            ],
            [
              108.9665767,
              34.2628589
            ],
            [
              108.9666826,
              34.2628591
            ],
            [
              108.9666827,
              34.2628352
            ],
            [
              108.9666828,
              34.2627221
            ],
            [
              108.9666829,
              34.2626999
            ],
            [
              108.9665692,
              34.2626998
            ],
            [
              108.9665698,
              34.2618824
            ],
            [
              108.9666878,
              34.2618824
            ],
            [
              108.9666868,
              34.2618456
            ],
            [
              108.966686,
              34.2617304
            ],
            [
              108.9666877,
              34.261708
            ],
            [
              108.9665698,
              34.2617081
            ],
            [
              108.9665685,
              34.261683
            ],
            [
              108.9670971,
              34.2616936
            ],
            [
              108.967089,
              34.261892
            ],
            [
              108.9669196,
              34.262215
            ],
            [
              108.9669717,
              34.2656924
            ],
            [
              108.9668936,
              34.2656924
            ]
          ]
        ]
      },
      "id": "way/287208780"
    },
    {
      "type": "Feature",
      "properties": {
        "@id": "way/287208781",
        "landuse": "grass"
      },
      "geometry": {
        "type": "Polygon",
        "coordinates": [
          [
            [
              108.966417,
              34.2614485
            ],
            [
              108.9661995,
              34.2614485
            ],
            [
              108.9659788,
              34.2613436
            ],
            [
              108.9657858,
              34.2610975
            ],
            [
              108.9657307,
              34.2609106
            ],
            [
              108.9657371,
              34.2608903
            ],
            [
              108.9657968,
              34.2607009
            ],
            [
              108.9659127,
              34.2605596
            ],
            [
              108.9661278,
              34.2604502
            ],
            [
              108.9663042,
              34.2603819
            ],
            [
              108.9664178,
              34.2603682
            ],
            [
              108.9664172,
              34.2605726
            ],
            [
              108.9662853,
              34.2605724
            ],
            [
              108.9662846,
              34.2608911
            ],
            [
              108.9662839,
              34.2611821
            ],
            [
              108.9664174,
              34.2611823
            ],
            [
              108.966417,
              34.2614485
            ]
          ]
        ]
      },
      "id": "way/287208781"
    },
    {
      "type": "Feature",
      "properties": {
        "@id": "way/287208782",
        "landuse": "grass"
      },
      "geometry": {
        "type": "Polygon",
        "coordinates": [
          [
            [
              108.9665695,
              34.2614622
            ],
            [
              108.9665692,
              34.2612652
            ],
            [
              108.9674026,
              34.2612643
            ],
            [
              108.9674019,
              34.2610993
            ],
            [
              108.967438,
              34.2610992
            ],
            [
              108.9674377,
              34.2608873
            ],
            [
              108.9674373,
              34.2605877
            ],
            [
              108.9673926,
              34.2605877
            ],
            [
              108.9673986,
              34.2605015
            ],
            [
              108.9674013,
              34.2604631
            ],
            [
              108.9666129,
              34.260464
            ],
            [
              108.9666127,
              34.2603545
            ],
            [
              108.9670764,
              34.2603408
            ],
            [
              108.9673577,
              34.2603864
            ],
            [
              108.9675893,
              34.2606098
            ],
            [
              108.9676334,
              34.2607647
            ],
            [
              108.9676169,
              34.2608875
            ],
            [
              108.9675948,
              34.2610519
            ],
            [
              108.9675341,
              34.2612388
            ],
            [
              108.9673356,
              34.261412
            ],
            [
              108.9671867,
              34.2614667
            ],
            [
              108.9665695,
              34.2614622
            ]
          ]
        ]
      },
      "id": "way/287208782"
    },
    {
      "type": "Feature",
      "properties": {
        "@id": "way/287208783",
        "landuse": "grass"
      },
      "geometry": {
        "type": "Polygon",
        "coordinates": [
          [
            [
              108.9673963,
              34.2615266
            ],
            [
              108.9673927,
              34.2614974
            ],
            [
              108.9676349,
              34.2613069
            ],
            [
              108.9675754,
              34.2615607
            ],
            [
              108.967556,
              34.261563
            ],
            [
              108.9673963,
              34.2615266
            ]
          ]
        ]
      },
      "id": "way/287208783"
    },
    {
      "type": "Feature",
      "properties": {
        "@id": "way/287208784",
        "landuse": "grass"
      },
      "geometry": {
        "type": "Polygon",
        "coordinates": [
          [
            [
              108.9676541,
              34.2605207
            ],
            [
              108.9675911,
              34.2604575
            ],
            [
              108.9675106,
              34.260371
            ],
            [
              108.9673926,
              34.2602912
            ],
            [
              108.9673859,
              34.2602602
            ],
            [
              108.9673859,
              34.2602391
            ],
            [
              108.9676273,
              34.2602292
            ],
            [
              108.9676541,
              34.2605207
            ]
          ]
        ]
      },
      "id": "way/287208784"
    },
    {
      "type": "Feature",
      "properties": {
        "@id": "way/287208785",
        "landuse": "grass"
      },
      "geometry": {
        "type": "Polygon",
        "coordinates": [
          [
            [
              108.9672869,
              34.2618969
            ],
            [
              108.9675702,
              34.2619083
            ],
            [
              108.9674991,
              34.2627464
            ],
            [
              108.9674193,
              34.2635925
            ],
            [
              108.9674275,
              34.2656532
            ],
            [
              108.9672321,
              34.2656586
            ],
            [
              108.9672373,
              34.2625173
            ],
            [
              108.9672382,
              34.2619613
            ],
            [
              108.9672869,
              34.2618969
            ]
          ]
        ]
      },
      "id": "way/287208785"
    },
    {
      "type": "Feature",
      "properties": {
        "@id": "way/287208786",
        "leisure": "park"
      },
      "geometry": {
        "type": "Polygon",
        "coordinates": [
          [
            [
              108.9623895,
              34.2531131
            ],
            [
              108.9624216,
              34.2528264
            ],
            [
              108.96249,
              34.2527568
            ],
            [
              108.9673229,
              34.2527688
            ],
            [
              108.9674116,
              34.252803
            ],
            [
              108.9674553,
              34.2528967
            ],
            [
              108.9674581,
              34.253291
            ],
            [
              108.9672478,
              34.2532883
            ],
            [
              108.9623895,
              34.2531131
            ]
          ]
        ]
      },
      "id": "way/287208786"
    },
    {
      "type": "Feature",
      "properties": {
        "@id": "way/287208787",
        "landuse": "grass"
      },
      "geometry": {
        "type": "Polygon",
        "coordinates": [
          [
            [
              108.9672478,
              34.2532883
            ],
            [
              108.9674581,
              34.253291
            ],
            [
              108.9674816,
              34.2570862
            ],
            [
              108.9674932,
              34.2582021
            ],
            [
              108.9675435,
              34.2585849
            ],
            [
              108.9676743,
              34.2599582
            ],
            [
              108.9675897,
              34.260009
            ],
            [
              108.9675695,
              34.2598598
            ],
            [
              108.9674019,
              34.2586244
            ],
            [
              108.9673059,
              34.2569706
            ],
            [
              108.9672478,
              34.2532883
            ]
          ]
        ]
      },
      "id": "way/287208787"
    },
    {
      "type": "Feature",
      "properties": {
        "@id": "way/287208788",
        "leisure": "park",
        "name": "环城公园"
      },
      "geometry": {
        "type": "Polygon",
        "coordinates": [
          [
            [
              108.9666974,
              34.2601044
            ],
            [
              108.9666122,
              34.2600662
            ],
            [
              108.9666116,
              34.2600141
            ],
            [
              108.9666952,
              34.2600136
            ],
            [
              108.9666966,
              34.2598229
            ],
            [
              108.9665926,
              34.2598201
            ],
            [
              108.9666013,
              34.2591279
            ],
            [
              108.9666905,
              34.2591268
            ],
            [
              108.9666919,
              34.258939
            ],
            [
              108.9666028,
              34.2589389
            ],
            [
              108.966609,
              34.2581583
            ],
            [
              108.9667327,
              34.2581582
            ],
            [
              108.9667324,
              34.2579482
            ],
            [
              108.9666019,
              34.2579484
            ],
            [
              108.9666009,
              34.2571717
            ],
            [
              108.9667244,
              34.2571716
            ],
            [
              108.9667242,
              34.2569859
            ],
            [
              108.9666199,
              34.256986
            ],
            [
              108.9666193,
              34.2561751
            ],
            [
              108.9667497,
              34.256175
            ],
            [
              108.9667496,
              34.2559906
            ],
            [
              108.9666125,
              34.2559906
            ],
            [
              108.966611,
              34.255158
            ],
            [
              108.9667234,
              34.2551561
            ],
            [
              108.9667207,
              34.2549762
            ],
            [
              108.9666107,
              34.2549751
            ],
            [
              108.966612,
              34.253967
            ],
            [
              108.9667298,
              34.2539697
            ],
            [
              108.9667412,
              34.2537405
            ],
            [
              108.9664509,
              34.2537265
            ],
            [
              108.9664427,
              34.2538378
            ],
            [
              108.9652184,
              34.253795
            ],
            [
              108.9652239,
              34.2536886
            ],
            [
              108.9649357,
              34.2536783
            ],
            [
              108.9649512,
              34.2537656
            ],
            [
              108.9637384,
              34.253706
            ],
            [
              108.9637428,
              34.2536262
            ],
            [
              108.9635002,
              34.253617
            ],
            [
              108.9634958,
              34.2536942
            ],
            [
              108.9624665,
              34.2536534
            ],
            [
              108.9624743,
              34.2533841
            ],
            [
              108.9663435,
              34.2535748
            ],
            [
              108.9669589,
              34.2536003
            ],
            [
              108.9669512,
              34.2539818
            ],
            [
              108.9669976,
              34.256233
            ],
            [
              108.9670026,
              34.2565176
            ],
            [
              108.9670435,
              34.2588456
            ],
            [
              108.9672051,
              34.2596594
            ],
            [
              108.9673128,
              34.2600726
            ],
            [
              108.9666974,
              34.2601044
            ]
          ]
        ]
      },
      "id": "way/287208788"
    },
    {
      "type": "Feature",
      "properties": {
        "@id": "way/287208789",
        "leisure": "park"
      },
      "geometry": {
        "type": "Polygon",
        "coordinates": [
          [
            [
              108.9587637,
              34.2530154
            ],
            [
              108.9587716,
              34.2528383
            ],
            [
              108.9588481,
              34.2527657
            ],
            [
              108.9588681,
              34.2527477
            ],
            [
              108.9621559,
              34.2527384
            ],
            [
              108.9621479,
              34.2530992
            ],
            [
              108.9587637,
              34.2530154
            ]
          ]
        ]
      },
      "id": "way/287208789"
    },
    {
      "type": "Feature",
      "properties": {
        "@id": "way/287208790",
        "leisure": "park"
      },
      "geometry": {
        "type": "Polygon",
        "coordinates": [
          [
            [
              108.958468,
              34.25286
            ],
            [
              108.9584666,
              34.2530144
            ],
            [
              108.9562324,
              34.2528833
            ],
            [
              108.9543644,
              34.2527896
            ],
            [
              108.9495629,
              34.2528047
            ],
            [
              108.9495985,
              34.2525981
            ],
            [
              108.9583413,
              34.2526819
            ],
            [
              108.958468,
              34.25286
            ]
          ]
        ]
      },
      "id": "way/287208790"
    },
    {
      "type": "Feature",
      "properties": {
        "@id": "way/287208791",
        "leisure": "park"
      },
      "geometry": {
        "type": "Polygon",
        "coordinates": [
          [
            [
              108.9587733,
              34.2535183
            ],
            [
              108.9588021,
              34.2531374
            ],
            [
              108.9607161,
              34.2532537
            ],
            [
              108.9621502,
              34.2532994
            ],
            [
              108.9621428,
              34.2535551
            ],
            [
              108.9619723,
              34.2535482
            ],
            [
              108.9619667,
              34.253641
            ],
            [
              108.9608054,
              34.2535931
            ],
            [
              108.9608099,
              34.2535184
            ],
            [
              108.9605522,
              34.2535078
            ],
            [
              108.9605472,
              34.2535909
            ],
            [
              108.9592788,
              34.2535394
            ],
            [
              108.9592834,
              34.2534594
            ],
            [
              108.9590958,
              34.2534521
            ],
            [
              108.9590902,
              34.2535302
            ],
            [
              108.9587733,
              34.2535183
            ]
          ]
        ]
      },
      "id": "way/287208791"
    },
    {
      "type": "Feature",
      "properties": {
        "@id": "way/287208792",
        "leisure": "park",
        "name": "环城公园"
      },
      "geometry": {
        "type": "Polygon",
        "coordinates": [
          [
            [
              108.9495305,
              34.2533534
            ],
            [
              108.94955,
              34.2530797
            ],
            [
              108.951986,
              34.2530528
            ],
            [
              108.9541029,
              34.2530258
            ],
            [
              108.9579328,
              34.2532089
            ],
            [
              108.9584343,
              34.253182
            ],
            [
              108.9584272,
              34.2535056
            ],
            [
              108.9578597,
              34.2534847
            ],
            [
              108.9578642,
              34.2533952
            ],
            [
              108.9576907,
              34.2533894
            ],
            [
              108.9576866,
              34.2534771
            ],
            [
              108.9563393,
              34.2534369
            ],
            [
              108.9534919,
              34.2532999
            ],
            [
              108.9534685,
              34.2532189
            ],
            [
              108.9532677,
              34.2532189
            ],
            [
              108.9532584,
              34.2533076
            ],
            [
              108.9519343,
              34.2533701
            ],
            [
              108.9519347,
              34.2532678
            ],
            [
              108.9516562,
              34.2532675
            ],
            [
              108.9516562,
              34.2533636
            ],
            [
              108.9503916,
              34.2533655
            ],
            [
              108.9503903,
              34.2532743
            ],
            [
              108.9501489,
              34.253275
            ],
            [
              108.9501492,
              34.2533505
            ],
            [
              108.9495305,
              34.2533534
            ]
          ]
        ]
      },
      "id": "way/287208792"
    },
    {
      "type": "Feature",
      "properties": {
        "@id": "way/287208886",
        "leisure": "park"
      },
      "geometry": {
        "type": "Polygon",
        "coordinates": [
          [
            [
              108.9433019,
              34.253372
            ],
            [
              108.9432747,
              34.2522609
            ],
            [
              108.9436611,
              34.2528115
            ],
            [
              108.9437838,
              34.2529793
            ],
            [
              108.9439338,
              34.2530136
            ],
            [
              108.94393,
              34.2530464
            ],
            [
              108.9444079,
              34.2530391
            ],
            [
              108.9444181,
              34.2529788
            ],
            [
              108.9462001,
              34.2529501
            ],
            [
              108.9471637,
              34.2529567
            ],
            [
              108.9491445,
              34.2530118
            ],
            [
              108.9491575,
              34.2533552
            ],
            [
              108.9488592,
              34.2533566
            ],
            [
              108.9488584,
              34.2532601
            ],
            [
              108.9486279,
              34.2532614
            ],
            [
              108.9486286,
              34.2533589
            ],
            [
              108.9472972,
              34.2533661
            ],
            [
              108.9472965,
              34.253275
            ],
            [
              108.9470308,
              34.2532764
            ],
            [
              108.9470314,
              34.2533579
            ],
            [
              108.9457539,
              34.2533623
            ],
            [
              108.9457559,
              34.2532653
            ],
            [
              108.9455152,
              34.2532636
            ],
            [
              108.9455111,
              34.2533623
            ],
            [
              108.9441759,
              34.2533671
            ],
            [
              108.9441758,
              34.2532684
            ],
            [
              108.9441063,
              34.2532693
            ],
            [
              108.9439878,
              34.2532693
            ],
            [
              108.943914,
              34.2532687
            ],
            [
              108.9439142,
              34.2533617
            ],
            [
              108.9433019,
              34.253372
            ]
          ]
        ]
      },
      "id": "way/287208886"
    },
    {
      "type": "Feature",
      "properties": {
        "@id": "way/287278026",
        "leisure": "park",
        "name": "环城公园"
      },
      "geometry": {
        "type": "Polygon",
        "coordinates": [
          [
            [
              108.928431,
              34.2533178
            ],
            [
              108.9284131,
              34.2526245
            ],
            [
              108.9285802,
              34.2526206
            ],
            [
              108.9342337,
              34.2526391
            ],
            [
              108.9342471,
              34.2531054
            ],
            [
              108.9342893,
              34.2533539
            ],
            [
              108.9335565,
              34.2533502
            ],
            [
              108.9335572,
              34.2532569
            ],
            [
              108.9333974,
              34.2532561
            ],
            [
              108.9333969,
              34.2533485
            ],
            [
              108.9321358,
              34.2533437
            ],
            [
              108.9321362,
              34.2532567
            ],
            [
              108.9319762,
              34.2532563
            ],
            [
              108.9319759,
              34.2533425
            ],
            [
              108.9313928,
              34.2533416
            ],
            [
              108.9307107,
              34.2533406
            ],
            [
              108.9307108,
              34.2532353
            ],
            [
              108.9304805,
              34.2532352
            ],
            [
              108.9304805,
              34.2533247
            ],
            [
              108.9293451,
              34.2533253
            ],
            [
              108.9293455,
              34.2533136
            ],
            [
              108.9293446,
              34.25322
            ],
            [
              108.9292889,
              34.2532203
            ],
            [
              108.9291161,
              34.2532204
            ],
            [
              108.9291164,
              34.2533197
            ],
            [
              108.928431,
              34.2533178
            ]
          ]
        ]
      },
      "id": "way/287278026"
    },
    {
      "type": "Feature",
      "properties": {
        "@id": "way/288902492",
        "natural": "wood"
      },
      "geometry": {
        "type": "Polygon",
        "coordinates": [
          [
            [
              108.9190385,
              34.2790916
            ],
            [
              108.9189887,
              34.2790179
            ],
            [
              108.9180523,
              34.2790009
            ],
            [
              108.9180584,
              34.278823
            ],
            [
              108.9201315,
              34.27887
            ],
            [
              108.9249717,
              34.2788866
            ],
            [
              108.928192,
              34.2787267
            ],
            [
              108.9281897,
              34.2789161
            ],
            [
              108.9264518,
              34.2790236
            ],
            [
              108.9252194,
              34.2790862
            ],
            [
              108.925185,
              34.2791602
            ],
            [
              108.9217701,
              34.2791659
            ],
            [
              108.9217839,
              34.2793251
            ],
            [
              108.9205569,
              34.2793313
            ],
            [
              108.9205584,
              34.2791317
            ],
            [
              108.9190385,
              34.2790916
            ]
          ]
        ]
      },
      "id": "way/288902492"
    },
    {
      "type": "Feature",
      "properties": {
        "@id": "way/288902493",
        "natural": "wood"
      },
      "geometry": {
        "type": "Polygon",
        "coordinates": [
          [
            [
              108.9100103,
              34.2791429
            ],
            [
              108.9100199,
              34.279008
            ],
            [
              108.9103752,
              34.2789525
            ],
            [
              108.9151175,
              34.2790381
            ],
            [
              108.9174883,
              34.2790343
            ],
            [
              108.9174811,
              34.2791985
            ],
            [
              108.9158255,
              34.2791395
            ],
            [
              108.9152055,
              34.2790613
            ],
            [
              108.9148212,
              34.2791112
            ],
            [
              108.9137457,
              34.2790795
            ],
            [
              108.9137169,
              34.2792223
            ],
            [
              108.9100103,
              34.2791429
            ]
          ]
        ]
      },
      "id": "way/288902493"
    },
    {
      "type": "Feature",
      "properties": {
        "@id": "way/334970225",
        "leisure": "park"
      },
      "geometry": {
        "type": "Polygon",
        "coordinates": [
          [
            [
              108.9489684,
              34.2686422
            ],
            [
              108.9489678,
              34.2683962
            ],
            [
              108.9486308,
              34.2683968
            ],
            [
              108.9486304,
              34.2682673
            ],
            [
              108.9488364,
              34.268267
            ],
            [
              108.9488355,
              34.2679591
            ],
            [
              108.9480825,
              34.2679604
            ],
            [
              108.9480811,
              34.267435
            ],
            [
              108.951013,
              34.2674296
            ],
            [
              108.9510092,
              34.2679903
            ],
            [
              108.949925,
              34.2679882
            ],
            [
              108.9499246,
              34.2681213
            ],
            [
              108.9510088,
              34.2681233
            ],
            [
              108.9510049,
              34.2686306
            ],
            [
              108.9498683,
              34.2686327
            ],
            [
              108.9498688,
              34.2688228
            ],
            [
              108.9494379,
              34.2688236
            ],
            [
              108.9494374,
              34.2686414
            ],
            [
              108.9489684,
              34.2686422
            ]
          ]
        ]
      },
      "id": "way/334970225"
    },
    {
      "type": "Feature",
      "properties": {
        "@id": "way/334970233",
        "natural": "wood"
      },
      "geometry": {
        "type": "Polygon",
        "coordinates": [
          [
            [
              108.9481298,
              34.2666406
            ],
            [
              108.9481253,
              34.2661853
            ],
            [
              108.9493386,
              34.2661772
            ],
            [
              108.9493397,
              34.2662939
            ],
            [
              108.9488497,
              34.2662971
            ],
            [
              108.948853,
              34.2666357
            ],
            [
              108.9481298,
              34.2666406
            ]
          ]
        ]
      },
      "id": "way/334970233"
    },
    {
      "type": "Feature",
      "properties": {
        "@id": "way/334970234",
        "natural": "wood"
      },
      "geometry": {
        "type": "Polygon",
        "coordinates": [
          [
            [
              108.949769,
              34.2662832
            ],
            [
              108.9497671,
              34.2661681
            ],
            [
              108.9509882,
              34.2661542
            ],
            [
              108.9509955,
              34.2665919
            ],
            [
              108.9502626,
              34.2666003
            ],
            [
              108.9502572,
              34.2662776
            ],
            [
              108.949769,
              34.2662832
            ]
          ]
        ]
      },
      "id": "way/334970234"
    },
    {
      "type": "Feature",
      "properties": {
        "@id": "way/334970235",
        "landuse": "grass"
      },
      "geometry": {
        "type": "Polygon",
        "coordinates": [
          [
            [
              108.949326,
              34.2665491
            ],
            [
              108.9493238,
              34.2663543
            ],
            [
              108.9497527,
              34.266351
            ],
            [
              108.9497549,
              34.2665458
            ],
            [
              108.949326,
              34.2665491
            ]
          ]
        ]
      },
      "id": "way/334970235"
    },
    {
      "type": "Feature",
      "properties": {
        "@id": "way/334970236",
        "landuse": "grass"
      },
      "geometry": {
        "type": "Polygon",
        "coordinates": [
          [
            [
              108.9490708,
              34.2665642
            ],
            [
              108.9490708,
              34.266366
            ],
            [
              108.9491602,
              34.266366
            ],
            [
              108.9491602,
              34.2665643
            ],
            [
              108.9490708,
              34.2665642
            ]
          ]
        ]
      },
      "id": "way/334970236"
    },
    {
      "type": "Feature",
      "properties": {
        "@id": "way/334970237",
        "landuse": "grass"
      },
      "geometry": {
        "type": "Polygon",
        "coordinates": [
          [
            [
              108.9498982,
              34.2665265
            ],
            [
              108.9499022,
              34.2663635
            ],
            [
              108.9499998,
              34.2663651
            ],
            [
              108.9499957,
              34.2665281
            ],
            [
              108.9498982,
              34.2665265
            ]
          ]
        ]
      },
      "id": "way/334970237"
    },
    {
      "type": "Feature",
      "properties": {
        "@id": "way/359583120",
        "leisure": "park",
        "name": "香蜜园"
      },
      "geometry": {
        "type": "Polygon",
        "coordinates": [
          [
            [
              108.9101235,
              34.2482161
            ],
            [
              108.9101243,
              34.2479768
            ],
            [
              108.9106984,
              34.247978
            ],
            [
              108.9106977,
              34.2482173
            ],
            [
              108.9101235,
              34.2482161
            ]
          ]
        ]
      },
      "id": "way/359583120"
    },
    {
      "type": "Feature",
      "properties": {
        "@id": "way/360774528",
        "natural": "wood"
      },
      "geometry": {
        "type": "Polygon",
        "coordinates": [
          [
            [
              108.9082935,
              34.2450137
            ],
            [
              108.908297,
              34.2441282
            ],
            [
              108.9095938,
              34.2441317
            ],
            [
              108.9095902,
              34.2450173
            ],
            [
              108.9082935,
              34.2450137
            ]
          ]
        ]
      },
      "id": "way/360774528"
    },
    {
      "type": "Feature",
      "properties": {
        "@id": "way/374649893",
        "leisure": "park"
      },
      "geometry": {
        "type": "Polygon",
        "coordinates": [
          [
            [
              108.9647665,
              34.2794164
            ],
            [
              108.9647893,
              34.2789391
            ],
            [
              108.9653832,
              34.2790087
            ],
            [
              108.967057,
              34.279113
            ],
            [
              108.9671671,
              34.2792162
            ],
            [
              108.9671991,
              34.2794286
            ],
            [
              108.9647665,
              34.2794164
            ]
          ]
        ]
      },
      "id": "way/374649893"
    },
    {
      "type": "Feature",
      "properties": {
        "@id": "way/387465810",
        "leisure": "park"
      },
      "geometry": {
        "type": "Polygon",
        "coordinates": [
          [
            [
              108.9428293,
              34.265664
            ],
            [
              108.9428375,
              34.2652121
            ],
            [
              108.9433809,
              34.265217
            ],
            [
              108.9433751,
              34.26575
            ],
            [
              108.9429962,
              34.2657549
            ],
            [
              108.9428293,
              34.265664
            ]
          ]
        ]
      },
      "id": "way/387465810"
    },
    {
      "type": "Feature",
      "properties": {
        "@id": "way/387465812",
        "addr:city": "西安",
        "addr:district": "新城区",
        "addr:housenumber": "256",
        "addr:postcode": "710000",
        "addr:province": "陕西",
        "addr:street": "东新街",
        "leisure": "park",
        "name": "新城广场",
        "name:en": "Xincheng Square",
        "name:zh": "新城广场",
        "opening_hours": "24/7"
      },
      "geometry": {
        "type": "Polygon",
        "coordinates": [
          [
            [
              108.9479659,
              34.2657851
            ],
            [
              108.9486126,
              34.2651827
            ],
            [
              108.9487014,
              34.2651424
            ],
            [
              108.9487783,
              34.2651298
            ],
            [
              108.9488606,
              34.265126
            ],
            [
              108.9501317,
              34.2650947
            ],
            [
              108.9502488,
              34.2651058
            ],
            [
              108.950337,
              34.2651318
            ],
            [
              108.9503728,
              34.265146
            ],
            [
              108.9504182,
              34.2651679
            ],
            [
              108.9510519,
              34.2657308
            ],
            [
              108.9510618,
              34.2657643
            ],
            [
              108.9510247,
              34.2658306
            ],
            [
              108.9479716,
              34.2658415
            ],
            [
              108.9479659,
              34.2657851
            ]
          ]
        ]
      },
      "id": "way/387465812"
    },
    {
      "type": "Feature",
      "properties": {
        "@id": "way/390178498",
        "leisure": "park"
      },
      "geometry": {
        "type": "Polygon",
        "coordinates": [
          [
            [
              108.9415337,
              34.2658615
            ],
            [
              108.9415121,
              34.2655036
            ],
            [
              108.9419971,
              34.2654836
            ],
            [
              108.9420187,
              34.2658415
            ],
            [
              108.9415337,
              34.2658615
            ]
          ]
        ]
      },
      "id": "way/390178498"
    },
    {
      "type": "Feature",
      "properties": {
        "@id": "way/391122677",
        "landuse": "grass"
      },
      "geometry": {
        "type": "Polygon",
        "coordinates": [
          [
            [
              108.9621638,
              34.2444349
            ],
            [
              108.9621654,
              34.2440897
            ],
            [
              108.9621702,
              34.2430885
            ],
            [
              108.962504,
              34.2430872
            ],
            [
              108.9639412,
              34.2430814
            ],
            [
              108.9639412,
              34.2431867
            ],
            [
              108.9638853,
              34.2433212
            ],
            [
              108.9638728,
              34.244476
            ],
            [
              108.9641173,
              34.244482
            ],
            [
              108.964094,
              34.2448371
            ],
            [
              108.9632726,
              34.2448123
            ],
            [
              108.9632655,
              34.2444441
            ],
            [
              108.9621638,
              34.2444349
            ]
          ]
        ]
      },
      "id": "way/391122677"
    },
    {
      "type": "Feature",
      "properties": {
        "@id": "way/391123205",
        "landuse": "grass"
      },
      "geometry": {
        "type": "Polygon",
        "coordinates": [
          [
            [
              108.9719704,
              34.2443388
            ],
            [
              108.9719782,
              34.2432511
            ],
            [
              108.9725012,
              34.2432536
            ],
            [
              108.9725,
              34.2434206
            ],
            [
              108.9731491,
              34.2434237
            ],
            [
              108.9731503,
              34.2432567
            ],
            [
              108.9736506,
              34.2432593
            ],
            [
              108.9736684,
              34.244347
            ],
            [
              108.9719704,
              34.2443388
            ]
          ]
        ]
      },
      "id": "way/391123205"
    },
    {
      "type": "Feature",
      "properties": {
        "@id": "way/391123206",
        "landuse": "grass"
      },
      "geometry": {
        "type": "Polygon",
        "coordinates": [
          [
            [
              108.9721034,
              34.2431408
            ],
            [
              108.9721097,
              34.2429671
            ],
            [
              108.9726698,
              34.2429811
            ],
            [
              108.9726634,
              34.2431549
            ],
            [
              108.9721034,
              34.2431408
            ]
          ]
        ]
      },
      "id": "way/391123206"
    },
    {
      "type": "Feature",
      "properties": {
        "@id": "way/391123207",
        "landuse": "grass"
      },
      "geometry": {
        "type": "Polygon",
        "coordinates": [
          [
            [
              108.9729118,
              34.2431531
            ],
            [
              108.9729144,
              34.242985
            ],
            [
              108.9736378,
              34.2429927
            ],
            [
              108.9736352,
              34.2431607
            ],
            [
              108.9729118,
              34.2431531
            ]
          ]
        ]
      },
      "id": "way/391123207"
    },
    {
      "type": "Feature",
      "properties": {
        "@id": "way/391322282",
        "landuse": "grass"
      },
      "geometry": {
        "type": "Polygon",
        "coordinates": [
          [
            [
              108.9410117,
              34.2510254
            ],
            [
              108.9410018,
              34.2500742
            ],
            [
              108.9410629,
              34.250016
            ],
            [
              108.9418181,
              34.2500002
            ],
            [
              108.9418158,
              34.2501009
            ],
            [
              108.9415599,
              34.2503108
            ],
            [
              108.9414304,
              34.2504435
            ],
            [
              108.9413531,
              34.2505366
            ],
            [
              108.9413206,
              34.2506537
            ],
            [
              108.9413073,
              34.2509962
            ],
            [
              108.9412581,
              34.2510969
            ],
            [
              108.9412136,
              34.2510964
            ],
            [
              108.941213,
              34.2510534
            ],
            [
              108.9410514,
              34.2510538
            ],
            [
              108.9410117,
              34.2510254
            ]
          ]
        ]
      },
      "id": "way/391322282"
    },
    {
      "type": "Feature",
      "properties": {
        "@id": "way/391322284",
        "leisure": "park"
      },
      "geometry": {
        "type": "Polygon",
        "coordinates": [
          [
            [
              108.9438022,
              34.248437
            ],
            [
              108.9438018,
              34.2477523
            ],
            [
              108.9443767,
              34.2477521
            ],
            [
              108.9443769,
              34.247985
            ],
            [
              108.9451581,
              34.2479846
            ],
            [
              108.9451584,
              34.2484365
            ],
            [
              108.9438022,
              34.248437
            ]
          ]
        ]
      },
      "id": "way/391322284"
    },
    {
      "type": "Feature",
      "properties": {
        "@id": "way/391322286",
        "landuse": "grass"
      },
      "geometry": {
        "type": "Polygon",
        "coordinates": [
          [
            [
              108.9425094,
              34.2485089
            ],
            [
              108.9425152,
              34.2482791
            ],
            [
              108.9428067,
              34.2482841
            ],
            [
              108.9428009,
              34.2485139
            ],
            [
              108.9425094,
              34.2485089
            ]
          ]
        ]
      },
      "id": "way/391322286"
    },
    {
      "type": "Feature",
      "properties": {
        "@id": "way/391322287",
        "landuse": "grass"
      },
      "geometry": {
        "type": "Polygon",
        "coordinates": [
          [
            [
              108.9425374,
              34.2479033
            ],
            [
              108.9425368,
              34.247682
            ],
            [
              108.9427718,
              34.2476816
            ],
            [
              108.9427724,
              34.2479028
            ],
            [
              108.9425374,
              34.2479033
            ]
          ]
        ]
      },
      "id": "way/391322287"
    },
    {
      "type": "Feature",
      "properties": {
        "@id": "way/391489531",
        "landuse": "grass"
      },
      "geometry": {
        "type": "Polygon",
        "coordinates": [
          [
            [
              108.9387949,
              34.267626
            ],
            [
              108.9387732,
              34.2671906
            ],
            [
              108.9397671,
              34.2671568
            ],
            [
              108.9397763,
              34.2673411
            ],
            [
              108.9392881,
              34.2673577
            ],
            [
              108.9393006,
              34.2676088
            ],
            [
              108.9387949,
              34.267626
            ]
          ]
        ]
      },
      "id": "way/391489531"
    },
    {
      "type": "Feature",
      "properties": {
        "@id": "way/393074959",
        "landuse": "grass"
      },
      "geometry": {
        "type": "Polygon",
        "coordinates": [
          [
            [
              108.9746744,
              34.242579
            ],
            [
              108.974693,
              34.2378325
            ],
            [
              108.9749598,
              34.2379259
            ],
            [
              108.97488,
              34.2413264
            ],
            [
              108.9749551,
              34.241934
            ],
            [
              108.9749676,
              34.2425746
            ],
            [
              108.9746744,
              34.242579
            ]
          ]
        ]
      },
      "id": "way/393074959"
    },
    {
      "type": "Feature",
      "properties": {
        "@id": "way/393077962",
        "landuse": "grass"
      },
      "geometry": {
        "type": "Polygon",
        "coordinates": [
          [
            [
              108.9175821,
              34.2786252
            ],
            [
              108.9171208,
              34.2782661
            ],
            [
              108.9170618,
              34.2781952
            ],
            [
              108.9173342,
              34.2783137
            ],
            [
              108.9175407,
              34.2783149
            ],
            [
              108.9175821,
              34.2786252
            ]
          ]
        ]
      },
      "id": "way/393077962"
    },
    {
      "type": "Feature",
      "properties": {
        "@id": "way/393077963",
        "landuse": "grass"
      },
      "geometry": {
        "type": "Polygon",
        "coordinates": [
          [
            [
              108.9178791,
              34.2787943
            ],
            [
              108.9178515,
              34.2783263
            ],
            [
              108.918842,
              34.2783202
            ],
            [
              108.9189027,
              34.2783942
            ],
            [
              108.9195351,
              34.2783813
            ],
            [
              108.9198727,
              34.2783193
            ],
            [
              108.9195616,
              34.2784257
            ],
            [
              108.9191166,
              34.2785587
            ],
            [
              108.9187287,
              34.2785429
            ],
            [
              108.9186593,
              34.2784889
            ],
            [
              108.9182003,
              34.2785006
            ],
            [
              108.9180166,
              34.2785676
            ],
            [
              108.9178791,
              34.2787943
            ]
          ]
        ]
      },
      "id": "way/393077963"
    },
    {
      "type": "Feature",
      "properties": {
        "@id": "way/434568054",
        "leisure": "park"
      },
      "geometry": {
        "type": "Polygon",
        "coordinates": [
          [
            [
              108.939028,
              34.2657978
            ],
            [
              108.939024,
              34.2653908
            ],
            [
              108.9390883,
              34.265323
            ],
            [
              108.939151,
              34.2653895
            ],
            [
              108.9391663,
              34.2657978
            ],
            [
              108.939028,
              34.2657978
            ]
          ]
        ]
      },
      "id": "way/434568054"
    },
    {
      "type": "Feature",
      "properties": {
        "@id": "way/438980492",
        "leisure": "garden",
        "name": "董仲舒墓"
      },
      "geometry": {
        "type": "Polygon",
        "coordinates": [
          [
            [
              108.957518,
              34.2542569
            ],
            [
              108.9575609,
              34.2538545
            ],
            [
              108.957864,
              34.2538855
            ],
            [
              108.9578385,
              34.2542591
            ],
            [
              108.9578144,
              34.2542768
            ],
            [
              108.957518,
              34.2542569
            ]
          ]
        ]
      },
      "id": "way/438980492"
    },
    {
      "type": "Feature",
      "properties": {
        "@id": "way/465385312",
        "leisure": "park"
      },
      "geometry": {
        "type": "Polygon",
        "coordinates": [
          [
            [
              108.9387662,
              34.2571445
            ],
            [
              108.9391779,
              34.2571378
            ],
            [
              108.9391852,
              34.2574465
            ],
            [
              108.9390704,
              34.2574484
            ],
            [
              108.9390722,
              34.2575233
            ],
            [
              108.9387753,
              34.2575282
            ],
            [
              108.9387662,
              34.2571445
            ]
          ]
        ]
      },
      "id": "way/465385312"
    },
    {
      "type": "Feature",
      "properties": {
        "@id": "way/497244587",
        "leisure": "garden"
      },
      "geometry": {
        "type": "Polygon",
        "coordinates": [
          [
            [
              108.9415495,
              34.2547446
            ],
            [
              108.9415534,
              34.254578
            ],
            [
              108.9419047,
              34.2545836
            ],
            [
              108.9419009,
              34.2547501
            ],
            [
              108.9415495,
              34.2547446
            ]
          ]
        ]
      },
      "id": "way/497244587"
    },
    {
      "type": "Feature",
      "properties": {
        "@id": "way/497244588",
        "leisure": "garden"
      },
      "geometry": {
        "type": "Polygon",
        "coordinates": [
          [
            [
              108.9416029,
              34.2544881
            ],
            [
              108.94157,
              34.2544568
            ],
            [
              108.9415691,
              34.2543401
            ],
            [
              108.9415909,
              34.2543019
            ],
            [
              108.9417591,
              34.2544215
            ],
            [
              108.9417644,
              34.2544907
            ],
            [
              108.9416029,
              34.2544881
            ]
          ]
        ]
      },
      "id": "way/497244588"
    },
    {
      "type": "Feature",
      "properties": {
        "@id": "way/548954300",
        "leisure": "park"
      },
      "geometry": {
        "type": "Polygon",
        "coordinates": [
          [
            [
              108.9431976,
              34.2519778
            ],
            [
              108.9431976,
              34.2517805
            ],
            [
              108.9433559,
              34.2516763
            ],
            [
              108.943785,
              34.2516741
            ],
            [
              108.9440986,
              34.2516956
            ],
            [
              108.9442166,
              34.25172
            ],
            [
              108.9444499,
              34.2517998
            ],
            [
              108.9446136,
              34.2518863
            ],
            [
              108.9447587,
              34.2519911
            ],
            [
              108.9450135,
              34.252195
            ],
            [
              108.9451688,
              34.2523053
            ],
            [
              108.9453273,
              34.2523967
            ],
            [
              108.9454853,
              34.2524738
            ],
            [
              108.9455217,
              34.252489
            ],
            [
              108.9456703,
              34.2525514
            ],
            [
              108.9458503,
              34.2526051
            ],
            [
              108.9460864,
              34.2526539
            ],
            [
              108.9463221,
              34.2526689
            ],
            [
              108.9491414,
              34.2526938
            ],
            [
              108.9491411,
              34.2528728
            ],
            [
              108.9489856,
              34.2528773
            ],
            [
              108.9489856,
              34.2528507
            ],
            [
              108.9489426,
              34.2528507
            ],
            [
              108.9489456,
              34.252818
            ],
            [
              108.9483877,
              34.2527914
            ],
            [
              108.9481087,
              34.2527847
            ],
            [
              108.9453541,
              34.2527492
            ],
            [
              108.9441257,
              34.2527537
            ],
            [
              108.9440693,
              34.2527515
            ],
            [
              108.9440074,
              34.2527287
            ],
            [
              108.9439701,
              34.2526982
            ],
            [
              108.9435007,
              34.2520998
            ],
            [
              108.94342,
              34.2520481
            ],
            [
              108.9433022,
              34.2520133
            ],
            [
              108.9432271,
              34.2520066
            ],
            [
              108.9431976,
              34.2519778
            ]
          ]
        ]
      },
      "id": "way/548954300"
    },
    {
      "type": "Feature",
      "properties": {
        "@id": "way/548954301",
        "leisure": "park"
      },
      "geometry": {
        "type": "Polygon",
        "coordinates": [
          [
            [
              108.94143,
              34.2533146
            ],
            [
              108.9413887,
              34.2533614
            ],
            [
              108.9408294,
              34.2533598
            ],
            [
              108.9408295,
              34.2533388
            ],
            [
              108.9408299,
              34.2532539
            ],
            [
              108.9407727,
              34.2532537
            ],
            [
              108.9407519,
              34.2532534
            ],
            [
              108.9406224,
              34.2532534
            ],
            [
              108.9405545,
              34.2532533
            ],
            [
              108.9405541,
              34.2533642
            ],
            [
              108.9393469,
              34.2533606
            ],
            [
              108.9393473,
              34.2532738
            ],
            [
              108.9392885,
              34.2532736
            ],
            [
              108.9391648,
              34.2532732
            ],
            [
              108.9391005,
              34.253273
            ],
            [
              108.9391001,
              34.2533468
            ],
            [
              108.9378843,
              34.2533425
            ],
            [
              108.9378848,
              34.2532422
            ],
            [
              108.937844,
              34.253242
            ],
            [
              108.9377091,
              34.2532416
            ],
            [
              108.9376822,
              34.2532414
            ],
            [
              108.9376816,
              34.2533462
            ],
            [
              108.9364902,
              34.2533411
            ],
            [
              108.9364908,
              34.2532415
            ],
            [
              108.9362331,
              34.2532403
            ],
            [
              108.9362325,
              34.2533326
            ],
            [
              108.9350714,
              34.2533267
            ],
            [
              108.9350722,
              34.2532212
            ],
            [
              108.9348331,
              34.2532199
            ],
            [
              108.934832,
              34.2533566
            ],
            [
              108.9346143,
              34.2533538
            ],
            [
              108.9346227,
              34.2526739
            ],
            [
              108.9358458,
              34.2526694
            ],
            [
              108.9386915,
              34.2526583
            ],
            [
              108.9388846,
              34.2526406
            ],
            [
              108.9390268,
              34.2526029
            ],
            [
              108.9392172,
              34.2525431
            ],
            [
              108.9393647,
              34.2524898
            ],
            [
              108.939531,
              34.2523967
            ],
            [
              108.9396759,
              34.252297
            ],
            [
              108.9397829,
              34.2522077
            ],
            [
              108.9398797,
              34.252124
            ],
            [
              108.9399816,
              34.2520288
            ],
            [
              108.9400782,
              34.2519601
            ],
            [
              108.9401506,
              34.2519091
            ],
            [
              108.9402684,
              34.2518486
            ],
            [
              108.9404296,
              34.2517938
            ],
            [
              108.9405717,
              34.2517539
            ],
            [
              108.9406468,
              34.2517406
            ],
            [
              108.9411994,
              34.2517362
            ],
            [
              108.9412501,
              34.2517399
            ],
            [
              108.941312,
              34.2517672
            ],
            [
              108.9413523,
              34.2517982
            ],
            [
              108.9413603,
              34.2518293
            ],
            [
              108.9413673,
              34.2519718
            ],
            [
              108.9413697,
              34.2522517
            ],
            [
              108.94143,
              34.2523679
            ],
            [
              108.94143,
              34.2533146
            ]
          ]
        ]
      },
      "id": "way/548954301"
    },
    {
      "type": "Feature",
      "properties": {
        "@id": "way/548956664",
        "leisure": "park"
      },
      "geometry": {
        "type": "Polygon",
        "coordinates": [
          [
            [
              108.9428992,
              34.2507239
            ],
            [
              108.9429431,
              34.2515902
            ],
            [
              108.9429531,
              34.2517368
            ],
            [
              108.9429775,
              34.2519295
            ],
            [
              108.9429362,
              34.251939
            ],
            [
              108.9428437,
              34.2519212
            ],
            [
              108.9425714,
              34.251878
            ],
            [
              108.9425205,
              34.2518869
            ],
            [
              108.9424657,
              34.2519378
            ],
            [
              108.9424283,
              34.2519884
            ],
            [
              108.9423111,
              34.2519903
            ],
            [
              108.9422337,
              34.2519916
            ],
            [
              108.9422036,
              34.2519472
            ],
            [
              108.9422036,
              34.2519024
            ],
            [
              108.941988,
              34.2519035
            ],
            [
              108.9417708,
              34.2519567
            ],
            [
              108.9416184,
              34.2519715
            ],
            [
              108.9416083,
              34.2517445
            ],
            [
              108.9416053,
              34.2516472
            ],
            [
              108.9416157,
              34.2508106
            ],
            [
              108.9416394,
              34.2507074
            ],
            [
              108.9416622,
              34.2506364
            ],
            [
              108.941701,
              34.2505746
            ],
            [
              108.9417588,
              34.2505208
            ],
            [
              108.9418519,
              34.2504578
            ],
            [
              108.9419438,
              34.2504092
            ],
            [
              108.9420564,
              34.2503882
            ],
            [
              108.9421593,
              34.2503785
            ],
            [
              108.9423939,
              34.2503832
            ],
            [
              108.9424969,
              34.2503933
            ],
            [
              108.9426375,
              34.2504293
            ],
            [
              108.9426755,
              34.2504526
            ],
            [
              108.9427511,
              34.2505193
            ],
            [
              108.9428264,
              34.2505828
            ],
            [
              108.9428765,
              34.2506481
            ],
            [
              108.9428992,
              34.2507239
            ]
          ]
        ]
      },
      "id": "way/548956664"
    },
    {
      "type": "Feature",
      "properties": {
        "@id": "way/592293811",
        "natural": "wood"
      },
      "geometry": {
        "type": "Polygon",
        "coordinates": [
          [
            [
              108.9175029,
              34.2576167
            ],
            [
              108.9174951,
              34.2575168
            ],
            [
              108.9174994,
              34.2572385
            ],
            [
              108.9175544,
              34.257157
            ],
            [
              108.9176853,
              34.2571163
            ],
            [
              108.9177953,
              34.2571476
            ],
            [
              108.9178237,
              34.2573608
            ],
            [
              108.917911,
              34.2573624
            ],
            [
              108.9179584,
              34.2574157
            ],
            [
              108.9179982,
              34.2575066
            ],
            [
              108.9179527,
              34.2575709
            ],
            [
              108.9178731,
              34.2576116
            ],
            [
              108.9175029,
              34.2576167
            ]
          ]
        ]
      },
      "id": "way/592293811"
    },
    {
      "type": "Feature",
      "properties": {
        "@id": "way/592293812",
        "natural": "wood"
      },
      "geometry": {
        "type": "Polygon",
        "coordinates": [
          [
            [
              108.9179299,
              34.2573206
            ],
            [
              108.9179049,
              34.257091
            ],
            [
              108.9178803,
              34.2568073
            ],
            [
              108.9179998,
              34.2568324
            ],
            [
              108.9182274,
              34.2568198
            ],
            [
              108.9183355,
              34.2568496
            ],
            [
              108.9183563,
              34.2569437
            ],
            [
              108.9183772,
              34.2570408
            ],
            [
              108.9183044,
              34.2570982
            ],
            [
              108.9183223,
              34.2572911
            ],
            [
              108.9179299,
              34.2573206
            ]
          ]
        ]
      },
      "id": "way/592293812"
    },
    {
      "type": "Feature",
      "properties": {
        "@id": "way/592293813",
        "natural": "wood"
      },
      "geometry": {
        "type": "Polygon",
        "coordinates": [
          [
            [
              108.9241001,
              34.2637721
            ],
            [
              108.9240928,
              34.2626435
            ],
            [
              108.9251664,
              34.2626404
            ],
            [
              108.9251637,
              34.2626803
            ],
            [
              108.9250725,
              34.2627424
            ],
            [
              108.9250715,
              34.2628346
            ],
            [
              108.925144,
              34.2628948
            ],
            [
              108.9250544,
              34.2628936
            ],
            [
              108.924993,
              34.2630614
            ],
            [
              108.9250347,
              34.263186
            ],
            [
              108.9251385,
              34.2631819
            ],
            [
              108.925137,
              34.2632583
            ],
            [
              108.9257244,
              34.263266
            ],
            [
              108.9257615,
              34.2639086
            ],
            [
              108.9251089,
              34.2639117
            ],
            [
              108.9251042,
              34.2640139
            ],
            [
              108.9251019,
              34.2640612
            ],
            [
              108.9249989,
              34.2640579
            ],
            [
              108.9249965,
              34.2641689
            ],
            [
              108.9248012,
              34.2641701
            ],
            [
              108.9247397,
              34.2640302
            ],
            [
              108.9243579,
              34.2639403
            ],
            [
              108.9243243,
              34.2637632
            ],
            [
              108.9241001,
              34.2637721
            ]
          ]
        ]
      },
      "id": "way/592293813"
    },
    {
      "type": "Feature",
      "properties": {
        "@id": "way/592293837",
        "natural": "wood"
      },
      "geometry": {
        "type": "Polygon",
        "coordinates": [
          [
            [
              108.9172185,
              34.2576305
            ],
            [
              108.9172139,
              34.2574721
            ],
            [
              108.9171661,
              34.2574679
            ],
            [
              108.9171666,
              34.2573752
            ],
            [
              108.9170809,
              34.2572913
            ],
            [
              108.9171923,
              34.2572484
            ],
            [
              108.9174418,
              34.2572372
            ],
            [
              108.9174598,
              34.2576231
            ],
            [
              108.9172185,
              34.2576305
            ]
          ]
        ]
      },
      "id": "way/592293837"
    },
    {
      "type": "Feature",
      "properties": {
        "@id": "way/592305308",
        "natural": "wood"
      },
      "geometry": {
        "type": "Polygon",
        "coordinates": [
          [
            [
              108.9173945,
              34.2632789
            ],
            [
              108.9173215,
              34.2632717
            ],
            [
              108.9173215,
              34.2632397
            ],
            [
              108.9173215,
              34.263236
            ],
            [
              108.9173209,
              34.2632323
            ],
            [
              108.9173212,
              34.2632291
            ],
            [
              108.9173219,
              34.2632248
            ],
            [
              108.9173215,
              34.2632208
            ],
            [
              108.9173239,
              34.2632179
            ],
            [
              108.9173286,
              34.2632095
            ],
            [
              108.9174954,
              34.2632127
            ],
            [
              108.9175171,
              34.2632156
            ],
            [
              108.9175218,
              34.2632158
            ],
            [
              108.9175253,
              34.2632182
            ],
            [
              108.9175288,
              34.2632204
            ],
            [
              108.9175305,
              34.263223
            ],
            [
              108.9175288,
              34.2632262
            ],
            [
              108.9175264,
              34.2632303
            ],
            [
              108.9175261,
              34.2632339
            ],
            [
              108.917531,
              34.2632379
            ],
            [
              108.9175377,
              34.2632403
            ],
            [
              108.9175406,
              34.263242
            ],
            [
              108.9175446,
              34.2632475
            ],
            [
              108.9175461,
              34.2632519
            ],
            [
              108.9175441,
              34.263256
            ],
            [
              108.9175419,
              34.2632593
            ],
            [
              108.9175389,
              34.2632629
            ],
            [
              108.9175367,
              34.2632649
            ],
            [
              108.9175337,
              34.2632674
            ],
            [
              108.9175291,
              34.2632674
            ],
            [
              108.9175261,
              34.2632694
            ],
            [
              108.9175251,
              34.2632711
            ],
            [
              108.9175229,
              34.2632751
            ],
            [
              108.9175239,
              34.2632778
            ],
            [
              108.9175237,
              34.2632806
            ],
            [
              108.9175235,
              34.2632846
            ],
            [
              108.9175215,
              34.2632882
            ],
            [
              108.9175209,
              34.2632899
            ],
            [
              108.9175203,
              34.2632925
            ],
            [
              108.9175194,
              34.263295
            ],
            [
              108.9175188,
              34.2632974
            ],
            [
              108.9175206,
              34.2633014
            ],
            [
              108.9175267,
              34.2633055
            ],
            [
              108.9175304,
              34.263307
            ],
            [
              108.9175351,
              34.2633082
            ],
            [
              108.9175401,
              34.2633092
            ],
            [
              108.9175459,
              34.2633101
            ],
            [
              108.9175517,
              34.2633111
            ],
            [
              108.9175547,
              34.2633128
            ],
            [
              108.9175549,
              34.263315
            ],
            [
              108.9175547,
              34.2633188
            ],
            [
              108.9175559,
              34.2633213
            ],
            [
              108.9175555,
              34.263324
            ],
            [
              108.9175555,
              34.2633275
            ],
            [
              108.9175555,
              34.2633304
            ],
            [
              108.9175552,
              34.2633333
            ],
            [
              108.9175544,
              34.2633365
            ],
            [
              108.9175535,
              34.2633392
            ],
            [
              108.9175555,
              34.2633425
            ],
            [
              108.917557,
              34.2633452
            ],
            [
              108.9175599,
              34.2633476
            ],
            [
              108.9175649,
              34.2633491
            ],
            [
              108.9175693,
              34.2633505
            ],
            [
              108.9175731,
              34.2633508
            ],
            [
              108.917576,
              34.263351
            ],
            [
              108.9175772,
              34.2633551
            ],
            [
              108.9175777,
              34.2633597
            ],
            [
              108.9175794,
              34.2633655
            ],
            [
              108.917574,
              34.2633701
            ],
            [
              108.917567,
              34.2633722
            ],
            [
              108.9175614,
              34.2633708
            ],
            [
              108.9175594,
              34.2633669
            ],
            [
              108.9175588,
              34.2633633
            ],
            [
              108.9175515,
              34.26336
            ],
            [
              108.9175456,
              34.2633561
            ],
            [
              108.9175456,
              34.2633524
            ],
            [
              108.9175453,
              34.2633481
            ],
            [
              108.9175386,
              34.2633464
            ],
            [
              108.9175295,
              34.2633468
            ],
            [
              108.9175239,
              34.263346
            ],
            [
              108.9175159,
              34.263346
            ],
            [
              108.9175113,
              34.2633468
            ],
            [
              108.917507,
              34.2633475
            ],
            [
              108.9175037,
              34.2633475
            ],
            [
              108.917501,
              34.2633471
            ],
            [
              108.9174985,
              34.2633468
            ],
            [
              108.9174952,
              34.2633442
            ],
            [
              108.917493,
              34.2633408
            ],
            [
              108.9174909,
              34.2633355
            ],
            [
              108.9174909,
              34.2633323
            ],
            [
              108.9174888,
              34.2633271
            ],
            [
              108.9174745,
              34.2633283
            ],
            [
              108.9174589,
              34.2633283
            ],
            [
              108.9174512,
              34.263327
            ],
            [
              108.9174429,
              34.2633269
            ],
            [
              108.9174382,
              34.2633325
            ],
            [
              108.917438,
              34.2633376
            ],
            [
              108.917437,
              34.2633417
            ],
            [
              108.917438,
              34.2633463
            ],
            [
              108.917438,
              34.2633528
            ],
            [
              108.9174362,
              34.2633559
            ],
            [
              108.9174323,
              34.2633583
            ],
            [
              108.9174317,
              34.2633627
            ],
            [
              108.9174336,
              34.2633644
            ],
            [
              108.9174355,
              34.2633655
            ],
            [
              108.9174372,
              34.2633667
            ],
            [
              108.9174386,
              34.263369
            ],
            [
              108.9174405,
              34.2633745
            ],
            [
              108.9174404,
              34.2633777
            ],
            [
              108.91744,
              34.2633799
            ],
            [
              108.9174386,
              34.2633829
            ],
            [
              108.9174365,
              34.2633854
            ],
            [
              108.9174331,
              34.2633872
            ],
            [
              108.9174289,
              34.2633891
            ],
            [
              108.9174244,
              34.2633901
            ],
            [
              108.9174206,
              34.2633902
            ],
            [
              108.9174145,
              34.2633901
            ],
            [
              108.9173959,
              34.2633892
            ],
            [
              108.9173825,
              34.2633787
            ],
            [
              108.9173821,
              34.2633641
            ],
            [
              108.9173945,
              34.2632789
            ]
          ]
        ]
      },
      "id": "way/592305308"
    },
    {
      "type": "Feature",
      "properties": {
        "@id": "way/598529691",
        "natural": "grassland"
      },
      "geometry": {
        "type": "Polygon",
        "coordinates": [
          [
            [
              108.9568164,
              34.268281
            ],
            [
              108.9568164,
              34.2682289
            ],
            [
              108.957094,
              34.268229
            ],
            [
              108.9570939,
              34.268281
            ],
            [
              108.9568164,
              34.268281
            ]
          ]
        ]
      },
      "id": "way/598529691"
    },
    {
      "type": "Feature",
      "properties": {
        "@id": "way/691269644",
        "natural": "wood"
      },
      "geometry": {
        "type": "Polygon",
        "coordinates": [
          [
            [
              108.9772484,
              34.2457177
            ],
            [
              108.977499,
              34.2457157
            ],
            [
              108.9774995,
              34.2458365
            ],
            [
              108.9780985,
              34.2458355
            ],
            [
              108.9780945,
              34.2457125
            ],
            [
              108.9781661,
              34.2457126
            ],
            [
              108.9781609,
              34.2460703
            ],
            [
              108.9772384,
              34.2460767
            ],
            [
              108.9772484,
              34.2457177
            ]
          ]
        ]
      },
      "id": "way/691269644"
    },
    {
      "type": "Feature",
      "properties": {
        "@id": "way/738463994",
        "natural": "wood"
      },
      "geometry": {
        "type": "Polygon",
        "coordinates": [
          [
            [
              108.9079885,
              34.2432318
            ],
            [
              108.9095201,
              34.2432318
            ],
            [
              108.9095148,
              34.243438
            ],
            [
              108.9081508,
              34.2434325
            ],
            [
              108.9079912,
              34.2433316
            ],
            [
              108.9079885,
              34.2432318
            ]
          ]
        ]
      },
      "id": "way/738463994"
    },
    {
      "type": "Feature",
      "properties": {
        "@id": "way/738463995",
        "natural": "wood"
      },
      "geometry": {
        "type": "Polygon",
        "coordinates": [
          [
            [
              108.9075272,
              34.2436442
            ],
            [
              108.9076935,
              34.2436464
            ],
            [
              108.9077176,
              34.2440034
            ],
            [
              108.9074253,
              34.24403
            ],
            [
              108.9073824,
              34.2439236
            ],
            [
              108.9070444,
              34.243795
            ],
            [
              108.9071249,
              34.2436442
            ],
            [
              108.9074762,
              34.243744
            ],
            [
              108.9075272,
              34.2436442
            ]
          ]
        ]
      },
      "id": "way/738463995"
    },
    {
      "type": "Feature",
      "properties": {
        "@id": "way/763975766",
        "leisure": "park"
      },
      "geometry": {
        "type": "Polygon",
        "coordinates": [
          [
            [
              108.9196535,
              34.2714922
            ],
            [
              108.9196831,
              34.2716727
            ],
            [
              108.9196919,
              34.2754918
            ],
            [
              108.9196672,
              34.2772689
            ],
            [
              108.9196613,
              34.2773745
            ],
            [
              108.9196064,
              34.2774288
            ],
            [
              108.9195386,
              34.2774456
            ],
            [
              108.9191804,
              34.277442
            ],
            [
              108.919145,
              34.2774753
            ],
            [
              108.919139,
              34.2776943
            ],
            [
              108.9192726,
              34.2776992
            ],
            [
              108.9195355,
              34.2777202
            ],
            [
              108.9195835,
              34.2778594
            ],
            [
              108.9194819,
              34.2779861
            ],
            [
              108.91916,
              34.2779064
            ],
            [
              108.918822,
              34.2775961
            ],
            [
              108.9180978,
              34.2764702
            ],
            [
              108.9180764,
              34.2757299
            ],
            [
              108.9180657,
              34.2720242
            ],
            [
              108.9187255,
              34.2715055
            ],
            [
              108.9196535,
              34.2714922
            ]
          ]
        ]
      },
      "id": "way/763975766"
    },
    {
      "type": "Feature",
      "properties": {
        "@id": "way/977900012",
        "leisure": "park",
        "name": "下沉广场"
      },
      "geometry": {
        "type": "Polygon",
        "coordinates": [
          [
            [
              108.9607398,
              34.2421846
            ],
            [
              108.9607398,
              34.2419615
            ],
            [
              108.9612847,
              34.2419644
            ],
            [
              108.9612867,
              34.2421828
            ],
            [
              108.9608486,
              34.2421837
            ],
            [
              108.9608475,
              34.2422493
            ],
            [
              108.9607394,
              34.2422486
            ],
            [
              108.9607398,
              34.2421846
            ]
          ]
        ]
      },
      "id": "way/977900012"
    },
    {
      "type": "Feature",
      "properties": {
        "@id": "way/1030597165",
        "landuse": "flowerbed"
      },
      "geometry": {
        "type": "Polygon",
        "coordinates": [
          [
            [
              108.9209185,
              34.275554
            ],
            [
              108.9209182,
              34.2754201
            ],
            [
              108.9210748,
              34.2754198
            ],
            [
              108.9210749,
              34.2754767
            ],
            [
              108.9209868,
              34.2754768
            ],
            [
              108.920987,
              34.2755539
            ],
            [
              108.9209185,
              34.275554
            ]
          ]
        ]
      },
      "id": "way/1030597165"
    },
    {
      "type": "Feature",
      "properties": {
        "@id": "way/1030597166",
        "landuse": "flowerbed"
      },
      "geometry": {
        "type": "Polygon",
        "coordinates": [
          [
            [
              108.9213485,
              34.2755511
            ],
            [
              108.92128,
              34.2755512
            ],
            [
              108.9212798,
              34.2754741
            ],
            [
              108.9211917,
              34.2754743
            ],
            [
              108.9211916,
              34.2754175
            ],
            [
              108.9213482,
              34.2754172
            ],
            [
              108.9213485,
              34.2755511
            ]
          ]
        ]
      },
      "id": "way/1030597166"
    },
    {
      "type": "Feature",
      "properties": {
        "@id": "way/1082339222",
        "landuse": "greenfield"
      },
      "geometry": {
        "type": "Polygon",
        "coordinates": [
          [
            [
              108.9497155,
              34.2813594
            ],
            [
              108.9497048,
              34.2805128
            ],
            [
              108.9520705,
              34.2806325
            ],
            [
              108.953535,
              34.2806192
            ],
            [
              108.9537603,
              34.2809162
            ],
            [
              108.9537442,
              34.2813594
            ],
            [
              108.9497155,
              34.2813594
            ]
          ]
        ]
      },
      "id": "way/1082339222"
    },
    {
      "type": "Feature",
      "properties": {
        "@id": "way/1213239201",
        "landuse": "grass"
      },
      "geometry": {
        "type": "Polygon",
        "coordinates": [
          [
            [
              108.966624,
              34.28299
            ],
            [
              108.9666265,
              34.2822879
            ],
            [
              108.9671152,
              34.2822911
            ],
            [
              108.9669213,
              34.2825873
            ],
            [
              108.9667076,
              34.282913
            ],
            [
              108.966624,
              34.28299
            ]
          ]
        ]
      },
      "id": "way/1213239201"
    },
    {
      "type": "Feature",
      "properties": {
        "@id": "way/1213239209",
        "leisure": "park",
        "name": "大华1935（大华纺织厂旧址）"
      },
      "geometry": {
        "type": "Polygon",
        "coordinates": [
          [
            [
              108.9669379,
              34.2859381
            ],
            [
              108.9668989,
              34.2849299
            ],
            [
              108.9674541,
              34.284925
            ],
            [
              108.9674648,
              34.2854038
            ],
            [
              108.9686812,
              34.2852216
            ],
            [
              108.968676,
              34.2849449
            ],
            [
              108.9701071,
              34.2850197
            ],
            [
              108.9701368,
              34.2841691
            ],
            [
              108.9708103,
              34.2841649
            ],
            [
              108.9708824,
              34.2851294
            ],
            [
              108.9709313,
              34.2851964
            ],
            [
              108.9710771,
              34.2852085
            ],
            [
              108.9712622,
              34.286717
            ],
            [
              108.9711742,
              34.2867645
            ],
            [
              108.9700093,
              34.2869521
            ],
            [
              108.9699772,
              34.2868194
            ],
            [
              108.9684814,
              34.2870264
            ],
            [
              108.9669989,
              34.2870957
            ],
            [
              108.9669379,
              34.2859381
            ]
          ]
        ]
      },
      "id": "way/1213239209"
    },
    {
      "type": "Feature",
      "properties": {
        "@id": "way/1227580364",
        "landuse": "grass"
      },
      "geometry": {
        "type": "Polygon",
        "coordinates": [
          [
            [
              108.9446892,
              34.2613102
            ],
            [
              108.9453073,
              34.2613208
            ],
            [
              108.9453867,
              34.2614006
            ],
            [
              108.9453878,
              34.2616722
            ],
            [
              108.9446769,
              34.2616603
            ],
            [
              108.9446892,
              34.2613102
            ]
          ]
        ]
      },
      "id": "way/1227580364"
    },
    {
      "type": "Feature",
      "properties": {
        "@id": "way/1256787899",
        "landuse": "forest"
      },
      "geometry": {
        "type": "Polygon",
        "coordinates": [
          [
            [
              108.9489442,
              34.2652077
            ],
            [
              108.9491765,
              34.2652038
            ],
            [
              108.9491851,
              34.2655531
            ],
            [
              108.9489529,
              34.2655571
            ],
            [
              108.9489442,
              34.2652077
            ]
          ]
        ]
      },
      "id": "way/1256787899"
    },
    {
      "type": "Feature",
      "properties": {
        "@id": "way/1256787900",
        "landuse": "forest"
      },
      "geometry": {
        "type": "Polygon",
        "coordinates": [
          [
            [
              108.9498414,
              34.2651969
            ],
            [
              108.9500737,
              34.2651929
            ],
            [
              108.9500823,
              34.2655423
            ],
            [
              108.9498501,
              34.2655462
            ],
            [
              108.9498414,
              34.2651969
            ]
          ]
        ]
      },
      "id": "way/1256787900"
    },
    {
      "type": "Feature",
      "properties": {
        "@id": "way/1256787901",
        "landuse": "grass"
      },
      "geometry": {
        "type": "Polygon",
        "coordinates": [
          [
            [
              108.9486803,
              34.2652397
            ],
            [
              108.9486924,
              34.2652397
            ],
            [
              108.9486923,
              34.2652296
            ],
            [
              108.9487401,
              34.2652293
            ],
            [
              108.9487402,
              34.2652396
            ],
            [
              108.9487524,
              34.2652395
            ],
            [
              108.9487527,
              34.2652804
            ],
            [
              108.9487399,
              34.2652805
            ],
            [
              108.94874,
              34.2652909
            ],
            [
              108.9486938,
              34.2652911
            ],
            [
              108.9486937,
              34.2652815
            ],
            [
              108.9486807,
              34.2652816
            ],
            [
              108.9486803,
              34.2652397
            ]
          ]
        ]
      },
      "id": "way/1256787901"
    },
    {
      "type": "Feature",
      "properties": {
        "@id": "way/1256787902",
        "landuse": "grass"
      },
      "geometry": {
        "type": "Polygon",
        "coordinates": [
          [
            [
              108.9487785,
              34.2652421
            ],
            [
              108.9487906,
              34.2652421
            ],
            [
              108.9487905,
              34.265232
            ],
            [
              108.9488383,
              34.2652318
            ],
            [
              108.9488383,
              34.265242
            ],
            [
              108.9488506,
              34.265242
            ],
            [
              108.9488509,
              34.2652829
            ],
            [
              108.9488381,
              34.2652829
            ],
            [
              108.9488382,
              34.2652934
            ],
            [
              108.9487919,
              34.2652935
            ],
            [
              108.9487919,
              34.2652839
            ],
            [
              108.9487788,
              34.265284
            ],
            [
              108.9487785,
              34.2652421
            ]
          ]
        ]
      },
      "id": "way/1256787902"
    },
    {
      "type": "Feature",
      "properties": {
        "@id": "way/1256787903",
        "landuse": "grass"
      },
      "geometry": {
        "type": "Polygon",
        "coordinates": [
          [
            [
              108.9487812,
              34.2653221
            ],
            [
              108.9487932,
              34.265322
            ],
            [
              108.9487931,
              34.2653119
            ],
            [
              108.9488409,
              34.2653117
            ],
            [
              108.948841,
              34.265322
            ],
            [
              108.9488532,
              34.2653219
            ],
            [
              108.9488536,
              34.2653628
            ],
            [
              108.9488408,
              34.2653629
            ],
            [
              108.9488408,
              34.2653733
            ],
            [
              108.9487946,
              34.2653735
            ],
            [
              108.9487945,
              34.2653639
            ],
            [
              108.9487815,
              34.2653639
            ],
            [
              108.9487812,
              34.2653221
            ]
          ]
        ]
      },
      "id": "way/1256787903"
    },
    {
      "type": "Feature",
      "properties": {
        "@id": "way/1256787904",
        "landuse": "grass"
      },
      "geometry": {
        "type": "Polygon",
        "coordinates": [
          [
            [
              108.9486848,
              34.2653218
            ],
            [
              108.9486969,
              34.2653217
            ],
            [
              108.9486968,
              34.2653116
            ],
            [
              108.9487446,
              34.2653114
            ],
            [
              108.9487446,
              34.2653217
            ],
            [
              108.9487569,
              34.2653216
            ],
            [
              108.9487572,
              34.2653625
            ],
            [
              108.9487444,
              34.2653626
            ],
            [
              108.9487445,
              34.265373
            ],
            [
              108.9486982,
              34.2653732
            ],
            [
              108.9486982,
              34.2653636
            ],
            [
              108.9486851,
              34.2653636
            ],
            [
              108.9486848,
              34.2653218
            ]
          ]
        ]
      },
      "id": "way/1256787904"
    },
    {
      "type": "Feature",
      "properties": {
        "@id": "way/1256787905",
        "landuse": "grass"
      },
      "geometry": {
        "type": "Polygon",
        "coordinates": [
          [
            [
              108.9486852,
              34.2654027
            ],
            [
              108.9486973,
              34.2654026
            ],
            [
              108.9486972,
              34.2653925
            ],
            [
              108.9487449,
              34.2653923
            ],
            [
              108.948745,
              34.2654025
            ],
            [
              108.9487573,
              34.2654025
            ],
            [
              108.9487576,
              34.2654434
            ],
            [
              108.9487448,
              34.2654434
            ],
            [
              108.9487449,
              34.2654538
            ],
            [
              108.9486986,
              34.2654541
            ],
            [
              108.9486985,
              34.2654444
            ],
            [
              108.9486855,
              34.2654445
            ],
            [
              108.9486852,
              34.2654027
            ]
          ]
        ]
      },
      "id": "way/1256787905"
    },
    {
      "type": "Feature",
      "properties": {
        "@id": "way/1256787906",
        "landuse": "grass"
      },
      "geometry": {
        "type": "Polygon",
        "coordinates": [
          [
            [
              108.9487823,
              34.2654014
            ],
            [
              108.9487944,
              34.2654013
            ],
            [
              108.9487943,
              34.2653913
            ],
            [
              108.948842,
              34.265391
            ],
            [
              108.9488421,
              34.2654013
            ],
            [
              108.9488544,
              34.2654012
            ],
            [
              108.9488547,
              34.2654421
            ],
            [
              108.9488419,
              34.2654422
            ],
            [
              108.948842,
              34.2654526
            ],
            [
              108.9487957,
              34.2654528
            ],
            [
              108.9487956,
              34.2654432
            ],
            [
              108.9487826,
              34.2654433
            ],
            [
              108.9487823,
              34.2654014
            ]
          ]
        ]
      },
      "id": "way/1256787906"
    },
    {
      "type": "Feature",
      "properties": {
        "@id": "way/1256787907",
        "landuse": "grass"
      },
      "geometry": {
        "type": "Polygon",
        "coordinates": [
          [
            [
              108.9486863,
              34.2654832
            ],
            [
              108.9486984,
              34.2654832
            ],
            [
              108.9486983,
              34.2654731
            ],
            [
              108.9487461,
              34.2654728
            ],
            [
              108.9487462,
              34.2654831
            ],
            [
              108.9487584,
              34.265483
            ],
            [
              108.9487587,
              34.2655239
            ],
            [
              108.9487459,
              34.265524
            ],
            [
              108.948746,
              34.2655344
            ],
            [
              108.9486997,
              34.2655346
            ],
            [
              108.9486997,
              34.265525
            ],
            [
              108.9486866,
              34.2655251
            ],
            [
              108.9486863,
              34.2654832
            ]
          ]
        ]
      },
      "id": "way/1256787907"
    },
    {
      "type": "Feature",
      "properties": {
        "@id": "way/1256787908",
        "landuse": "grass"
      },
      "geometry": {
        "type": "Polygon",
        "coordinates": [
          [
            [
              108.9487869,
              34.2654823
            ],
            [
              108.9487989,
              34.2654822
            ],
            [
              108.9487988,
              34.2654721
            ],
            [
              108.9488466,
              34.2654719
            ],
            [
              108.9488467,
              34.2654822
            ],
            [
              108.9488589,
              34.2654821
            ],
            [
              108.9488592,
              34.265523
            ],
            [
              108.9488464,
              34.2655231
            ],
            [
              108.9488465,
              34.2655335
            ],
            [
              108.9488003,
              34.2655337
            ],
            [
              108.9488002,
              34.2655241
            ],
            [
              108.9487872,
              34.2655241
            ],
            [
              108.9487869,
              34.2654823
            ]
          ]
        ]
      },
      "id": "way/1256787908"
    },
    {
      "type": "Feature",
      "properties": {
        "@id": "way/1256787909",
        "landuse": "grass"
      },
      "geometry": {
        "type": "Polygon",
        "coordinates": [
          [
            [
              108.9487899,
              34.2655622
            ],
            [
              108.9488019,
              34.2655622
            ],
            [
              108.9488019,
              34.2655521
            ],
            [
              108.9488496,
              34.2655518
            ],
            [
              108.9488497,
              34.2655621
            ],
            [
              108.948862,
              34.265562
            ],
            [
              108.9488623,
              34.2656029
            ],
            [
              108.9488495,
              34.265603
            ],
            [
              108.9488496,
              34.2656134
            ],
            [
              108.9488033,
              34.2656136
            ],
            [
              108.9488032,
              34.265604
            ],
            [
              108.9487902,
              34.2656041
            ],
            [
              108.9487899,
              34.2655622
            ]
          ]
        ]
      },
      "id": "way/1256787909"
    },
    {
      "type": "Feature",
      "properties": {
        "@id": "way/1256787910",
        "landuse": "grass"
      },
      "geometry": {
        "type": "Polygon",
        "coordinates": [
          [
            [
              108.9486867,
              34.2655644
            ],
            [
              108.9486988,
              34.2655644
            ],
            [
              108.9486987,
              34.2655543
            ],
            [
              108.9487465,
              34.265554
            ],
            [
              108.9487465,
              34.2655643
            ],
            [
              108.9487588,
              34.2655642
            ],
            [
              108.9487591,
              34.2656051
            ],
            [
              108.9487463,
              34.2656052
            ],
            [
              108.9487464,
              34.2656156
            ],
            [
              108.9487001,
              34.2656158
            ],
            [
              108.9487001,
              34.2656062
            ],
            [
              108.948687,
              34.2656063
            ],
            [
              108.9486867,
              34.2655644
            ]
          ]
        ]
      },
      "id": "way/1256787910"
    },
    {
      "type": "Feature",
      "properties": {
        "@id": "way/1256787911",
        "landuse": "grass"
      },
      "geometry": {
        "type": "Polygon",
        "coordinates": [
          [
            [
              108.9486894,
              34.2656434
            ],
            [
              108.9487014,
              34.2656433
            ],
            [
              108.9487013,
              34.2656333
            ],
            [
              108.9487491,
              34.265633
            ],
            [
              108.9487492,
              34.2656433
            ],
            [
              108.9487614,
              34.2656432
            ],
            [
              108.9487618,
              34.2656841
            ],
            [
              108.948749,
              34.2656842
            ],
            [
              108.948749,
              34.2656946
            ],
            [
              108.9487028,
              34.2656948
            ],
            [
              108.9487027,
              34.2656852
            ],
            [
              108.9486897,
              34.2656853
            ],
            [
              108.9486894,
              34.2656434
            ]
          ]
        ]
      },
      "id": "way/1256787911"
    },
    {
      "type": "Feature",
      "properties": {
        "@id": "way/1256787912",
        "landuse": "grass"
      },
      "geometry": {
        "type": "Polygon",
        "coordinates": [
          [
            [
              108.948788,
              34.265645
            ],
            [
              108.9488,
              34.2656449
            ],
            [
              108.9488,
              34.2656348
            ],
            [
              108.9488477,
              34.2656346
            ],
            [
              108.9488478,
              34.2656449
            ],
            [
              108.9488601,
              34.2656448
            ],
            [
              108.9488604,
              34.2656857
            ],
            [
              108.9488476,
              34.2656858
            ],
            [
              108.9488477,
              34.2656962
            ],
            [
              108.9488014,
              34.2656964
            ],
            [
              108.9488013,
              34.2656868
            ],
            [
              108.9487883,
              34.2656868
            ],
            [
              108.948788,
              34.265645
            ]
          ]
        ]
      },
      "id": "way/1256787912"
    },
    {
      "type": "Feature",
      "properties": {
        "@id": "way/1256787913",
        "landuse": "grass"
      },
      "geometry": {
        "type": "Polygon",
        "coordinates": [
          [
            [
              108.9488859,
              34.2656434
            ],
            [
              108.9488979,
              34.2656433
            ],
            [
              108.9488978,
              34.2656333
            ],
            [
              108.9489456,
              34.265633
            ],
            [
              108.9489457,
              34.2656433
            ],
            [
              108.9489579,
              34.2656432
            ],
            [
              108.9489583,
              34.2656841
            ],
            [
              108.9489454,
              34.2656842
            ],
            [
              108.9489455,
              34.2656946
            ],
            [
              108.9488993,
              34.2656948
            ],
            [
              108.9488992,
              34.2656852
            ],
            [
              108.9488862,
              34.2656853
            ],
            [
              108.9488859,
              34.2656434
            ]
          ]
        ]
      },
      "id": "way/1256787913"
    },
    {
      "type": "Feature",
      "properties": {
        "@id": "way/1256787914",
        "landuse": "grass"
      },
      "geometry": {
        "type": "Polygon",
        "coordinates": [
          [
            [
              108.9489841,
              34.2656415
            ],
            [
              108.9489962,
              34.2656415
            ],
            [
              108.9489961,
              34.2656314
            ],
            [
              108.9490438,
              34.2656311
            ],
            [
              108.9490439,
              34.2656414
            ],
            [
              108.9490562,
              34.2656414
            ],
            [
              108.9490565,
              34.2656823
            ],
            [
              108.9490437,
              34.2656823
            ],
            [
              108.9490438,
              34.2656927
            ],
            [
              108.9489975,
              34.265693
            ],
            [
              108.9489974,
              34.2656833
            ],
            [
              108.9489844,
              34.2656834
            ],
            [
              108.9489841,
              34.2656415
            ]
          ]
        ]
      },
      "id": "way/1256787914"
    },
    {
      "type": "Feature",
      "properties": {
        "@id": "way/1256787915",
        "landuse": "grass"
      },
      "geometry": {
        "type": "Polygon",
        "coordinates": [
          [
            [
              108.9490827,
              34.2656418
            ],
            [
              108.9490948,
              34.2656418
            ],
            [
              108.9490947,
              34.2656317
            ],
            [
              108.9491425,
              34.2656314
            ],
            [
              108.9491426,
              34.2656417
            ],
            [
              108.9491548,
              34.2656417
            ],
            [
              108.9491551,
              34.2656826
            ],
            [
              108.9491423,
              34.2656826
            ],
            [
              108.9491424,
              34.265693
            ],
            [
              108.9490961,
              34.2656933
            ],
            [
              108.9490961,
              34.2656836
            ],
            [
              108.949083,
              34.2656837
            ],
            [
              108.9490827,
              34.2656418
            ]
          ]
        ]
      },
      "id": "way/1256787915"
    },
    {
      "type": "Feature",
      "properties": {
        "@id": "way/1256787916",
        "landuse": "grass"
      },
      "geometry": {
        "type": "Polygon",
        "coordinates": [
          [
            [
              108.9491783,
              34.2656381
            ],
            [
              108.9491904,
              34.265638
            ],
            [
              108.9491903,
              34.2656279
            ],
            [
              108.9492381,
              34.2656277
            ],
            [
              108.9492381,
              34.265638
            ],
            [
              108.9492504,
              34.2656379
            ],
            [
              108.9492507,
              34.2656788
            ],
            [
              108.9492379,
              34.2656789
            ],
            [
              108.949238,
              34.2656893
            ],
            [
              108.9491917,
              34.2656895
            ],
            [
              108.9491917,
              34.2656799
            ],
            [
              108.9491786,
              34.2656799
            ],
            [
              108.9491783,
              34.2656381
            ]
          ]
        ]
      },
      "id": "way/1256787916"
    },
    {
      "type": "Feature",
      "properties": {
        "@id": "way/1256787917",
        "landuse": "grass"
      },
      "geometry": {
        "type": "Polygon",
        "coordinates": [
          [
            [
              108.9491813,
              34.265723
            ],
            [
              108.9491934,
              34.265723
            ],
            [
              108.9491933,
              34.2657129
            ],
            [
              108.9492411,
              34.2657126
            ],
            [
              108.9492412,
              34.2657229
            ],
            [
              108.9492534,
              34.2657229
            ],
            [
              108.9492537,
              34.2657638
            ],
            [
              108.9492409,
              34.2657638
            ],
            [
              108.949241,
              34.2657742
            ],
            [
              108.9491948,
              34.2657745
            ],
            [
              108.9491947,
              34.2657648
            ],
            [
              108.9491817,
              34.2657649
            ],
            [
              108.9491813,
              34.265723
            ]
          ]
        ]
      },
      "id": "way/1256787917"
    },
    {
      "type": "Feature",
      "properties": {
        "@id": "way/1256787918",
        "landuse": "grass"
      },
      "geometry": {
        "type": "Polygon",
        "coordinates": [
          [
            [
              108.949082,
              34.265723
            ],
            [
              108.949094,
              34.265723
            ],
            [
              108.9490939,
              34.2657129
            ],
            [
              108.9491417,
              34.2657126
            ],
            [
              108.9491418,
              34.2657229
            ],
            [
              108.949154,
              34.2657229
            ],
            [
              108.9491544,
              34.2657638
            ],
            [
              108.9491416,
              34.2657638
            ],
            [
              108.9491416,
              34.2657742
            ],
            [
              108.9490954,
              34.2657745
            ],
            [
              108.9490953,
              34.2657648
            ],
            [
              108.9490823,
              34.2657649
            ],
            [
              108.949082,
              34.265723
            ]
          ]
        ]
      },
      "id": "way/1256787918"
    },
    {
      "type": "Feature",
      "properties": {
        "@id": "way/1256787919",
        "landuse": "grass"
      },
      "geometry": {
        "type": "Polygon",
        "coordinates": [
          [
            [
              108.9489826,
              34.265724
            ],
            [
              108.9489946,
              34.2657239
            ],
            [
              108.9489946,
              34.2657138
            ],
            [
              108.9490423,
              34.2657136
            ],
            [
              108.9490424,
              34.2657239
            ],
            [
              108.9490547,
              34.2657238
            ],
            [
              108.949055,
              34.2657647
            ],
            [
              108.9490422,
              34.2657648
            ],
            [
              108.9490422,
              34.2657752
            ],
            [
              108.948996,
              34.2657754
            ],
            [
              108.9489959,
              34.2657658
            ],
            [
              108.9489829,
              34.2657658
            ],
            [
              108.9489826,
              34.265724
            ]
          ]
        ]
      },
      "id": "way/1256787919"
    },
    {
      "type": "Feature",
      "properties": {
        "@id": "way/1256787920",
        "landuse": "grass"
      },
      "geometry": {
        "type": "Polygon",
        "coordinates": [
          [
            [
              108.9488855,
              34.2657246
            ],
            [
              108.9488975,
              34.2657245
            ],
            [
              108.9488975,
              34.2657145
            ],
            [
              108.9489452,
              34.2657142
            ],
            [
              108.9489453,
              34.2657245
            ],
            [
              108.9489576,
              34.2657244
            ],
            [
              108.9489579,
              34.2657653
            ],
            [
              108.9489451,
              34.2657654
            ],
            [
              108.9489451,
              34.2657758
            ],
            [
              108.9488989,
              34.265776
            ],
            [
              108.9488988,
              34.2657664
            ],
            [
              108.9488858,
              34.2657665
            ],
            [
              108.9488855,
              34.2657246
            ]
          ]
        ]
      },
      "id": "way/1256787920"
    },
    {
      "type": "Feature",
      "properties": {
        "@id": "way/1256787921",
        "landuse": "grass"
      },
      "geometry": {
        "type": "Polygon",
        "coordinates": [
          [
            [
              108.9487887,
              34.2657262
            ],
            [
              108.9488008,
              34.2657261
            ],
            [
              108.9488007,
              34.265716
            ],
            [
              108.9488485,
              34.2657158
            ],
            [
              108.9488486,
              34.2657261
            ],
            [
              108.9488608,
              34.265726
            ],
            [
              108.9488611,
              34.2657669
            ],
            [
              108.9488483,
              34.265767
            ],
            [
              108.9488484,
              34.2657774
            ],
            [
              108.9488022,
              34.2657776
            ],
            [
              108.9488021,
              34.265768
            ],
            [
              108.9487891,
              34.265768
            ],
            [
              108.9487887,
              34.2657262
            ]
          ]
        ]
      },
      "id": "way/1256787921"
    },
    {
      "type": "Feature",
      "properties": {
        "@id": "way/1256787922",
        "landuse": "grass"
      },
      "geometry": {
        "type": "Polygon",
        "coordinates": [
          [
            [
              108.9486909,
              34.2657277
            ],
            [
              108.9487029,
              34.2657277
            ],
            [
              108.9487029,
              34.2657176
            ],
            [
              108.9487506,
              34.2657173
            ],
            [
              108.9487507,
              34.2657276
            ],
            [
              108.948763,
              34.2657276
            ],
            [
              108.9487633,
              34.2657685
            ],
            [
              108.9487505,
              34.2657685
            ],
            [
              108.9487505,
              34.2657789
            ],
            [
              108.9487043,
              34.2657792
            ],
            [
              108.9487042,
              34.2657695
            ],
            [
              108.9486912,
              34.2657696
            ],
            [
              108.9486909,
              34.2657277
            ]
          ]
        ]
      },
      "id": "way/1256787922"
    },
    {
      "type": "Feature",
      "properties": {
        "@id": "way/1256787923",
        "landuse": "grass"
      },
      "geometry": {
        "type": "Polygon",
        "coordinates": [
          [
            [
              108.9497881,
              34.265714
            ],
            [
              108.9498002,
              34.2657139
            ],
            [
              108.9498001,
              34.2657038
            ],
            [
              108.9498479,
              34.2657036
            ],
            [
              108.9498479,
              34.2657139
            ],
            [
              108.9498602,
              34.2657138
            ],
            [
              108.9498605,
              34.2657547
            ],
            [
              108.9498477,
              34.2657548
            ],
            [
              108.9498478,
              34.2657652
            ],
            [
              108.9498015,
              34.2657654
            ],
            [
              108.9498014,
              34.2657558
            ],
            [
              108.9497884,
              34.2657558
            ],
            [
              108.9497881,
              34.265714
            ]
          ]
        ]
      },
      "id": "way/1256787923"
    },
    {
      "type": "Feature",
      "properties": {
        "@id": "way/1256787924",
        "landuse": "grass"
      },
      "geometry": {
        "type": "Polygon",
        "coordinates": [
          [
            [
              108.9497889,
              34.2656309
            ],
            [
              108.9498009,
              34.2656309
            ],
            [
              108.9498008,
              34.2656208
            ],
            [
              108.9498486,
              34.2656205
            ],
            [
              108.9498487,
              34.2656308
            ],
            [
              108.9498609,
              34.2656307
            ],
            [
              108.9498613,
              34.2656716
            ],
            [
              108.9498484,
              34.2656717
            ],
            [
              108.9498485,
              34.2656821
            ],
            [
              108.9498023,
              34.2656823
            ],
            [
              108.9498022,
              34.2656727
            ],
            [
              108.9497892,
              34.2656728
            ],
            [
              108.9497889,
              34.2656309
            ]
          ]
        ]
      },
      "id": "way/1256787924"
    },
    {
      "type": "Feature",
      "properties": {
        "@id": "way/1256787925",
        "landuse": "grass"
      },
      "geometry": {
        "type": "Polygon",
        "coordinates": [
          [
            [
              108.9498853,
              34.2657128
            ],
            [
              108.9498974,
              34.2657128
            ],
            [
              108.9498973,
              34.2657027
            ],
            [
              108.9499451,
              34.2657024
            ],
            [
              108.9499452,
              34.2657127
            ],
            [
              108.9499574,
              34.2657127
            ],
            [
              108.9499577,
              34.2657536
            ],
            [
              108.9499449,
              34.2657536
            ],
            [
              108.949945,
              34.265764
            ],
            [
              108.9498987,
              34.2657643
            ],
            [
              108.9498987,
              34.2657546
            ],
            [
              108.9498856,
              34.2657547
            ],
            [
              108.9498853,
              34.2657128
            ]
          ]
        ]
      },
      "id": "way/1256787925"
    },
    {
      "type": "Feature",
      "properties": {
        "@id": "way/1256787926",
        "landuse": "grass"
      },
      "geometry": {
        "type": "Polygon",
        "coordinates": [
          [
            [
              108.9498821,
              34.2656311
            ],
            [
              108.9498942,
              34.2656311
            ],
            [
              108.9498941,
              34.265621
            ],
            [
              108.9499419,
              34.2656207
            ],
            [
              108.949942,
              34.265631
            ],
            [
              108.9499542,
              34.2656309
            ],
            [
              108.9499545,
              34.2656718
            ],
            [
              108.9499417,
              34.2656719
            ],
            [
              108.9499418,
              34.2656823
            ],
            [
              108.9498955,
              34.2656825
            ],
            [
              108.9498955,
              34.2656729
            ],
            [
              108.9498824,
              34.265673
            ],
            [
              108.9498821,
              34.2656311
            ]
          ]
        ]
      },
      "id": "way/1256787926"
    },
    {
      "type": "Feature",
      "properties": {
        "@id": "way/1256787927",
        "landuse": "grass"
      },
      "geometry": {
        "type": "Polygon",
        "coordinates": [
          [
            [
              108.9499874,
              34.2657118
            ],
            [
              108.9499995,
              34.2657117
            ],
            [
              108.9499994,
              34.2657016
            ],
            [
              108.9500471,
              34.2657014
            ],
            [
              108.9500472,
              34.2657117
            ],
            [
              108.9500595,
              34.2657116
            ],
            [
              108.9500598,
              34.2657525
            ],
            [
              108.950047,
              34.2657526
            ],
            [
              108.9500471,
              34.265763
            ],
            [
              108.9500008,
              34.2657632
            ],
            [
              108.9500007,
              34.2657536
            ],
            [
              108.9499877,
              34.2657536
            ],
            [
              108.9499874,
              34.2657118
            ]
          ]
        ]
      },
      "id": "way/1256787927"
    },
    {
      "type": "Feature",
      "properties": {
        "@id": "way/1256787928",
        "landuse": "grass"
      },
      "geometry": {
        "type": "Polygon",
        "coordinates": [
          [
            [
              108.9499848,
              34.2656295
            ],
            [
              108.9499969,
              34.2656295
            ],
            [
              108.9499968,
              34.2656194
            ],
            [
              108.9500446,
              34.2656191
            ],
            [
              108.9500447,
              34.2656294
            ],
            [
              108.9500569,
              34.2656294
            ],
            [
              108.9500572,
              34.2656703
            ],
            [
              108.9500444,
              34.2656703
            ],
            [
              108.9500445,
              34.2656807
            ],
            [
              108.9499983,
              34.265681
            ],
            [
              108.9499982,
              34.2656713
            ],
            [
              108.9499851,
              34.2656714
            ],
            [
              108.9499848,
              34.2656295
            ]
          ]
        ]
      },
      "id": "way/1256787928"
    },
    {
      "type": "Feature",
      "properties": {
        "@id": "way/1256787929",
        "landuse": "grass"
      },
      "geometry": {
        "type": "Polygon",
        "coordinates": [
          [
            [
              108.950078,
              34.2657097
            ],
            [
              108.95009,
              34.2657096
            ],
            [
              108.95009,
              34.2656995
            ],
            [
              108.9501377,
              34.2656993
            ],
            [
              108.9501378,
              34.2657096
            ],
            [
              108.9501501,
              34.2657095
            ],
            [
              108.9501504,
              34.2657504
            ],
            [
              108.9501376,
              34.2657505
            ],
            [
              108.9501376,
              34.2657609
            ],
            [
              108.9500914,
              34.2657611
            ],
            [
              108.9500913,
              34.2657515
            ],
            [
              108.9500783,
              34.2657515
            ],
            [
              108.950078,
              34.2657097
            ]
          ]
        ]
      },
      "id": "way/1256787929"
    },
    {
      "type": "Feature",
      "properties": {
        "@id": "way/1256787930",
        "landuse": "grass"
      },
      "geometry": {
        "type": "Polygon",
        "coordinates": [
          [
            [
              108.9500773,
              34.2656274
            ],
            [
              108.9500894,
              34.2656274
            ],
            [
              108.9500893,
              34.2656173
            ],
            [
              108.9501371,
              34.265617
            ],
            [
              108.9501372,
              34.2656273
            ],
            [
              108.9501494,
              34.2656272
            ],
            [
              108.9501497,
              34.2656681
            ],
            [
              108.9501369,
              34.2656682
            ],
            [
              108.950137,
              34.2656786
            ],
            [
              108.9500908,
              34.2656789
            ],
            [
              108.9500907,
              34.2656692
            ],
            [
              108.9500777,
              34.2656693
            ],
            [
              108.9500773,
              34.2656274
            ]
          ]
        ]
      },
      "id": "way/1256787930"
    },
    {
      "type": "Feature",
      "properties": {
        "@id": "way/1256787931",
        "landuse": "grass"
      },
      "geometry": {
        "type": "Polygon",
        "coordinates": [
          [
            [
              108.9501839,
              34.2657102
            ],
            [
              108.9501959,
              34.2657101
            ],
            [
              108.9501959,
              34.2657
            ],
            [
              108.9502436,
              34.2656998
            ],
            [
              108.9502437,
              34.2657101
            ],
            [
              108.950256,
              34.26571
            ],
            [
              108.9502563,
              34.2657509
            ],
            [
              108.9502435,
              34.265751
            ],
            [
              108.9502435,
              34.2657614
            ],
            [
              108.9501973,
              34.2657616
            ],
            [
              108.9501972,
              34.265752
            ],
            [
              108.9501842,
              34.265752
            ],
            [
              108.9501839,
              34.2657102
            ]
          ]
        ]
      },
      "id": "way/1256787931"
    },
    {
      "type": "Feature",
      "properties": {
        "@id": "way/1256787932",
        "landuse": "grass"
      },
      "geometry": {
        "type": "Polygon",
        "coordinates": [
          [
            [
              108.9502796,
              34.2657112
            ],
            [
              108.9502916,
              34.2657112
            ],
            [
              108.9502916,
              34.2657011
            ],
            [
              108.9503393,
              34.2657009
            ],
            [
              108.9503394,
              34.2657111
            ],
            [
              108.9503517,
              34.2657111
            ],
            [
              108.950352,
              34.265752
            ],
            [
              108.9503392,
              34.265752
            ],
            [
              108.9503392,
              34.2657625
            ],
            [
              108.950293,
              34.2657626
            ],
            [
              108.9502929,
              34.265753
            ],
            [
              108.9502799,
              34.2657531
            ],
            [
              108.9502796,
              34.2657112
            ]
          ]
        ]
      },
      "id": "way/1256787932"
    },
    {
      "type": "Feature",
      "properties": {
        "@id": "way/1256787933",
        "landuse": "grass"
      },
      "geometry": {
        "type": "Polygon",
        "coordinates": [
          [
            [
              108.9501813,
              34.265629
            ],
            [
              108.9501934,
              34.2656289
            ],
            [
              108.9501933,
              34.2656189
            ],
            [
              108.9502411,
              34.2656186
            ],
            [
              108.9502412,
              34.2656289
            ],
            [
              108.9502534,
              34.2656288
            ],
            [
              108.9502537,
              34.2656697
            ],
            [
              108.9502409,
              34.2656698
            ],
            [
              108.950241,
              34.2656802
            ],
            [
              108.9501947,
              34.2656804
            ],
            [
              108.9501947,
              34.2656708
            ],
            [
              108.9501816,
              34.2656709
            ],
            [
              108.9501813,
              34.265629
            ]
          ]
        ]
      },
      "id": "way/1256787933"
    },
    {
      "type": "Feature",
      "properties": {
        "@id": "way/1256787934",
        "landuse": "grass"
      },
      "geometry": {
        "type": "Polygon",
        "coordinates": [
          [
            [
              108.9502789,
              34.2656253
            ],
            [
              108.950291,
              34.2656253
            ],
            [
              108.9502909,
              34.2656152
            ],
            [
              108.9503387,
              34.2656149
            ],
            [
              108.9503388,
              34.2656252
            ],
            [
              108.950351,
              34.2656251
            ],
            [
              108.9503513,
              34.265666
            ],
            [
              108.9503385,
              34.2656661
            ],
            [
              108.9503386,
              34.2656765
            ],
            [
              108.9502923,
              34.2656767
            ],
            [
              108.9502923,
              34.2656671
            ],
            [
              108.9502792,
              34.2656672
            ],
            [
              108.9502789,
              34.2656253
            ]
          ]
        ]
      },
      "id": "way/1256787934"
    },
    {
      "type": "Feature",
      "properties": {
        "@id": "way/1256787935",
        "landuse": "grass"
      },
      "geometry": {
        "type": "Polygon",
        "coordinates": [
          [
            [
              108.9501788,
              34.2655478
            ],
            [
              108.9501908,
              34.2655478
            ],
            [
              108.9501908,
              34.2655377
            ],
            [
              108.9502385,
              34.2655374
            ],
            [
              108.9502386,
              34.2655477
            ],
            [
              108.9502509,
              34.2655476
            ],
            [
              108.9502512,
              34.2655885
            ],
            [
              108.9502384,
              34.2655886
            ],
            [
              108.9502384,
              34.265599
            ],
            [
              108.9501922,
              34.2655992
            ],
            [
              108.9501921,
              34.2655896
            ],
            [
              108.9501791,
              34.2655897
            ],
            [
              108.9501788,
              34.2655478
            ]
          ]
        ]
      },
      "id": "way/1256787935"
    },
    {
      "type": "Feature",
      "properties": {
        "@id": "way/1256787936",
        "landuse": "grass"
      },
      "geometry": {
        "type": "Polygon",
        "coordinates": [
          [
            [
              108.9502777,
              34.2655478
            ],
            [
              108.9502897,
              34.2655478
            ],
            [
              108.9502896,
              34.2655377
            ],
            [
              108.9503374,
              34.2655374
            ],
            [
              108.9503375,
              34.2655477
            ],
            [
              108.9503497,
              34.2655476
            ],
            [
              108.9503501,
              34.2655885
            ],
            [
              108.9503372,
              34.2655886
            ],
            [
              108.9503373,
              34.265599
            ],
            [
              108.9502911,
              34.2655992
            ],
            [
              108.950291,
              34.2655896
            ],
            [
              108.950278,
              34.2655897
            ],
            [
              108.9502777,
              34.2655478
            ]
          ]
        ]
      },
      "id": "way/1256787936"
    },
    {
      "type": "Feature",
      "properties": {
        "@id": "way/1256787937",
        "landuse": "grass"
      },
      "geometry": {
        "type": "Polygon",
        "coordinates": [
          [
            [
              108.9501769,
              34.2654661
            ],
            [
              108.9501889,
              34.265466
            ],
            [
              108.9501888,
              34.2654559
            ],
            [
              108.9502366,
              34.2654557
            ],
            [
              108.9502367,
              34.265466
            ],
            [
              108.9502489,
              34.2654659
            ],
            [
              108.9502493,
              34.2655068
            ],
            [
              108.9502365,
              34.2655069
            ],
            [
              108.9502365,
              34.2655173
            ],
            [
              108.9501903,
              34.2655175
            ],
            [
              108.9501902,
              34.2655079
            ],
            [
              108.9501772,
              34.2655079
            ],
            [
              108.9501769,
              34.2654661
            ]
          ]
        ]
      },
      "id": "way/1256787937"
    },
    {
      "type": "Feature",
      "properties": {
        "@id": "way/1256787938",
        "landuse": "grass"
      },
      "geometry": {
        "type": "Polygon",
        "coordinates": [
          [
            [
              108.9502802,
              34.2654656
            ],
            [
              108.9502923,
              34.2654655
            ],
            [
              108.9502922,
              34.2654554
            ],
            [
              108.95034,
              34.2654552
            ],
            [
              108.95034,
              34.2654655
            ],
            [
              108.9503523,
              34.2654654
            ],
            [
              108.9503526,
              34.2655063
            ],
            [
              108.9503398,
              34.2655064
            ],
            [
              108.9503399,
              34.2655168
            ],
            [
              108.9502936,
              34.265517
            ],
            [
              108.9502936,
              34.2655074
            ],
            [
              108.9502805,
              34.2655074
            ],
            [
              108.9502802,
              34.2654656
            ]
          ]
        ]
      },
      "id": "way/1256787938"
    },
    {
      "type": "Feature",
      "properties": {
        "@id": "way/1256787939",
        "landuse": "grass"
      },
      "geometry": {
        "type": "Polygon",
        "coordinates": [
          [
            [
              108.9501737,
              34.2653865
            ],
            [
              108.9501857,
              34.2653864
            ],
            [
              108.9501857,
              34.2653763
            ],
            [
              108.9502334,
              34.2653761
            ],
            [
              108.9502335,
              34.2653864
            ],
            [
              108.9502458,
              34.2653863
            ],
            [
              108.9502461,
              34.2654272
            ],
            [
              108.9502333,
              34.2654273
            ],
            [
              108.9502333,
              34.2654377
            ],
            [
              108.9501871,
              34.2654379
            ],
            [
              108.950187,
              34.2654283
            ],
            [
              108.950174,
              34.2654283
            ],
            [
              108.9501737,
              34.2653865
            ]
          ]
        ]
      },
      "id": "way/1256787939"
    },
    {
      "type": "Feature",
      "properties": {
        "@id": "way/1256787940",
        "landuse": "grass"
      },
      "geometry": {
        "type": "Polygon",
        "coordinates": [
          [
            [
              108.9502777,
              34.2653823
            ],
            [
              108.9502897,
              34.2653822
            ],
            [
              108.9502896,
              34.2653721
            ],
            [
              108.9503374,
              34.2653719
            ],
            [
              108.9503375,
              34.2653822
            ],
            [
              108.9503497,
              34.2653821
            ],
            [
              108.9503501,
              34.265423
            ],
            [
              108.9503372,
              34.2654231
            ],
            [
              108.9503373,
              34.2654335
            ],
            [
              108.9502911,
              34.2654337
            ],
            [
              108.950291,
              34.2654241
            ],
            [
              108.950278,
              34.2654241
            ],
            [
              108.9502777,
              34.2653823
            ]
          ]
        ]
      },
      "id": "way/1256787940"
    },
    {
      "type": "Feature",
      "properties": {
        "@id": "way/1256787941",
        "landuse": "grass"
      },
      "geometry": {
        "type": "Polygon",
        "coordinates": [
          [
            [
              108.9501737,
              34.2653032
            ],
            [
              108.9501857,
              34.2653031
            ],
            [
              108.9501857,
              34.265293
            ],
            [
              108.9502334,
              34.2652928
            ],
            [
              108.9502335,
              34.2653031
            ],
            [
              108.9502458,
              34.265303
            ],
            [
              108.9502461,
              34.2653439
            ],
            [
              108.9502333,
              34.265344
            ],
            [
              108.9502333,
              34.2653544
            ],
            [
              108.9501871,
              34.2653546
            ],
            [
              108.950187,
              34.265345
            ],
            [
              108.950174,
              34.265345
            ],
            [
              108.9501737,
              34.2653032
            ]
          ]
        ]
      },
      "id": "way/1256787941"
    },
    {
      "type": "Feature",
      "properties": {
        "@id": "way/1256787942",
        "landuse": "grass"
      },
      "geometry": {
        "type": "Polygon",
        "coordinates": [
          [
            [
              108.9502757,
              34.2653016
            ],
            [
              108.9502878,
              34.2653015
            ],
            [
              108.9502877,
              34.2652915
            ],
            [
              108.9503355,
              34.2652912
            ],
            [
              108.9503356,
              34.2653015
            ],
            [
              108.9503478,
              34.2653014
            ],
            [
              108.9503481,
              34.2653423
            ],
            [
              108.9503353,
              34.2653424
            ],
            [
              108.9503354,
              34.2653528
            ],
            [
              108.9502892,
              34.265353
            ],
            [
              108.9502891,
              34.2653434
            ],
            [
              108.9502761,
              34.2653435
            ],
            [
              108.9502757,
              34.2653016
            ]
          ]
        ]
      },
      "id": "way/1256787942"
    },
    {
      "type": "Feature",
      "properties": {
        "@id": "way/1256787943",
        "landuse": "grass"
      },
      "geometry": {
        "type": "Polygon",
        "coordinates": [
          [
            [
              108.950173,
              34.2652209
            ],
            [
              108.9501851,
              34.2652209
            ],
            [
              108.950185,
              34.2652108
            ],
            [
              108.9502328,
              34.2652105
            ],
            [
              108.9502329,
              34.2652208
            ],
            [
              108.9502451,
              34.2652208
            ],
            [
              108.9502454,
              34.2652617
            ],
            [
              108.9502326,
              34.2652617
            ],
            [
              108.9502327,
              34.2652721
            ],
            [
              108.9501865,
              34.2652724
            ],
            [
              108.9501864,
              34.2652627
            ],
            [
              108.9501733,
              34.2652628
            ],
            [
              108.950173,
              34.2652209
            ]
          ]
        ]
      },
      "id": "way/1256787943"
    },
    {
      "type": "Feature",
      "properties": {
        "@id": "way/1256787944",
        "landuse": "grass"
      },
      "geometry": {
        "type": "Polygon",
        "coordinates": [
          [
            [
              108.9502732,
              34.2652204
            ],
            [
              108.9502853,
              34.2652203
            ],
            [
              108.9502852,
              34.2652103
            ],
            [
              108.9503329,
              34.26521
            ],
            [
              108.950333,
              34.2652203
            ],
            [
              108.9503453,
              34.2652202
            ],
            [
              108.9503456,
              34.2652611
            ],
            [
              108.9503328,
              34.2652612
            ],
            [
              108.9503329,
              34.2652716
            ],
            [
              108.9502866,
              34.2652718
            ],
            [
              108.9502865,
              34.2652622
            ],
            [
              108.9502735,
              34.2652623
            ],
            [
              108.9502732,
              34.2652204
            ]
          ]
        ]
      },
      "id": "way/1256787944"
    },
    {
      "type": "Feature",
      "properties": {
        "@id": "way/1256857045",
        "landuse": "grass"
      },
      "geometry": {
        "type": "Polygon",
        "coordinates": [
          [
            [
              108.9787,
              34.2572945
            ],
            [
              108.9786362,
              34.2572407
            ],
            [
              108.9785839,
              34.2571742
            ],
            [
              108.9785664,
              34.2571121
            ],
            [
              108.9785748,
              34.2570601
            ],
            [
              108.9786067,
              34.2570049
            ],
            [
              108.9786499,
              34.2569616
            ],
            [
              108.9787076,
              34.2569278
            ],
            [
              108.9787895,
              34.256914
            ],
            [
              108.9788555,
              34.2569284
            ],
            [
              108.9789003,
              34.2569723
            ],
            [
              108.9789382,
              34.2570237
            ],
            [
              108.9789541,
              34.2570664
            ],
            [
              108.9789458,
              34.2571215
            ],
            [
              108.9789215,
              34.257161
            ],
            [
              108.9788798,
              34.257198
            ],
            [
              108.9788456,
              34.2572262
            ],
            [
              108.978788,
              34.2572576
            ],
            [
              108.9787,
              34.2572945
            ]
          ]
        ]
      },
      "id": "way/1256857045"
    },
    {
      "type": "Feature",
      "properties": {
        "@id": "way/1264012755",
        "landuse": "grass"
      },
      "geometry": {
        "type": "Polygon",
        "coordinates": [
          [
            [
              108.940168,
              34.2612292
            ],
            [
              108.9402358,
              34.2612292
            ],
            [
              108.9402358,
              34.2612852
            ],
            [
              108.940168,
              34.2612852
            ],
            [
              108.940168,
              34.2612292
            ]
          ]
        ]
      },
      "id": "way/1264012755"
    },
    {
      "type": "Feature",
      "properties": {
        "@id": "way/1264012756",
        "leisure": "garden"
      },
      "geometry": {
        "type": "Polygon",
        "coordinates": [
          [
            [
              108.9384122,
              34.2611259
            ],
            [
              108.9384324,
              34.2611259
            ],
            [
              108.9384324,
              34.2611425
            ],
            [
              108.9384122,
              34.2611425
            ],
            [
              108.9384122,
              34.2611259
            ]
          ]
        ]
      },
      "id": "way/1264012756"
    },
    {
      "type": "Feature",
      "properties": {
        "@id": "way/1264012757",
        "landuse": "grass"
      },
      "geometry": {
        "type": "Polygon",
        "coordinates": [
          [
            [
              108.9381846,
              34.2613033
            ],
            [
              108.9382524,
              34.2613033
            ],
            [
              108.9382524,
              34.2613593
            ],
            [
              108.9381846,
              34.2613593
            ],
            [
              108.9381846,
              34.2613033
            ]
          ]
        ]
      },
      "id": "way/1264012757"
    },
    {
      "type": "Feature",
      "properties": {
        "@id": "way/1264012758",
        "leisure": "garden"
      },
      "geometry": {
        "type": "Polygon",
        "coordinates": [
          [
            [
              108.9386655,
              34.2613795
            ],
            [
              108.9383345,
              34.2613795
            ],
            [
              108.9383345,
              34.2613699
            ],
            [
              108.9386655,
              34.2613699
            ],
            [
              108.9386655,
              34.2613795
            ]
          ]
        ]
      },
      "id": "way/1264012758"
    },
    {
      "type": "Feature",
      "properties": {
        "@id": "way/1264012759",
        "landuse": "grass"
      },
      "geometry": {
        "type": "Polygon",
        "coordinates": [
          [
            [
              108.9395621,
              34.2615133
            ],
            [
              108.9396299,
              34.2615133
            ],
            [
              108.9396299,
              34.2615693
            ],
            [
              108.9395621,
              34.2615693
            ],
            [
              108.9395621,
              34.2615133
            ]
          ]
        ]
      },
      "id": "way/1264012759"
    },
    {
      "type": "Feature",
      "properties": {
        "@id": "way/1264012761",
        "landuse": "grass"
      },
      "geometry": {
        "type": "Polygon",
        "coordinates": [
          [
            [
              108.9398173,
              34.2613717
            ],
            [
              108.9398851,
              34.2613717
            ],
            [
              108.9398851,
              34.2614277
            ],
            [
              108.9398173,
              34.2614277
            ],
            [
              108.9398173,
              34.2613717
            ]
          ]
        ]
      },
      "id": "way/1264012761"
    },
    {
      "type": "Feature",
      "properties": {
        "@id": "way/1264012762",
        "leisure": "garden"
      },
      "geometry": {
        "type": "Polygon",
        "coordinates": [
          [
            [
              108.9383345,
              34.2612573
            ],
            [
              108.9383546,
              34.2612573
            ],
            [
              108.9383546,
              34.2612739
            ],
            [
              108.9383345,
              34.2612739
            ],
            [
              108.9383345,
              34.2612573
            ]
          ]
        ]
      },
      "id": "way/1264012762"
    },
    {
      "type": "Feature",
      "properties": {
        "@id": "way/1264012764",
        "landuse": "grass"
      },
      "geometry": {
        "type": "Polygon",
        "coordinates": [
          [
            [
              108.9398173,
              34.2612959
            ],
            [
              108.9398851,
              34.2612959
            ],
            [
              108.9398851,
              34.2613519
            ],
            [
              108.9398173,
              34.2613519
            ],
            [
              108.9398173,
              34.2612959
            ]
          ]
        ]
      },
      "id": "way/1264012764"
    },
    {
      "type": "Feature",
      "properties": {
        "@id": "way/1264012767",
        "leisure": "garden"
      },
      "geometry": {
        "type": "Polygon",
        "coordinates": [
          [
            [
              108.9408716,
              34.2611534
            ],
            [
              108.9409394,
              34.2611534
            ],
            [
              108.9409394,
              34.2612094
            ],
            [
              108.9408716,
              34.2612094
            ],
            [
              108.9408716,
              34.2611534
            ]
          ]
        ]
      },
      "id": "way/1264012767"
    },
    {
      "type": "Feature",
      "properties": {
        "@id": "way/1264012768",
        "landuse": "grass"
      },
      "geometry": {
        "type": "Polygon",
        "coordinates": [
          [
            [
              108.9399927,
              34.2614384
            ],
            [
              108.9400604,
              34.2614384
            ],
            [
              108.9400604,
              34.2614944
            ],
            [
              108.9399927,
              34.2614944
            ],
            [
              108.9399927,
              34.2614384
            ]
          ]
        ]
      },
      "id": "way/1264012768"
    },
    {
      "type": "Feature",
      "properties": {
        "@id": "way/1264012769",
        "leisure": "garden"
      },
      "geometry": {
        "type": "Polygon",
        "coordinates": [
          [
            [
              108.9399128,
              34.2611226
            ],
            [
              108.9399806,
              34.2611226
            ],
            [
              108.9399806,
              34.2611347
            ],
            [
              108.9399128,
              34.2611347
            ],
            [
              108.9399128,
              34.2611226
            ]
          ]
        ]
      },
      "id": "way/1264012769"
    },
    {
      "type": "Feature",
      "properties": {
        "@id": "way/1264012770",
        "landuse": "grass"
      },
      "geometry": {
        "type": "Polygon",
        "coordinates": [
          [
            [
              108.9399927,
              34.2612292
            ],
            [
              108.9400604,
              34.2612292
            ],
            [
              108.9400604,
              34.2612852
            ],
            [
              108.9399927,
              34.2612852
            ],
            [
              108.9399927,
              34.2612292
            ]
          ]
        ]
      },
      "id": "way/1264012770"
    },
    {
      "type": "Feature",
      "properties": {
        "@id": "way/1264012771",
        "leisure": "garden"
      },
      "geometry": {
        "type": "Polygon",
        "coordinates": [
          [
            [
              108.9386454,
              34.2611916
            ],
            [
              108.9386655,
              34.2611916
            ],
            [
              108.9386655,
              34.2612082
            ],
            [
              108.9386454,
              34.2612082
            ],
            [
              108.9386454,
              34.2611916
            ]
          ]
        ]
      },
      "id": "way/1264012771"
    },
    {
      "type": "Feature",
      "properties": {
        "@id": "way/1264012772",
        "landuse": "grass"
      },
      "geometry": {
        "type": "Polygon",
        "coordinates": [
          [
            [
              108.9381048,
              34.2613699
            ],
            [
              108.9381725,
              34.2613699
            ],
            [
              108.9381725,
              34.2614259
            ],
            [
              108.9381048,
              34.2614259
            ],
            [
              108.9381048,
              34.2613699
            ]
          ]
        ]
      },
      "id": "way/1264012772"
    },
    {
      "type": "Feature",
      "properties": {
        "@id": "way/1264012773",
        "landuse": "grass"
      },
      "geometry": {
        "type": "Polygon",
        "coordinates": [
          [
            [
              108.9408716,
              34.2615133
            ],
            [
              108.9409394,
              34.2615133
            ],
            [
              108.9409394,
              34.2615693
            ],
            [
              108.9408716,
              34.2615693
            ],
            [
              108.9408716,
              34.2615133
            ]
          ]
        ]
      },
      "id": "way/1264012773"
    },
    {
      "type": "Feature",
      "properties": {
        "@id": "way/1264012775",
        "landuse": "grass"
      },
      "geometry": {
        "type": "Polygon",
        "coordinates": [
          [
            [
              108.9399927,
              34.2613717
            ],
            [
              108.9400604,
              34.2613717
            ],
            [
              108.9400604,
              34.2614277
            ],
            [
              108.9399927,
              34.2614277
            ],
            [
              108.9399927,
              34.2613717
            ]
          ]
        ]
      },
      "id": "way/1264012775"
    },
    {
      "type": "Feature",
      "properties": {
        "@id": "way/1264012776",
        "leisure": "garden"
      },
      "geometry": {
        "type": "Polygon",
        "coordinates": [
          [
            [
              108.9398173,
              34.2611534
            ],
            [
              108.9398851,
              34.2611534
            ],
            [
              108.9398851,
              34.2612094
            ],
            [
              108.9398173,
              34.2612094
            ],
            [
              108.9398173,
              34.2611534
            ]
          ]
        ]
      },
      "id": "way/1264012776"
    },
    {
      "type": "Feature",
      "properties": {
        "@id": "way/1264012778",
        "landuse": "grass"
      },
      "geometry": {
        "type": "Polygon",
        "coordinates": [
          [
            [
              108.9399927,
              34.2612959
            ],
            [
              108.9400604,
              34.2612959
            ],
            [
              108.9400604,
              34.2613519
            ],
            [
              108.9399927,
              34.2613519
            ],
            [
              108.9399927,
              34.2612959
            ]
          ]
        ]
      },
      "id": "way/1264012778"
    },
    {
      "type": "Feature",
      "properties": {
        "@id": "way/1264012781",
        "leisure": "garden"
      },
      "geometry": {
        "type": "Polygon",
        "coordinates": [
          [
            [
              108.9403434,
              34.2611534
            ],
            [
              108.9404111,
              34.2611534
            ],
            [
              108.9404111,
              34.2612094
            ],
            [
              108.9403434,
              34.2612094
            ],
            [
              108.9403434,
              34.2611534
            ]
          ]
        ]
      },
      "id": "way/1264012781"
    },
    {
      "type": "Feature",
      "properties": {
        "@id": "way/1264012782",
        "landuse": "grass"
      },
      "geometry": {
        "type": "Polygon",
        "coordinates": [
          [
            [
              108.9398173,
              34.2614384
            ],
            [
              108.9398851,
              34.2614384
            ],
            [
              108.9398851,
              34.2614944
            ],
            [
              108.9398173,
              34.2614944
            ],
            [
              108.9398173,
              34.2614384
            ]
          ]
        ]
      },
      "id": "way/1264012782"
    },
    {
      "type": "Feature",
      "properties": {
        "@id": "way/1264012783",
        "landuse": "grass"
      },
      "geometry": {
        "type": "Polygon",
        "coordinates": [
          [
            [
              108.9399128,
              34.2612292
            ],
            [
              108.9399806,
              34.2612292
            ],
            [
              108.9399806,
              34.2612852
            ],
            [
              108.9399128,
              34.2612852
            ],
            [
              108.9399128,
              34.2612292
            ]
          ]
        ]
      },
      "id": "way/1264012783"
    },
    {
      "type": "Feature",
      "properties": {
        "@id": "way/1264012784",
        "landuse": "grass"
      },
      "geometry": {
        "type": "Polygon",
        "coordinates": [
          [
            [
              108.9398173,
              34.2612292
            ],
            [
              108.9398851,
              34.2612292
            ],
            [
              108.9398851,
              34.2612852
            ],
            [
              108.9398173,
              34.2612852
            ],
            [
              108.9398173,
              34.2612292
            ]
          ]
        ]
      },
      "id": "way/1264012784"
    },
    {
      "type": "Feature",
      "properties": {
        "@id": "way/1264012785",
        "leisure": "garden"
      },
      "geometry": {
        "type": "Polygon",
        "coordinates": [
          [
            [
              108.93849,
              34.2611916
            ],
            [
              108.9385101,
              34.2611916
            ],
            [
              108.9385101,
              34.2612082
            ],
            [
              108.93849,
              34.2612082
            ],
            [
              108.93849,
              34.2611916
            ]
          ]
        ]
      },
      "id": "way/1264012785"
    },
    {
      "type": "Feature",
      "properties": {
        "@id": "way/1264012786",
        "landuse": "grass"
      },
      "geometry": {
        "type": "Polygon",
        "coordinates": [
          [
            [
              108.9381048,
              34.2612928
            ],
            [
              108.9381048,
              34.2612368
            ],
            [
              108.9381725,
              34.2612368
            ],
            [
              108.9381725,
              34.2612928
            ],
            [
              108.9381048,
              34.2612928
            ]
          ]
        ]
      },
      "id": "way/1264012786"
    },
    {
      "type": "Feature",
      "properties": {
        "@id": "way/1264012787",
        "landuse": "grass"
      },
      "geometry": {
        "type": "Polygon",
        "coordinates": [
          [
            [
              108.9408716,
              34.2612292
            ],
            [
              108.9409394,
              34.2612292
            ],
            [
              108.9409394,
              34.2612852
            ],
            [
              108.9408716,
              34.2612852
            ],
            [
              108.9408716,
              34.2612292
            ]
          ]
        ]
      },
      "id": "way/1264012787"
    },
    {
      "type": "Feature",
      "properties": {
        "@id": "way/1264012790",
        "landuse": "grass"
      },
      "geometry": {
        "type": "Polygon",
        "coordinates": [
          [
            [
              108.940168,
              34.2613717
            ],
            [
              108.9402358,
              34.2613717
            ],
            [
              108.9402358,
              34.2614277
            ],
            [
              108.940168,
              34.2614277
            ],
            [
              108.940168,
              34.2613717
            ]
          ]
        ]
      },
      "id": "way/1264012790"
    },
    {
      "type": "Feature",
      "properties": {
        "@id": "way/1264012791",
        "leisure": "garden"
      },
      "geometry": {
        "type": "Polygon",
        "coordinates": [
          [
            [
              108.9384122,
              34.261323
            ],
            [
              108.9384324,
              34.261323
            ],
            [
              108.9384324,
              34.2613397
            ],
            [
              108.9384122,
              34.2613397
            ],
            [
              108.9384122,
              34.261323
            ]
          ]
        ]
      },
      "id": "way/1264012791"
    },
    {
      "type": "Feature",
      "properties": {
        "@id": "way/1264012792",
        "landuse": "grass"
      },
      "geometry": {
        "type": "Polygon",
        "coordinates": [
          [
            [
              108.9395424,
              34.2616518
            ],
            [
              108.9395424,
              34.2616401
            ],
            [
              108.9399067,
              34.2616401
            ],
            [
              108.9399067,
              34.2616518
            ],
            [
              108.9395424,
              34.2616518
            ]
          ]
        ]
      },
      "id": "way/1264012792"
    },
    {
      "type": "Feature",
      "properties": {
        "@id": "way/1264012793",
        "landuse": "grass"
      },
      "geometry": {
        "type": "Polygon",
        "coordinates": [
          [
            [
              108.940168,
              34.2612959
            ],
            [
              108.9402135,
              34.2612959
            ],
            [
              108.9402358,
              34.2612959
            ],
            [
              108.9402358,
              34.2613519
            ],
            [
              108.940168,
              34.2613519
            ],
            [
              108.940168,
              34.2612959
            ]
          ]
        ]
      },
      "id": "way/1264012793"
    },
    {
      "type": "Feature",
      "properties": {
        "@id": "way/1264012795",
        "landuse": "grass"
      },
      "geometry": {
        "type": "Polygon",
        "coordinates": [
          [
            [
              108.937456,
              34.2612928
            ],
            [
              108.937456,
              34.2612368
            ],
            [
              108.9375237,
              34.2612368
            ],
            [
              108.9375237,
              34.2612928
            ],
            [
              108.937456,
              34.2612928
            ]
          ]
        ]
      },
      "id": "way/1264012795"
    },
    {
      "type": "Feature",
      "properties": {
        "@id": "way/1264012796",
        "leisure": "garden"
      },
      "geometry": {
        "type": "Polygon",
        "coordinates": [
          [
            [
              108.940168,
              34.2611534
            ],
            [
              108.9402358,
              34.2611534
            ],
            [
              108.9402358,
              34.2612094
            ],
            [
              108.940168,
              34.2612094
            ],
            [
              108.940168,
              34.2611534
            ]
          ]
        ]
      },
      "id": "way/1264012796"
    },
    {
      "type": "Feature",
      "properties": {
        "@id": "way/1264012797",
        "landuse": "grass"
      },
      "geometry": {
        "type": "Polygon",
        "coordinates": [
          [
            [
              108.9399927,
              34.2615133
            ],
            [
              108.9400604,
              34.2615133
            ],
            [
              108.9400604,
              34.2615693
            ],
            [
              108.9399927,
              34.2615693
            ],
            [
              108.9399927,
              34.2615133
            ]
          ]
        ]
      },
      "id": "way/1264012797"
    },
    {
      "type": "Feature",
      "properties": {
        "@id": "way/1264012798",
        "landuse": "grass"
      },
      "geometry": {
        "type": "Polygon",
        "coordinates": [
          [
            [
              108.939642,
              34.2614384
            ],
            [
              108.9397097,
              34.2614384
            ],
            [
              108.9397097,
              34.2614944
            ],
            [
              108.939642,
              34.2614944
            ],
            [
              108.939642,
              34.2614384
            ]
          ]
        ]
      },
      "id": "way/1264012798"
    },
    {
      "type": "Feature",
      "properties": {
        "@id": "way/1264012800",
        "landuse": "grass"
      },
      "geometry": {
        "type": "Polygon",
        "coordinates": [
          [
            [
              108.939642,
              34.2612292
            ],
            [
              108.9397097,
              34.2612292
            ],
            [
              108.9397097,
              34.2612852
            ],
            [
              108.939642,
              34.2612852
            ],
            [
              108.939642,
              34.2612292
            ]
          ]
        ]
      },
      "id": "way/1264012800"
    },
    {
      "type": "Feature",
      "properties": {
        "@id": "way/1264012801",
        "leisure": "garden"
      },
      "geometry": {
        "type": "Polygon",
        "coordinates": [
          [
            [
              108.9383345,
              34.2611916
            ],
            [
              108.9383546,
              34.2611916
            ],
            [
              108.9383546,
              34.2612082
            ],
            [
              108.9383345,
              34.2612082
            ],
            [
              108.9383345,
              34.2611916
            ]
          ]
        ]
      },
      "id": "way/1264012801"
    },
    {
      "type": "Feature",
      "properties": {
        "@id": "way/1264012803",
        "landuse": "grass"
      },
      "geometry": {
        "type": "Polygon",
        "coordinates": [
          [
            [
              108.9409515,
              34.2612959
            ],
            [
              108.9410193,
              34.2612959
            ],
            [
              108.9410193,
              34.2613519
            ],
            [
              108.9409515,
              34.2613519
            ],
            [
              108.9409515,
              34.2612959
            ]
          ]
        ]
      },
      "id": "way/1264012803"
    },
    {
      "type": "Feature",
      "properties": {
        "@id": "way/1264012806",
        "landuse": "grass"
      },
      "geometry": {
        "type": "Polygon",
        "coordinates": [
          [
            [
              108.9403434,
              34.2613717
            ],
            [
              108.9404111,
              34.2613717
            ],
            [
              108.9404111,
              34.2614277
            ],
            [
              108.9403434,
              34.2614277
            ],
            [
              108.9403434,
              34.2613717
            ]
          ]
        ]
      },
      "id": "way/1264012806"
    },
    {
      "type": "Feature",
      "properties": {
        "@id": "way/1264012807",
        "leisure": "garden"
      },
      "geometry": {
        "type": "Polygon",
        "coordinates": [
          [
            [
              108.9403434,
              34.2611226
            ],
            [
              108.9404111,
              34.2611226
            ],
            [
              108.9404111,
              34.2611347
            ],
            [
              108.9403434,
              34.2611347
            ],
            [
              108.9403434,
              34.2611226
            ]
          ]
        ]
      },
      "id": "way/1264012807"
    },
    {
      "type": "Feature",
      "properties": {
        "@id": "way/1264012809",
        "landuse": "grass"
      },
      "geometry": {
        "type": "Polygon",
        "coordinates": [
          [
            [
              108.9403434,
              34.2612959
            ],
            [
              108.9404111,
              34.2612959
            ],
            [
              108.9404111,
              34.2613519
            ],
            [
              108.9403434,
              34.2613519
            ],
            [
              108.9403434,
              34.2612959
            ]
          ]
        ]
      },
      "id": "way/1264012809"
    },
    {
      "type": "Feature",
      "properties": {
        "@id": "way/1264012810",
        "landuse": "grass"
      },
      "geometry": {
        "type": "Polygon",
        "coordinates": [
          [
            [
              108.9409515,
              34.2613717
            ],
            [
              108.9410193,
              34.2613717
            ],
            [
              108.9410193,
              34.2613997
            ],
            [
              108.9409515,
              34.2613997
            ],
            [
              108.9409515,
              34.2613717
            ]
          ]
        ]
      },
      "id": "way/1264012810"
    },
    {
      "type": "Feature",
      "properties": {
        "@id": "way/1264012811",
        "landuse": "grass"
      },
      "geometry": {
        "type": "Polygon",
        "coordinates": [
          [
            [
              108.937456,
              34.2613699
            ],
            [
              108.9375237,
              34.2613699
            ],
            [
              108.9375237,
              34.2614259
            ],
            [
              108.937456,
              34.2614259
            ],
            [
              108.937456,
              34.2613699
            ]
          ]
        ]
      },
      "id": "way/1264012811"
    },
    {
      "type": "Feature",
      "properties": {
        "@id": "way/1264012812",
        "leisure": "garden"
      },
      "geometry": {
        "type": "Polygon",
        "coordinates": [
          [
            [
              108.9399927,
              34.2611534
            ],
            [
              108.9400604,
              34.2611534
            ],
            [
              108.9400604,
              34.2612094
            ],
            [
              108.9399927,
              34.2612094
            ],
            [
              108.9399927,
              34.2611534
            ]
          ]
        ]
      },
      "id": "way/1264012812"
    },
    {
      "type": "Feature",
      "properties": {
        "@id": "way/1264012813",
        "landuse": "grass"
      },
      "geometry": {
        "type": "Polygon",
        "coordinates": [
          [
            [
              108.9398173,
              34.2615133
            ],
            [
              108.9398851,
              34.2615133
            ],
            [
              108.9398851,
              34.2615693
            ],
            [
              108.9398173,
              34.2615693
            ],
            [
              108.9398173,
              34.2615133
            ]
          ]
        ]
      },
      "id": "way/1264012813"
    },
    {
      "type": "Feature",
      "properties": {
        "@id": "way/1264012814",
        "landuse": "grass"
      },
      "geometry": {
        "type": "Polygon",
        "coordinates": [
          [
            [
              108.9403434,
              34.2615133
            ],
            [
              108.9404111,
              34.2615133
            ],
            [
              108.9404111,
              34.2615693
            ],
            [
              108.9403434,
              34.2615693
            ],
            [
              108.9403434,
              34.2615133
            ]
          ]
        ]
      },
      "id": "way/1264012814"
    },
    {
      "type": "Feature",
      "properties": {
        "@id": "way/1264012816",
        "landuse": "grass"
      },
      "geometry": {
        "type": "Polygon",
        "coordinates": [
          [
            [
              108.9395621,
              34.2613717
            ],
            [
              108.9396299,
              34.2613717
            ],
            [
              108.9396299,
              34.2614277
            ],
            [
              108.9395621,
              34.2614277
            ],
            [
              108.9395621,
              34.2613717
            ]
          ]
        ]
      },
      "id": "way/1264012816"
    },
    {
      "type": "Feature",
      "properties": {
        "@id": "way/1264012817",
        "leisure": "garden"
      },
      "geometry": {
        "type": "Polygon",
        "coordinates": [
          [
            [
              108.9385677,
              34.2612573
            ],
            [
              108.9385878,
              34.2612573
            ],
            [
              108.9385878,
              34.2612739
            ],
            [
              108.9385677,
              34.2612739
            ],
            [
              108.9385677,
              34.2612573
            ]
          ]
        ]
      },
      "id": "way/1264012817"
    },
    {
      "type": "Feature",
      "properties": {
        "@id": "way/1264012819",
        "landuse": "grass"
      },
      "geometry": {
        "type": "Polygon",
        "coordinates": [
          [
            [
              108.9395621,
              34.2612959
            ],
            [
              108.9396299,
              34.2612959
            ],
            [
              108.9396299,
              34.2613519
            ],
            [
              108.9395621,
              34.2613519
            ],
            [
              108.9395621,
              34.2612959
            ]
          ]
        ]
      },
      "id": "way/1264012819"
    },
    {
      "type": "Feature",
      "properties": {
        "@id": "way/1264012822",
        "leisure": "garden"
      },
      "geometry": {
        "type": "Polygon",
        "coordinates": [
          [
            [
              108.9394695,
              34.2613717
            ],
            [
              108.9395372,
              34.2613717
            ],
            [
              108.9395372,
              34.2614277
            ],
            [
              108.9394695,
              34.2614277
            ],
            [
              108.9394695,
              34.2613717
            ]
          ]
        ]
      },
      "id": "way/1264012822"
    },
    {
      "type": "Feature",
      "properties": {
        "@id": "way/1264012823",
        "landuse": "grass"
      },
      "geometry": {
        "type": "Polygon",
        "coordinates": [
          [
            [
              108.9402635,
              34.2614384
            ],
            [
              108.9403313,
              34.2614384
            ],
            [
              108.9403313,
              34.2614944
            ],
            [
              108.9402635,
              34.2614944
            ],
            [
              108.9402635,
              34.2614384
            ]
          ]
        ]
      },
      "id": "way/1264012823"
    },
    {
      "type": "Feature",
      "properties": {
        "@id": "way/1264012824",
        "leisure": "garden"
      },
      "geometry": {
        "type": "Polygon",
        "coordinates": [
          [
            [
              108.940168,
              34.2611226
            ],
            [
              108.9402358,
              34.2611226
            ],
            [
              108.9402358,
              34.2611347
            ],
            [
              108.940168,
              34.2611347
            ],
            [
              108.940168,
              34.2611226
            ]
          ]
        ]
      },
      "id": "way/1264012824"
    },
    {
      "type": "Feature",
      "properties": {
        "@id": "way/1264012825",
        "landuse": "grass"
      },
      "geometry": {
        "type": "Polygon",
        "coordinates": [
          [
            [
              108.9402635,
              34.2612292
            ],
            [
              108.9403313,
              34.2612292
            ],
            [
              108.9403313,
              34.2612852
            ],
            [
              108.9402635,
              34.2612852
            ],
            [
              108.9402635,
              34.2612292
            ]
          ]
        ]
      },
      "id": "way/1264012825"
    },
    {
      "type": "Feature",
      "properties": {
        "@id": "way/1264012826",
        "leisure": "garden"
      },
      "geometry": {
        "type": "Polygon",
        "coordinates": [
          [
            [
              108.93849,
              34.2611259
            ],
            [
              108.9385101,
              34.2611259
            ],
            [
              108.9385101,
              34.2611425
            ],
            [
              108.93849,
              34.2611425
            ],
            [
              108.93849,
              34.2611259
            ]
          ]
        ]
      },
      "id": "way/1264012826"
    },
    {
      "type": "Feature",
      "properties": {
        "@id": "way/1264012827",
        "landuse": "grass"
      },
      "geometry": {
        "type": "Polygon",
        "coordinates": [
          [
            [
              108.9375358,
              34.2613033
            ],
            [
              108.9376036,
              34.2613033
            ],
            [
              108.9376036,
              34.2613593
            ],
            [
              108.9375358,
              34.2613593
            ],
            [
              108.9375358,
              34.2613033
            ]
          ]
        ]
      },
      "id": "way/1264012827"
    },
    {
      "type": "Feature",
      "properties": {
        "@id": "way/1264012828",
        "leisure": "garden"
      },
      "geometry": {
        "type": "Polygon",
        "coordinates": [
          [
            [
              108.9386454,
              34.261323
            ],
            [
              108.9386655,
              34.261323
            ],
            [
              108.9386655,
              34.2613397
            ],
            [
              108.9386454,
              34.2613397
            ],
            [
              108.9386454,
              34.261323
            ]
          ]
        ]
      },
      "id": "way/1264012828"
    },
    {
      "type": "Feature",
      "properties": {
        "@id": "way/1264012829",
        "landuse": "grass"
      },
      "geometry": {
        "type": "Polygon",
        "coordinates": [
          [
            [
              108.939642,
              34.2615133
            ],
            [
              108.9397097,
              34.2615133
            ],
            [
              108.9397097,
              34.2615693
            ],
            [
              108.939642,
              34.2615693
            ],
            [
              108.939642,
              34.2615133
            ]
          ]
        ]
      },
      "id": "way/1264012829"
    },
    {
      "type": "Feature",
      "properties": {
        "@id": "way/1264012830",
        "landuse": "grass"
      },
      "geometry": {
        "type": "Polygon",
        "coordinates": [
          [
            [
              108.940168,
              34.2615133
            ],
            [
              108.9402358,
              34.2615133
            ],
            [
              108.9402358,
              34.2615693
            ],
            [
              108.940168,
              34.2615693
            ],
            [
              108.940168,
              34.2615133
            ]
          ]
        ]
      },
      "id": "way/1264012830"
    },
    {
      "type": "Feature",
      "properties": {
        "@id": "way/1264012831",
        "landuse": "grass"
      },
      "geometry": {
        "type": "Polygon",
        "coordinates": [
          [
            [
              108.9397375,
              34.2613717
            ],
            [
              108.9398052,
              34.2613717
            ],
            [
              108.9398052,
              34.2614277
            ],
            [
              108.9397375,
              34.2614277
            ],
            [
              108.9397375,
              34.2613717
            ]
          ]
        ]
      },
      "id": "way/1264012831"
    },
    {
      "type": "Feature",
      "properties": {
        "@id": "way/1264012832",
        "leisure": "garden"
      },
      "geometry": {
        "type": "Polygon",
        "coordinates": [
          [
            [
              108.9384122,
              34.2612573
            ],
            [
              108.9384324,
              34.2612573
            ],
            [
              108.9384324,
              34.2612739
            ],
            [
              108.9384122,
              34.2612739
            ],
            [
              108.9384122,
              34.2612573
            ]
          ]
        ]
      },
      "id": "way/1264012832"
    },
    {
      "type": "Feature",
      "properties": {
        "@id": "way/1264012834",
        "landuse": "grass"
      },
      "geometry": {
        "type": "Polygon",
        "coordinates": [
          [
            [
              108.9397375,
              34.2612959
            ],
            [
              108.9398052,
              34.2612959
            ],
            [
              108.9398052,
              34.2613519
            ],
            [
              108.9397375,
              34.2613519
            ],
            [
              108.9397375,
              34.2612959
            ]
          ]
        ]
      },
      "id": "way/1264012834"
    },
    {
      "type": "Feature",
      "properties": {
        "@id": "way/1264012835",
        "leisure": "garden"
      },
      "geometry": {
        "type": "Polygon",
        "coordinates": [
          [
            [
              108.9386454,
              34.2611259
            ],
            [
              108.9386655,
              34.2611259
            ],
            [
              108.9386655,
              34.2611425
            ],
            [
              108.9386454,
              34.2611425
            ],
            [
              108.9386454,
              34.2611259
            ]
          ]
        ]
      },
      "id": "way/1264012835"
    },
    {
      "type": "Feature",
      "properties": {
        "@id": "way/1264012837",
        "leisure": "garden"
      },
      "geometry": {
        "type": "Polygon",
        "coordinates": [
          [
            [
              108.9394695,
              34.2612959
            ],
            [
              108.9395372,
              34.2612959
            ],
            [
              108.9395372,
              34.2613519
            ],
            [
              108.9394695,
              34.2613519
            ],
            [
              108.9394695,
              34.2612959
            ]
          ]
        ]
      },
      "id": "way/1264012837"
    },
    {
      "type": "Feature",
      "properties": {
        "@id": "way/1264012838",
        "landuse": "grass"
      },
      "geometry": {
        "type": "Polygon",
        "coordinates": [
          [
            [
              108.9400882,
              34.2614384
            ],
            [
              108.9401559,
              34.2614384
            ],
            [
              108.9401559,
              34.2614944
            ],
            [
              108.9400882,
              34.2614944
            ],
            [
              108.9400882,
              34.2614384
            ]
          ]
        ]
      },
      "id": "way/1264012838"
    },
    {
      "type": "Feature",
      "properties": {
        "@id": "way/1264012839",
        "leisure": "garden"
      },
      "geometry": {
        "type": "Polygon",
        "coordinates": [
          [
            [
              108.9399927,
              34.2611226
            ],
            [
              108.9400604,
              34.2611226
            ],
            [
              108.9400604,
              34.2611347
            ],
            [
              108.9399927,
              34.2611347
            ],
            [
              108.9399927,
              34.2611226
            ]
          ]
        ]
      },
      "id": "way/1264012839"
    },
    {
      "type": "Feature",
      "properties": {
        "@id": "way/1264012840",
        "landuse": "grass"
      },
      "geometry": {
        "type": "Polygon",
        "coordinates": [
          [
            [
              108.9400882,
              34.2612292
            ],
            [
              108.9401559,
              34.2612292
            ],
            [
              108.9401559,
              34.2612852
            ],
            [
              108.9400882,
              34.2612852
            ],
            [
              108.9400882,
              34.2612292
            ]
          ]
        ]
      },
      "id": "way/1264012840"
    },
    {
      "type": "Feature",
      "properties": {
        "@id": "way/1264012841",
        "leisure": "garden"
      },
      "geometry": {
        "type": "Polygon",
        "coordinates": [
          [
            [
              108.9383345,
              34.2611259
            ],
            [
              108.9383546,
              34.2611259
            ],
            [
              108.9383546,
              34.2611425
            ],
            [
              108.9383345,
              34.2611425
            ],
            [
              108.9383345,
              34.2611259
            ]
          ]
        ]
      },
      "id": "way/1264012841"
    },
    {
      "type": "Feature",
      "properties": {
        "@id": "way/1264012842",
        "landuse": "grass"
      },
      "geometry": {
        "type": "Polygon",
        "coordinates": [
          [
            [
              108.9381048,
              34.2613033
            ],
            [
              108.9381725,
              34.2613033
            ],
            [
              108.9381725,
              34.2613593
            ],
            [
              108.9381048,
              34.2613593
            ],
            [
              108.9381048,
              34.2613033
            ]
          ]
        ]
      },
      "id": "way/1264012842"
    },
    {
      "type": "Feature",
      "properties": {
        "@id": "way/1264012843",
        "landuse": "grass"
      },
      "geometry": {
        "type": "Polygon",
        "coordinates": [
          [
            [
              108.9408716,
              34.2613717
            ],
            [
              108.9409394,
              34.2613717
            ],
            [
              108.9409394,
              34.2614277
            ],
            [
              108.9408716,
              34.2614277
            ],
            [
              108.9408716,
              34.2613717
            ]
          ]
        ]
      },
      "id": "way/1264012843"
    },
    {
      "type": "Feature",
      "properties": {
        "@id": "way/1264012844",
        "landuse": "grass"
      },
      "geometry": {
        "type": "Polygon",
        "coordinates": [
          [
            [
              108.9410346,
              34.2617182
            ],
            [
              108.9409826,
              34.2617182
            ],
            [
              108.9409826,
              34.2616931
            ],
            [
              108.9410346,
              34.2616931
            ],
            [
              108.9410346,
              34.2617182
            ]
          ]
        ]
      },
      "id": "way/1264012844"
    },
    {
      "type": "Feature",
      "properties": {
        "@id": "way/1264012845",
        "landuse": "grass"
      },
      "geometry": {
        "type": "Polygon",
        "coordinates": [
          [
            [
              108.9399128,
              34.2613717
            ],
            [
              108.9399806,
              34.2613717
            ],
            [
              108.9399806,
              34.2614277
            ],
            [
              108.9399128,
              34.2614277
            ],
            [
              108.9399128,
              34.2613717
            ]
          ]
        ]
      },
      "id": "way/1264012845"
    },
    {
      "type": "Feature",
      "properties": {
        "@id": "way/1264012848",
        "landuse": "grass"
      },
      "geometry": {
        "type": "Polygon",
        "coordinates": [
          [
            [
              108.9399128,
              34.2612959
            ],
            [
              108.9399806,
              34.2612959
            ],
            [
              108.9399806,
              34.2613519
            ],
            [
              108.9399128,
              34.2613519
            ],
            [
              108.9399128,
              34.2612959
            ]
          ]
        ]
      },
      "id": "way/1264012848"
    },
    {
      "type": "Feature",
      "properties": {
        "@id": "way/1264012851",
        "leisure": "garden"
      },
      "geometry": {
        "type": "Polygon",
        "coordinates": [
          [
            [
              108.9409515,
              34.2611534
            ],
            [
              108.9410193,
              34.2611534
            ],
            [
              108.9410193,
              34.2612094
            ],
            [
              108.9409515,
              34.2612094
            ],
            [
              108.9409515,
              34.2611534
            ]
          ]
        ]
      },
      "id": "way/1264012851"
    },
    {
      "type": "Feature",
      "properties": {
        "@id": "way/1264012852",
        "landuse": "grass"
      },
      "geometry": {
        "type": "Polygon",
        "coordinates": [
          [
            [
              108.9399128,
              34.2614384
            ],
            [
              108.9399806,
              34.2614384
            ],
            [
              108.9399806,
              34.2614944
            ],
            [
              108.9399128,
              34.2614944
            ],
            [
              108.9399128,
              34.2614384
            ]
          ]
        ]
      },
      "id": "way/1264012852"
    },
    {
      "type": "Feature",
      "properties": {
        "@id": "way/1264012853",
        "leisure": "garden"
      },
      "geometry": {
        "type": "Polygon",
        "coordinates": [
          [
            [
              108.9398173,
              34.2611226
            ],
            [
              108.9398851,
              34.2611226
            ],
            [
              108.9398851,
              34.2611347
            ],
            [
              108.9398173,
              34.2611347
            ],
            [
              108.9398173,
              34.2611226
            ]
          ]
        ]
      },
      "id": "way/1264012853"
    },
    {
      "type": "Feature",
      "properties": {
        "@id": "way/1264012855",
        "leisure": "garden"
      },
      "geometry": {
        "type": "Polygon",
        "coordinates": [
          [
            [
              108.9385677,
              34.2611916
            ],
            [
              108.9385878,
              34.2611916
            ],
            [
              108.9385878,
              34.2612082
            ],
            [
              108.9385677,
              34.2612082
            ],
            [
              108.9385677,
              34.2611916
            ]
          ]
        ]
      },
      "id": "way/1264012855"
    },
    {
      "type": "Feature",
      "properties": {
        "@id": "way/1264012856",
        "landuse": "grass"
      },
      "geometry": {
        "type": "Polygon",
        "coordinates": [
          [
            [
              108.9381846,
              34.2613699
            ],
            [
              108.9382524,
              34.2613699
            ],
            [
              108.9382524,
              34.2614259
            ],
            [
              108.9381846,
              34.2614259
            ],
            [
              108.9381846,
              34.2613699
            ]
          ]
        ]
      },
      "id": "way/1264012856"
    },
    {
      "type": "Feature",
      "properties": {
        "@id": "way/1264012857",
        "landuse": "grass"
      },
      "geometry": {
        "type": "Polygon",
        "coordinates": [
          [
            [
              108.9408716,
              34.2614384
            ],
            [
              108.9409394,
              34.2614384
            ],
            [
              108.9409394,
              34.2614944
            ],
            [
              108.9408716,
              34.2614944
            ],
            [
              108.9408716,
              34.2614384
            ]
          ]
        ]
      },
      "id": "way/1264012857"
    },
    {
      "type": "Feature",
      "properties": {
        "@id": "way/1264012859",
        "landuse": "grass"
      },
      "geometry": {
        "type": "Polygon",
        "coordinates": [
          [
            [
              108.9400882,
              34.2613717
            ],
            [
              108.9401559,
              34.2613717
            ],
            [
              108.9401559,
              34.2614277
            ],
            [
              108.9400882,
              34.2614277
            ],
            [
              108.9400882,
              34.2613717
            ]
          ]
        ]
      },
      "id": "way/1264012859"
    },
    {
      "type": "Feature",
      "properties": {
        "@id": "way/1264012860",
        "leisure": "garden"
      },
      "geometry": {
        "type": "Polygon",
        "coordinates": [
          [
            [
              108.93849,
              34.261323
            ],
            [
              108.9385101,
              34.261323
            ],
            [
              108.9385101,
              34.2613397
            ],
            [
              108.93849,
              34.2613397
            ],
            [
              108.93849,
              34.261323
            ]
          ]
        ]
      },
      "id": "way/1264012860"
    },
    {
      "type": "Feature",
      "properties": {
        "@id": "way/1264012861",
        "landuse": "grass"
      },
      "geometry": {
        "type": "Polygon",
        "coordinates": [
          [
            [
              108.9400643,
              34.2616518
            ],
            [
              108.9400643,
              34.2616401
            ],
            [
              108.9404286,
              34.2616401
            ],
            [
              108.9404286,
              34.2616518
            ],
            [
              108.9400643,
              34.2616518
            ]
          ]
        ]
      },
      "id": "way/1264012861"
    },
    {
      "type": "Feature",
      "properties": {
        "@id": "way/1264012862",
        "landuse": "grass"
      },
      "geometry": {
        "type": "Polygon",
        "coordinates": [
          [
            [
              108.9400882,
              34.2612959
            ],
            [
              108.9401559,
              34.2612959
            ],
            [
              108.9401559,
              34.2613519
            ],
            [
              108.9400882,
              34.2613519
            ],
            [
              108.9400882,
              34.2612959
            ]
          ]
        ]
      },
      "id": "way/1264012862"
    },
    {
      "type": "Feature",
      "properties": {
        "@id": "way/1264012864",
        "landuse": "grass"
      },
      "geometry": {
        "type": "Polygon",
        "coordinates": [
          [
            [
              108.9375358,
              34.2612928
            ],
            [
              108.9375358,
              34.2612368
            ],
            [
              108.9376036,
              34.2612368
            ],
            [
              108.9376036,
              34.2612928
            ],
            [
              108.9375358,
              34.2612928
            ]
          ]
        ]
      },
      "id": "way/1264012864"
    },
    {
      "type": "Feature",
      "properties": {
        "@id": "way/1264012865",
        "leisure": "garden"
      },
      "geometry": {
        "type": "Polygon",
        "coordinates": [
          [
            [
              108.9402635,
              34.2611534
            ],
            [
              108.9403313,
              34.2611534
            ],
            [
              108.9403313,
              34.2612094
            ],
            [
              108.9402635,
              34.2612094
            ],
            [
              108.9402635,
              34.2611534
            ]
          ]
        ]
      },
      "id": "way/1264012865"
    },
    {
      "type": "Feature",
      "properties": {
        "@id": "way/1264012866",
        "landuse": "grass"
      },
      "geometry": {
        "type": "Polygon",
        "coordinates": [
          [
            [
              108.9400882,
              34.2615133
            ],
            [
              108.9401559,
              34.2615133
            ],
            [
              108.9401559,
              34.2615693
            ],
            [
              108.9400882,
              34.2615693
            ],
            [
              108.9400882,
              34.2615133
            ]
          ]
        ]
      },
      "id": "way/1264012866"
    },
    {
      "type": "Feature",
      "properties": {
        "@id": "way/1264012867",
        "landuse": "grass"
      },
      "geometry": {
        "type": "Polygon",
        "coordinates": [
          [
            [
              108.9397375,
              34.2614384
            ],
            [
              108.9398052,
              34.2614384
            ],
            [
              108.9398052,
              34.2614944
            ],
            [
              108.9397375,
              34.2614944
            ],
            [
              108.9397375,
              34.2614384
            ]
          ]
        ]
      },
      "id": "way/1264012867"
    },
    {
      "type": "Feature",
      "properties": {
        "@id": "way/1264012868",
        "landuse": "grass"
      },
      "geometry": {
        "type": "Polygon",
        "coordinates": [
          [
            [
              108.9397375,
              34.2612292
            ],
            [
              108.9398052,
              34.2612292
            ],
            [
              108.9398052,
              34.2612852
            ],
            [
              108.9397375,
              34.2612852
            ],
            [
              108.9397375,
              34.2612292
            ]
          ]
        ]
      },
      "id": "way/1264012868"
    },
    {
      "type": "Feature",
      "properties": {
        "@id": "way/1264012869",
        "leisure": "garden"
      },
      "geometry": {
        "type": "Polygon",
        "coordinates": [
          [
            [
              108.9384122,
              34.2611916
            ],
            [
              108.9384324,
              34.2611916
            ],
            [
              108.9384324,
              34.2612082
            ],
            [
              108.9384122,
              34.2612082
            ],
            [
              108.9384122,
              34.2611916
            ]
          ]
        ]
      },
      "id": "way/1264012869"
    },
    {
      "type": "Feature",
      "properties": {
        "@id": "way/1264012870",
        "landuse": "grass"
      },
      "geometry": {
        "type": "Polygon",
        "coordinates": [
          [
            [
              108.9381846,
              34.2612928
            ],
            [
              108.9381846,
              34.2612368
            ],
            [
              108.9382524,
              34.2612368
            ],
            [
              108.9382524,
              34.2612928
            ],
            [
              108.9381846,
              34.2612928
            ]
          ]
        ]
      },
      "id": "way/1264012870"
    },
    {
      "type": "Feature",
      "properties": {
        "@id": "way/1264012871",
        "landuse": "grass"
      },
      "geometry": {
        "type": "Polygon",
        "coordinates": [
          [
            [
              108.9409515,
              34.2612292
            ],
            [
              108.9410193,
              34.2612292
            ],
            [
              108.9410193,
              34.2612852
            ],
            [
              108.9409515,
              34.2612852
            ],
            [
              108.9409515,
              34.2612292
            ]
          ]
        ]
      },
      "id": "way/1264012871"
    },
    {
      "type": "Feature",
      "properties": {
        "@id": "way/1264012874",
        "landuse": "grass"
      },
      "geometry": {
        "type": "Polygon",
        "coordinates": [
          [
            [
              108.9416114,
              34.2616405
            ],
            [
              108.9415368,
              34.261579
            ],
            [
              108.9416734,
              34.2614659
            ],
            [
              108.941748,
              34.2615275
            ],
            [
              108.9416114,
              34.2616405
            ]
          ]
        ]
      },
      "id": "way/1264012874"
    },
    {
      "type": "Feature",
      "properties": {
        "@id": "way/1264012875",
        "landuse": "grass"
      },
      "geometry": {
        "type": "Polygon",
        "coordinates": [
          [
            [
              108.9402635,
              34.2613717
            ],
            [
              108.9403313,
              34.2613717
            ],
            [
              108.9403313,
              34.2614277
            ],
            [
              108.9402635,
              34.2614277
            ],
            [
              108.9402635,
              34.2613717
            ]
          ]
        ]
      },
      "id": "way/1264012875"
    },
    {
      "type": "Feature",
      "properties": {
        "@id": "way/1264012876",
        "leisure": "garden"
      },
      "geometry": {
        "type": "Polygon",
        "coordinates": [
          [
            [
              108.9383345,
              34.261323
            ],
            [
              108.9383546,
              34.261323
            ],
            [
              108.9383546,
              34.2613397
            ],
            [
              108.9383345,
              34.2613397
            ],
            [
              108.9383345,
              34.261323
            ]
          ]
        ]
      },
      "id": "way/1264012876"
    },
    {
      "type": "Feature",
      "properties": {
        "@id": "way/1264012878",
        "landuse": "grass"
      },
      "geometry": {
        "type": "Polygon",
        "coordinates": [
          [
            [
              108.9402635,
              34.2612959
            ],
            [
              108.9403313,
              34.2612959
            ],
            [
              108.9403313,
              34.2613519
            ],
            [
              108.9402635,
              34.2613519
            ],
            [
              108.9402635,
              34.2612959
            ]
          ]
        ]
      },
      "id": "way/1264012878"
    },
    {
      "type": "Feature",
      "properties": {
        "@id": "way/1264012879",
        "leisure": "garden"
      },
      "geometry": {
        "type": "Polygon",
        "coordinates": [
          [
            [
              108.9385677,
              34.261323
            ],
            [
              108.9385878,
              34.261323
            ],
            [
              108.9385878,
              34.2613397
            ],
            [
              108.9385677,
              34.2613397
            ],
            [
              108.9385677,
              34.261323
            ]
          ]
        ]
      },
      "id": "way/1264012879"
    },
    {
      "type": "Feature",
      "properties": {
        "@id": "way/1264012880",
        "landuse": "grass"
      },
      "geometry": {
        "type": "Polygon",
        "coordinates": [
          [
            [
              108.9375358,
              34.2613699
            ],
            [
              108.9376036,
              34.2613699
            ],
            [
              108.9376036,
              34.2614259
            ],
            [
              108.9375358,
              34.2614259
            ],
            [
              108.9375358,
              34.2613699
            ]
          ]
        ]
      },
      "id": "way/1264012880"
    },
    {
      "type": "Feature",
      "properties": {
        "@id": "way/1264012881",
        "leisure": "garden"
      },
      "geometry": {
        "type": "Polygon",
        "coordinates": [
          [
            [
              108.9400882,
              34.2611534
            ],
            [
              108.9401559,
              34.2611534
            ],
            [
              108.9401559,
              34.2612094
            ],
            [
              108.9400882,
              34.2612094
            ],
            [
              108.9400882,
              34.2611534
            ]
          ]
        ]
      },
      "id": "way/1264012881"
    },
    {
      "type": "Feature",
      "properties": {
        "@id": "way/1264012882",
        "landuse": "grass"
      },
      "geometry": {
        "type": "Polygon",
        "coordinates": [
          [
            [
              108.9399128,
              34.2615133
            ],
            [
              108.9399806,
              34.2615133
            ],
            [
              108.9399806,
              34.2615693
            ],
            [
              108.9399128,
              34.2615693
            ],
            [
              108.9399128,
              34.2615133
            ]
          ]
        ]
      },
      "id": "way/1264012882"
    },
    {
      "type": "Feature",
      "properties": {
        "@id": "way/1264012883",
        "landuse": "grass"
      },
      "geometry": {
        "type": "Polygon",
        "coordinates": [
          [
            [
              108.9395621,
              34.2614384
            ],
            [
              108.9396299,
              34.2614384
            ],
            [
              108.9396299,
              34.2614944
            ],
            [
              108.9395621,
              34.2614944
            ],
            [
              108.9395621,
              34.2614384
            ]
          ]
        ]
      },
      "id": "way/1264012883"
    },
    {
      "type": "Feature",
      "properties": {
        "@id": "way/1264012885",
        "landuse": "grass"
      },
      "geometry": {
        "type": "Polygon",
        "coordinates": [
          [
            [
              108.9395621,
              34.2612292
            ],
            [
              108.9396299,
              34.2612292
            ],
            [
              108.9396299,
              34.2612852
            ],
            [
              108.9395621,
              34.2612852
            ],
            [
              108.9395621,
              34.2612292
            ]
          ]
        ]
      },
      "id": "way/1264012885"
    },
    {
      "type": "Feature",
      "properties": {
        "@id": "way/1264012886",
        "leisure": "garden"
      },
      "geometry": {
        "type": "Polygon",
        "coordinates": [
          [
            [
              108.9386454,
              34.2612573
            ],
            [
              108.9386655,
              34.2612573
            ],
            [
              108.9386655,
              34.2612739
            ],
            [
              108.9386454,
              34.2612739
            ],
            [
              108.9386454,
              34.2612573
            ]
          ]
        ]
      },
      "id": "way/1264012886"
    },
    {
      "type": "Feature",
      "properties": {
        "@id": "way/1264012888",
        "landuse": "grass"
      },
      "geometry": {
        "type": "Polygon",
        "coordinates": [
          [
            [
              108.9408716,
              34.2612959
            ],
            [
              108.9409394,
              34.2612959
            ],
            [
              108.9409394,
              34.2613519
            ],
            [
              108.9408716,
              34.2613519
            ],
            [
              108.9408716,
              34.2612959
            ]
          ]
        ]
      },
      "id": "way/1264012888"
    },
    {
      "type": "Feature",
      "properties": {
        "@id": "way/1264012890",
        "leisure": "garden"
      },
      "geometry": {
        "type": "Polygon",
        "coordinates": [
          [
            [
              108.9394695,
              34.2614384
            ],
            [
              108.9395372,
              34.2614384
            ],
            [
              108.9395372,
              34.2614944
            ],
            [
              108.9394695,
              34.2614944
            ],
            [
              108.9394695,
              34.2614384
            ]
          ]
        ]
      },
      "id": "way/1264012890"
    },
    {
      "type": "Feature",
      "properties": {
        "@id": "way/1264012891",
        "landuse": "grass"
      },
      "geometry": {
        "type": "Polygon",
        "coordinates": [
          [
            [
              108.9403434,
              34.2614384
            ],
            [
              108.9404111,
              34.2614384
            ],
            [
              108.9404111,
              34.2614944
            ],
            [
              108.9403434,
              34.2614944
            ],
            [
              108.9403434,
              34.2614384
            ]
          ]
        ]
      },
      "id": "way/1264012891"
    },
    {
      "type": "Feature",
      "properties": {
        "@id": "way/1264012892",
        "leisure": "garden"
      },
      "geometry": {
        "type": "Polygon",
        "coordinates": [
          [
            [
              108.9402635,
              34.2611226
            ],
            [
              108.9403313,
              34.2611226
            ],
            [
              108.9403313,
              34.2611347
            ],
            [
              108.9402635,
              34.2611347
            ],
            [
              108.9402635,
              34.2611226
            ]
          ]
        ]
      },
      "id": "way/1264012892"
    },
    {
      "type": "Feature",
      "properties": {
        "@id": "way/1264012894",
        "landuse": "grass"
      },
      "geometry": {
        "type": "Polygon",
        "coordinates": [
          [
            [
              108.9403434,
              34.2612292
            ],
            [
              108.9404111,
              34.2612292
            ],
            [
              108.9404111,
              34.2612852
            ],
            [
              108.9403434,
              34.2612852
            ],
            [
              108.9403434,
              34.2612292
            ]
          ]
        ]
      },
      "id": "way/1264012894"
    },
    {
      "type": "Feature",
      "properties": {
        "@id": "way/1264012895",
        "leisure": "garden"
      },
      "geometry": {
        "type": "Polygon",
        "coordinates": [
          [
            [
              108.9385677,
              34.2611259
            ],
            [
              108.9385878,
              34.2611259
            ],
            [
              108.9385878,
              34.2611425
            ],
            [
              108.9385677,
              34.2611425
            ],
            [
              108.9385677,
              34.2611259
            ]
          ]
        ]
      },
      "id": "way/1264012895"
    },
    {
      "type": "Feature",
      "properties": {
        "@id": "way/1264012896",
        "landuse": "grass"
      },
      "geometry": {
        "type": "Polygon",
        "coordinates": [
          [
            [
              108.937456,
              34.2613033
            ],
            [
              108.9375237,
              34.2613033
            ],
            [
              108.9375237,
              34.2613593
            ],
            [
              108.937456,
              34.2613593
            ],
            [
              108.937456,
              34.2613033
            ]
          ]
        ]
      },
      "id": "way/1264012896"
    },
    {
      "type": "Feature",
      "properties": {
        "@id": "way/1264012897",
        "leisure": "garden"
      },
      "geometry": {
        "type": "Polygon",
        "coordinates": [
          [
            [
              108.9399128,
              34.2611534
            ],
            [
              108.9399806,
              34.2611534
            ],
            [
              108.9399806,
              34.2612094
            ],
            [
              108.9399128,
              34.2612094
            ],
            [
              108.9399128,
              34.2611534
            ]
          ]
        ]
      },
      "id": "way/1264012897"
    },
    {
      "type": "Feature",
      "properties": {
        "@id": "way/1264012898",
        "landuse": "grass"
      },
      "geometry": {
        "type": "Polygon",
        "coordinates": [
          [
            [
              108.9397375,
              34.2615133
            ],
            [
              108.9398052,
              34.2615133
            ],
            [
              108.9398052,
              34.2615693
            ],
            [
              108.9397375,
              34.2615693
            ],
            [
              108.9397375,
              34.2615133
            ]
          ]
        ]
      },
      "id": "way/1264012898"
    },
    {
      "type": "Feature",
      "properties": {
        "@id": "way/1264012899",
        "landuse": "grass"
      },
      "geometry": {
        "type": "Polygon",
        "coordinates": [
          [
            [
              108.9402635,
              34.2615133
            ],
            [
              108.9403313,
              34.2615133
            ],
            [
              108.9403313,
              34.2615693
            ],
            [
              108.9402635,
              34.2615693
            ],
            [
              108.9402635,
              34.2615133
            ]
          ]
        ]
      },
      "id": "way/1264012899"
    },
    {
      "type": "Feature",
      "properties": {
        "@id": "way/1264012900",
        "leisure": "garden"
      },
      "geometry": {
        "type": "Polygon",
        "coordinates": [
          [
            [
              108.9398052,
              34.2611347
            ],
            [
              108.939464,
              34.2611347
            ],
            [
              108.939464,
              34.2611226
            ],
            [
              108.9398052,
              34.2611226
            ],
            [
              108.9398052,
              34.2611347
            ]
          ]
        ]
      },
      "id": "way/1264012900"
    },
    {
      "type": "Feature",
      "properties": {
        "@id": "way/1264012901",
        "landuse": "grass"
      },
      "geometry": {
        "type": "Polygon",
        "coordinates": [
          [
            [
              108.939642,
              34.2613717
            ],
            [
              108.9397097,
              34.2613717
            ],
            [
              108.9397097,
              34.2614277
            ],
            [
              108.939642,
              34.2614277
            ],
            [
              108.939642,
              34.2613717
            ]
          ]
        ]
      },
      "id": "way/1264012901"
    },
    {
      "type": "Feature",
      "properties": {
        "@id": "way/1264012902",
        "leisure": "garden"
      },
      "geometry": {
        "type": "Polygon",
        "coordinates": [
          [
            [
              108.93849,
              34.2612573
            ],
            [
              108.9385101,
              34.2612573
            ],
            [
              108.9385101,
              34.2612739
            ],
            [
              108.93849,
              34.2612739
            ],
            [
              108.93849,
              34.2612573
            ]
          ]
        ]
      },
      "id": "way/1264012902"
    },
    {
      "type": "Feature",
      "properties": {
        "@id": "way/1264012904",
        "landuse": "grass"
      },
      "geometry": {
        "type": "Polygon",
        "coordinates": [
          [
            [
              108.939642,
              34.2612959
            ],
            [
              108.9397097,
              34.2612959
            ],
            [
              108.9397097,
              34.2613519
            ],
            [
              108.939642,
              34.2613519
            ],
            [
              108.939642,
              34.2612959
            ]
          ]
        ]
      },
      "id": "way/1264012904"
    },
    {
      "type": "Feature",
      "properties": {
        "@id": "way/1264012907",
        "leisure": "garden"
      },
      "geometry": {
        "type": "Polygon",
        "coordinates": [
          [
            [
              108.9394695,
              34.2612292
            ],
            [
              108.9395372,
              34.2612292
            ],
            [
              108.9395372,
              34.2612852
            ],
            [
              108.9394695,
              34.2612852
            ],
            [
              108.9394695,
              34.2612292
            ]
          ]
        ]
      },
      "id": "way/1264012907"
    },
    {
      "type": "Feature",
      "properties": {
        "@id": "way/1264012908",
        "landuse": "grass"
      },
      "geometry": {
        "type": "Polygon",
        "coordinates": [
          [
            [
              108.940168,
              34.2614384
            ],
            [
              108.9402358,
              34.2614384
            ],
            [
              108.9402358,
              34.2614944
            ],
            [
              108.940168,
              34.2614944
            ],
            [
              108.940168,
              34.2614384
            ]
          ]
        ]
      },
      "id": "way/1264012908"
    },
    {
      "type": "Feature",
      "properties": {
        "@id": "way/1264012909",
        "leisure": "garden"
      },
      "geometry": {
        "type": "Polygon",
        "coordinates": [
          [
            [
              108.9400882,
              34.2611226
            ],
            [
              108.9401559,
              34.2611226
            ],
            [
              108.9401559,
              34.2611347
            ],
            [
              108.9400882,
              34.2611347
            ],
            [
              108.9400882,
              34.2611226
            ]
          ]
        ]
      },
      "id": "way/1264012909"
    },
    {
      "type": "Feature",
      "properties": {
        "@id": "way/1264363687",
        "leisure": "garden"
      },
      "geometry": {
        "type": "Polygon",
        "coordinates": [
          [
            [
              108.9482104,
              34.2557803
            ],
            [
              108.9482104,
              34.2557464
            ],
            [
              108.9483428,
              34.2557465
            ],
            [
              108.9483427,
              34.2558195
            ],
            [
              108.9481629,
              34.2558192
            ],
            [
              108.948163,
              34.2557802
            ],
            [
              108.9482104,
              34.2557803
            ]
          ]
        ]
      },
      "id": "way/1264363687"
    },
    {
      "type": "Feature",
      "properties": {
        "@id": "way/1264363694",
        "leisure": "garden"
      },
      "geometry": {
        "type": "Polygon",
        "coordinates": [
          [
            [
              108.9430333,
              34.2546242
            ],
            [
              108.9430348,
              34.2546168
            ],
            [
              108.9430404,
              34.2546102
            ],
            [
              108.9430484,
              34.2546056
            ],
            [
              108.9430574,
              34.2546042
            ],
            [
              108.9432223,
              34.2546042
            ],
            [
              108.9432312,
              34.2546056
            ],
            [
              108.9432393,
              34.2546102
            ],
            [
              108.9432449,
              34.2546168
            ],
            [
              108.9432464,
              34.2546242
            ],
            [
              108.9432464,
              34.2547285
            ],
            [
              108.9430333,
              34.2547285
            ],
            [
              108.9430333,
              34.2546242
            ]
          ]
        ]
      },
      "id": "way/1264363694"
    },
    {
      "type": "Feature",
      "properties": {
        "@id": "way/1264363858",
        "leisure": "garden"
      },
      "geometry": {
        "type": "Polygon",
        "coordinates": [
          [
            [
              108.9430267,
              34.2544752
            ],
            [
              108.9428784,
              34.2544752
            ],
            [
              108.9428438,
              34.2544483
            ],
            [
              108.9430556,
              34.2542621
            ],
            [
              108.9430852,
              34.254285
            ],
            [
              108.9430852,
              34.2544219
            ],
            [
              108.9430815,
              34.2544452
            ],
            [
              108.9430706,
              34.2544619
            ],
            [
              108.9430523,
              34.2544719
            ],
            [
              108.9430267,
              34.2544752
            ]
          ]
        ]
      },
      "id": "way/1264363858"
    },
    {
      "type": "Feature",
      "properties": {
        "@id": "way/1264363898",
        "leisure": "garden"
      },
      "geometry": {
        "type": "Polygon",
        "coordinates": [
          [
            [
              108.9481653,
              34.25457
            ],
            [
              108.9481661,
              34.2541748
            ],
            [
              108.9481945,
              34.2541749
            ],
            [
              108.9481938,
              34.25457
            ],
            [
              108.9481653,
              34.25457
            ]
          ]
        ]
      },
      "id": "way/1264363898"
    },
    {
      "type": "Feature",
      "properties": {
        "@id": "way/1264363904",
        "leisure": "garden"
      },
      "geometry": {
        "type": "Polygon",
        "coordinates": [
          [
            [
              108.9435083,
              34.2551698
            ],
            [
              108.9434975,
              34.2548945
            ],
            [
              108.9436522,
              34.2548945
            ],
            [
              108.9436522,
              34.2551698
            ],
            [
              108.9435083,
              34.2551698
            ]
          ]
        ]
      },
      "id": "way/1264363904"
    },
    {
      "type": "Feature",
      "properties": {
        "@id": "way/1264363935",
        "leisure": "garden"
      },
      "geometry": {
        "type": "Polygon",
        "coordinates": [
          [
            [
              108.9481016,
              34.2545699
            ],
            [
              108.9480732,
              34.2545698
            ],
            [
              108.9480739,
              34.2541747
            ],
            [
              108.9481024,
              34.2541748
            ],
            [
              108.9481016,
              34.2545699
            ]
          ]
        ]
      },
      "id": "way/1264363935"
    },
    {
      "type": "Feature",
      "properties": {
        "@id": "way/1264364014",
        "leisure": "garden"
      },
      "geometry": {
        "type": "Polygon",
        "coordinates": [
          [
            [
              108.9479784,
              34.2545418
            ],
            [
              108.9479791,
              34.2541933
            ],
            [
              108.9480374,
              34.2541933
            ],
            [
              108.9480368,
              34.2545418
            ],
            [
              108.9479784,
              34.2545418
            ]
          ]
        ]
      },
      "id": "way/1264364014"
    },
    {
      "type": "Feature",
      "properties": {
        "@id": "way/1264364021",
        "leisure": "garden"
      },
      "geometry": {
        "type": "Polygon",
        "coordinates": [
          [
            [
              108.9480476,
              34.2547612
            ],
            [
              108.9480477,
              34.2547349
            ],
            [
              108.9481013,
              34.2547349
            ],
            [
              108.9481012,
              34.2547613
            ],
            [
              108.9480476,
              34.2547612
            ]
          ]
        ]
      },
      "id": "way/1264364021"
    },
    {
      "type": "Feature",
      "properties": {
        "@id": "way/1264364078",
        "leisure": "garden"
      },
      "geometry": {
        "type": "Polygon",
        "coordinates": [
          [
            [
              108.9480058,
              34.2547612
            ],
            [
              108.9479308,
              34.2547611
            ],
            [
              108.9479308,
              34.2547347
            ],
            [
              108.9480059,
              34.2547348
            ],
            [
              108.9480058,
              34.2547612
            ]
          ]
        ]
      },
      "id": "way/1264364078"
    },
    {
      "type": "Feature",
      "properties": {
        "@id": "way/1264364085",
        "leisure": "garden"
      },
      "geometry": {
        "type": "Polygon",
        "coordinates": [
          [
            [
              108.9433231,
              34.2546222
            ],
            [
              108.9433263,
              34.2546073
            ],
            [
              108.9433375,
              34.2545941
            ],
            [
              108.9433535,
              34.2545849
            ],
            [
              108.9433714,
              34.2545822
            ],
            [
              108.9435076,
              34.2545822
            ],
            [
              108.9435255,
              34.2545849
            ],
            [
              108.9435416,
              34.2545941
            ],
            [
              108.9435527,
              34.2546073
            ],
            [
              108.9435559,
              34.2546222
            ],
            [
              108.9435559,
              34.2546597
            ],
            [
              108.943398,
              34.2546597
            ],
            [
              108.943398,
              34.2547285
            ],
            [
              108.9433231,
              34.2547285
            ],
            [
              108.9433231,
              34.2546222
            ]
          ]
        ]
      },
      "id": "way/1264364085"
    },
    {
      "type": "Feature",
      "properties": {
        "@id": "way/1264364113",
        "leisure": "garden"
      },
      "geometry": {
        "type": "Polygon",
        "coordinates": [
          [
            [
              108.948052,
              34.2557801
            ],
            [
              108.9480994,
              34.2557801
            ],
            [
              108.9480993,
              34.2558192
            ],
            [
              108.9479195,
              34.2558189
            ],
            [
              108.9479197,
              34.255746
            ],
            [
              108.948052,
              34.2557462
            ],
            [
              108.948052,
              34.2557801
            ]
          ]
        ]
      },
      "id": "way/1264364113"
    },
    {
      "type": "Feature",
      "properties": {
        "@id": "way/1264364147",
        "leisure": "garden"
      },
      "geometry": {
        "type": "Polygon",
        "coordinates": [
          [
            [
              108.9476262,
              34.2558066
            ],
            [
              108.9476741,
              34.2558066
            ],
            [
              108.9476741,
              34.255864
            ],
            [
              108.9476262,
              34.255864
            ],
            [
              108.9476262,
              34.2558066
            ]
          ]
        ]
      },
      "id": "way/1264364147"
    },
    {
      "type": "Feature",
      "properties": {
        "@id": "way/1264364290",
        "leisure": "garden"
      },
      "geometry": {
        "type": "Polygon",
        "coordinates": [
          [
            [
              108.9482186,
              34.2547615
            ],
            [
              108.948165,
              34.2547614
            ],
            [
              108.948165,
              34.254735
            ],
            [
              108.9482187,
              34.2547351
            ],
            [
              108.9482186,
              34.2547615
            ]
          ]
        ]
      },
      "id": "way/1264364290"
    },
    {
      "type": "Feature",
      "properties": {
        "@id": "way/1264364408",
        "leisure": "garden"
      },
      "geometry": {
        "type": "Polygon",
        "coordinates": [
          [
            [
              108.9482604,
              34.2547615
            ],
            [
              108.9482604,
              34.2547351
            ],
            [
              108.9483355,
              34.2547352
            ],
            [
              108.9483354,
              34.2547616
            ],
            [
              108.9482604,
              34.2547615
            ]
          ]
        ]
      },
      "id": "way/1264364408"
    },
    {
      "type": "Feature",
      "properties": {
        "@id": "way/1264364444",
        "leisure": "garden"
      },
      "geometry": {
        "type": "Polygon",
        "coordinates": [
          [
            [
              108.9480999,
              34.2554671
            ],
            [
              108.9479263,
              34.2554669
            ],
            [
              108.9479265,
              34.2553498
            ],
            [
              108.9481001,
              34.25535
            ],
            [
              108.9480999,
              34.2554671
            ]
          ]
        ]
      },
      "id": "way/1264364444"
    },
    {
      "type": "Feature",
      "properties": {
        "@id": "way/1264364454",
        "leisure": "garden"
      },
      "geometry": {
        "type": "Polygon",
        "coordinates": [
          [
            [
              108.9474273,
              34.2556346
            ],
            [
              108.9475732,
              34.2556346
            ],
            [
              108.9475732,
              34.2557258
            ],
            [
              108.9474273,
              34.2557258
            ],
            [
              108.9474273,
              34.2556346
            ]
          ]
        ]
      },
      "id": "way/1264364454"
    },
    {
      "type": "Feature",
      "properties": {
        "@id": "way/1264364504",
        "leisure": "garden"
      },
      "geometry": {
        "type": "Polygon",
        "coordinates": [
          [
            [
              108.9482887,
              34.2545039
            ],
            [
              108.9482303,
              34.2545038
            ],
            [
              108.9482309,
              34.2541936
            ],
            [
              108.9482893,
              34.2541937
            ],
            [
              108.9482887,
              34.2545039
            ]
          ]
        ]
      },
      "id": "way/1264364504"
    },
    {
      "type": "Feature",
      "properties": {
        "@id": "way/1264364542",
        "leisure": "garden"
      },
      "geometry": {
        "type": "Polygon",
        "coordinates": [
          [
            [
              108.9481636,
              34.2554672
            ],
            [
              108.9481638,
              34.2553501
            ],
            [
              108.9483374,
              34.2553503
            ],
            [
              108.9483372,
              34.2554674
            ],
            [
              108.9481636,
              34.2554672
            ]
          ]
        ]
      },
      "id": "way/1264364542"
    },
    {
      "type": "Feature",
      "properties": {
        "@id": "way/1264364554",
        "leisure": "garden"
      },
      "geometry": {
        "type": "Polygon",
        "coordinates": [
          [
            [
              108.9427858,
              34.2546242
            ],
            [
              108.9427874,
              34.2546168
            ],
            [
              108.942793,
              34.2546102
            ],
            [
              108.942801,
              34.2546056
            ],
            [
              108.94281,
              34.2546042
            ],
            [
              108.9429864,
              34.2546042
            ],
            [
              108.9429954,
              34.2546056
            ],
            [
              108.9430034,
              34.2546102
            ],
            [
              108.943009,
              34.2546168
            ],
            [
              108.9430106,
              34.2546242
            ],
            [
              108.9430106,
              34.2547285
            ],
            [
              108.9427858,
              34.2547285
            ],
            [
              108.9427858,
              34.2546242
            ]
          ]
        ]
      },
      "id": "way/1264364554"
    },
    {
      "type": "Feature",
      "properties": {
        "@id": "way/1264364571",
        "leisure": "garden"
      },
      "geometry": {
        "type": "Polygon",
        "coordinates": [
          [
            [
              108.9474273,
              34.2558978
            ],
            [
              108.9474273,
              34.2558066
            ],
            [
              108.9475732,
              34.2558066
            ],
            [
              108.9475732,
              34.2558978
            ],
            [
              108.9474273,
              34.2558978
            ]
          ]
        ]
      },
      "id": "way/1264364571"
    },
    {
      "type": "Feature",
      "properties": {
        "@id": "way/1264364643",
        "leisure": "garden"
      },
      "geometry": {
        "type": "Polygon",
        "coordinates": [
          [
            [
              108.9479069,
              34.2555922
            ],
            [
              108.9477381,
              34.255592
            ],
            [
              108.9477383,
              34.2555076
            ],
            [
              108.9479071,
              34.2555079
            ],
            [
              108.9479069,
              34.2555922
            ]
          ]
        ]
      },
      "id": "way/1264364643"
    },
    {
      "type": "Feature",
      "properties": {
        "@id": "way/1270801187",
        "landuse": "grass"
      },
      "geometry": {
        "type": "Polygon",
        "coordinates": [
          [
            [
              108.9174894,
              34.2787595
            ],
            [
              108.9164447,
              34.278761
            ],
            [
              108.9164483,
              34.2780081
            ],
            [
              108.9166829,
              34.278011
            ],
            [
              108.916746,
              34.2781214
            ],
            [
              108.9168272,
              34.2782064
            ],
            [
              108.9174876,
              34.2787371
            ],
            [
              108.9174894,
              34.2787595
            ]
          ]
        ]
      },
      "id": "way/1270801187"
    },
    {
      "type": "Feature",
      "properties": {
        "@id": "way/1273989347",
        "landuse": "grass"
      },
      "geometry": {
        "type": "Polygon",
        "coordinates": [
          [
            [
              108.9789102,
              34.2554017
            ],
            [
              108.9789109,
              34.2553254
            ],
            [
              108.9790078,
              34.255326
            ],
            [
              108.9790071,
              34.2554023
            ],
            [
              108.9789102,
              34.2554017
            ]
          ]
        ]
      },
      "id": "way/1273989347"
    },
    {
      "type": "Feature",
      "properties": {
        "@id": "way/1273989356",
        "landuse": "grass"
      },
      "geometry": {
        "type": "Polygon",
        "coordinates": [
          [
            [
              108.9765845,
              34.2566159
            ],
            [
              108.976596,
              34.2566106
            ],
            [
              108.9766127,
              34.2566086
            ],
            [
              108.976629,
              34.2566092
            ],
            [
              108.9766848,
              34.2566483
            ],
            [
              108.9766897,
              34.2566662
            ],
            [
              108.976688,
              34.2566833
            ],
            [
              108.9766728,
              34.2566966
            ],
            [
              108.9766524,
              34.2567039
            ],
            [
              108.9766392,
              34.2567039
            ],
            [
              108.9766137,
              34.2566961
            ],
            [
              108.9765915,
              34.2566791
            ],
            [
              108.9765794,
              34.2566631
            ],
            [
              108.976577,
              34.2566445
            ],
            [
              108.976577,
              34.2566303
            ],
            [
              108.9765845,
              34.2566159
            ]
          ]
        ]
      },
      "id": "way/1273989356"
    },
    {
      "type": "Feature",
      "properties": {
        "@id": "way/1273989357",
        "landuse": "grass"
      },
      "geometry": {
        "type": "Polygon",
        "coordinates": [
          [
            [
              108.9766293,
              34.2567567
            ],
            [
              108.9766329,
              34.256747
            ],
            [
              108.9766528,
              34.2567306
            ],
            [
              108.9766929,
              34.2567108
            ],
            [
              108.9767606,
              34.2566925
            ],
            [
              108.9767759,
              34.2567141
            ],
            [
              108.9767809,
              34.2567369
            ],
            [
              108.9767786,
              34.2567529
            ],
            [
              108.9767696,
              34.2567656
            ],
            [
              108.9766988,
              34.2567958
            ],
            [
              108.9766798,
              34.2567883
            ],
            [
              108.97664,
              34.2567653
            ],
            [
              108.9766293,
              34.2567567
            ]
          ]
        ]
      },
      "id": "way/1273989357"
    },
    {
      "type": "Feature",
      "properties": {
        "@id": "way/1273989358",
        "landuse": "grass"
      },
      "geometry": {
        "type": "Polygon",
        "coordinates": [
          [
            [
              108.9769581,
              34.2569639
            ],
            [
              108.9769699,
              34.2569537
            ],
            [
              108.9769903,
              34.2569462
            ],
            [
              108.9770214,
              34.2569453
            ],
            [
              108.9770605,
              34.2569537
            ],
            [
              108.9771206,
              34.2569657
            ],
            [
              108.977185,
              34.2569963
            ],
            [
              108.9772215,
              34.2570278
            ],
            [
              108.9772805,
              34.2571049
            ],
            [
              108.9772928,
              34.2571364
            ],
            [
              108.9772923,
              34.2571772
            ],
            [
              108.9772789,
              34.2572144
            ],
            [
              108.9772553,
              34.2572406
            ],
            [
              108.9772279,
              34.2572503
            ],
            [
              108.9772022,
              34.257249
            ],
            [
              108.9771598,
              34.2572366
            ],
            [
              108.9771394,
              34.2572175
            ],
            [
              108.9771222,
              34.2571759
            ],
            [
              108.9770959,
              34.2571297
            ],
            [
              108.9770595,
              34.2570739
            ],
            [
              108.9770412,
              34.2570517
            ],
            [
              108.9770166,
              34.2570366
            ],
            [
              108.9769897,
              34.2570229
            ],
            [
              108.9769699,
              34.2570127
            ],
            [
              108.976957,
              34.2570038
            ],
            [
              108.9769506,
              34.2569879
            ],
            [
              108.976949,
              34.2569759
            ],
            [
              108.9769581,
              34.2569639
            ]
          ]
        ]
      },
      "id": "way/1273989358"
    },
    {
      "type": "Feature",
      "properties": {
        "@id": "way/1273989359",
        "landuse": "grass"
      },
      "geometry": {
        "type": "Polygon",
        "coordinates": [
          [
            [
              108.9771175,
              34.2568314
            ],
            [
              108.977133,
              34.2568185
            ],
            [
              108.9771599,
              34.2568085
            ],
            [
              108.9771876,
              34.2568116
            ],
            [
              108.9772184,
              34.2568229
            ],
            [
              108.9772373,
              34.2568398
            ],
            [
              108.9772536,
              34.2568574
            ],
            [
              108.9772631,
              34.2568774
            ],
            [
              108.9772612,
              34.25689
            ],
            [
              108.9772533,
              34.2568988
            ],
            [
              108.9772407,
              34.2569035
            ],
            [
              108.9772267,
              34.2569019
            ],
            [
              108.9771918,
              34.2568941
            ],
            [
              108.9771599,
              34.2568884
            ],
            [
              108.9771368,
              34.2568809
            ],
            [
              108.9771194,
              34.2568668
            ],
            [
              108.9771133,
              34.256847
            ],
            [
              108.9771175,
              34.2568314
            ]
          ]
        ]
      },
      "id": "way/1273989359"
    },
    {
      "type": "Feature",
      "properties": {
        "@id": "way/1273989360",
        "landuse": "grass"
      },
      "geometry": {
        "type": "Polygon",
        "coordinates": [
          [
            [
              108.9773612,
              34.2572283
            ],
            [
              108.9773762,
              34.2572053
            ],
            [
              108.9773998,
              34.2571755
            ],
            [
              108.9774221,
              34.257156
            ],
            [
              108.9774454,
              34.2571439
            ],
            [
              108.9774595,
              34.2571447
            ],
            [
              108.9774697,
              34.2571534
            ],
            [
              108.9774754,
              34.2571634
            ],
            [
              108.9774773,
              34.25718
            ],
            [
              108.9774735,
              34.257199
            ],
            [
              108.9774607,
              34.2572212
            ],
            [
              108.9774524,
              34.2572441
            ],
            [
              108.977448,
              34.2572641
            ],
            [
              108.9774358,
              34.257281
            ],
            [
              108.9774225,
              34.2572923
            ],
            [
              108.9774049,
              34.2572976
            ],
            [
              108.9773921,
              34.2572958
            ],
            [
              108.9773784,
              34.2572931
            ],
            [
              108.9773625,
              34.2572818
            ],
            [
              108.9773555,
              34.2572678
            ],
            [
              108.9773545,
              34.2572515
            ],
            [
              108.9773612,
              34.2572283
            ]
          ]
        ]
      },
      "id": "way/1273989360"
    },
    {
      "type": "Feature",
      "properties": {
        "@id": "way/1273989361",
        "landuse": "grass"
      },
      "geometry": {
        "type": "Polygon",
        "coordinates": [
          [
            [
              108.9775001,
              34.2573749
            ],
            [
              108.9774898,
              34.2574338
            ],
            [
              108.9774825,
              34.2574856
            ],
            [
              108.9774825,
              34.2575147
            ],
            [
              108.9774888,
              34.2575486
            ],
            [
              108.9774929,
              34.2575695
            ],
            [
              108.9774852,
              34.2575848
            ],
            [
              108.9774685,
              34.2575949
            ],
            [
              108.9774496,
              34.2575919
            ],
            [
              108.9774261,
              34.2575788
            ],
            [
              108.9774122,
              34.2575516
            ],
            [
              108.9774004,
              34.2575259
            ],
            [
              108.9773977,
              34.2574815
            ],
            [
              108.9774099,
              34.2574181
            ],
            [
              108.9774252,
              34.2573782
            ],
            [
              108.9774424,
              34.2573611
            ],
            [
              108.9774627,
              34.2573544
            ],
            [
              108.9774798,
              34.2573518
            ],
            [
              108.977497,
              34.2573596
            ],
            [
              108.9775001,
              34.2573749
            ]
          ]
        ]
      },
      "id": "way/1273989361"
    },
    {
      "type": "Feature",
      "properties": {
        "@id": "way/1273989362",
        "landuse": "grass"
      },
      "geometry": {
        "type": "Polygon",
        "coordinates": [
          [
            [
              108.9773187,
              34.2567921
            ],
            [
              108.9774134,
              34.2567697
            ],
            [
              108.9775226,
              34.2567675
            ],
            [
              108.9776245,
              34.2568025
            ],
            [
              108.977684,
              34.2568406
            ],
            [
              108.9777391,
              34.2569174
            ],
            [
              108.9777716,
              34.2569972
            ],
            [
              108.9777652,
              34.2571127
            ],
            [
              108.9777319,
              34.257188
            ],
            [
              108.9776308,
              34.2572835
            ],
            [
              108.9776001,
              34.2573029
            ],
            [
              108.9775686,
              34.2573103
            ],
            [
              108.977546,
              34.2573088
            ],
            [
              108.9775334,
              34.2572984
            ],
            [
              108.9775307,
              34.2572827
            ],
            [
              108.9775514,
              34.2572611
            ],
            [
              108.9775785,
              34.2572283
            ],
            [
              108.9776074,
              34.2571642
            ],
            [
              108.9776209,
              34.2571127
            ],
            [
              108.9776137,
              34.2570434
            ],
            [
              108.9775848,
              34.2569748
            ],
            [
              108.9775379,
              34.2569151
            ],
            [
              108.9774639,
              34.2568682
            ],
            [
              108.9774071,
              34.2568458
            ],
            [
              108.9773557,
              34.256851
            ],
            [
              108.9773187,
              34.2567921
            ]
          ]
        ]
      },
      "id": "way/1273989362"
    },
    {
      "type": "Feature",
      "properties": {
        "@id": "way/1290905260",
        "landuse": "meadow",
        "name": "操场"
      },
      "geometry": {
        "type": "Polygon",
        "coordinates": [
          [
            [
              108.9257822,
              34.2515307
            ],
            [
              108.9257963,
              34.2501616
            ],
            [
              108.9259827,
              34.2500582
            ],
            [
              108.9262281,
              34.2499822
            ],
            [
              108.9264334,
              34.2499841
            ],
            [
              108.926726,
              34.2500582
            ],
            [
              108.9268416,
              34.2501616
            ],
            [
              108.9268958,
              34.2513493
            ],
            [
              108.9268274,
              34.251478
            ],
            [
              108.9266623,
              34.2515912
            ],
            [
              108.9264004,
              34.251638
            ],
            [
              108.9261833,
              34.2516302
            ],
            [
              108.9257822,
              34.2515307
            ]
          ]
        ]
      },
      "id": "way/1290905260"
    },
    {
      "type": "Feature",
      "properties": {
        "@id": "way/1359212858",
        "leisure": "park",
        "name": "红旗铁路公园",
        "name:zh": "红旗铁路公园",
        "opening_hours": "24/7",
        "type": "multipolygon"
      },
      "geometry": {
        "type": "Polygon",
        "coordinates": [
          [
            [
              108.9751875,
              34.2865448
            ],
            [
              108.9756699,
              34.2867985
            ],
            [
              108.9751837,
              34.2872185
            ],
            [
              108.9748732,
              34.2877038
            ],
            [
              108.9742018,
              34.2887855
            ],
            [
              108.9741858,
              34.2890123
            ],
            [
              108.9740908,
              34.2892051
            ],
            [
              108.973749,
              34.2897468
            ],
            [
              108.973774,
              34.2907619
            ],
            [
              108.9738044,
              34.292375
            ],
            [
              108.9739674,
              34.2945166
            ],
            [
              108.9740453,
              34.2958219
            ],
            [
              108.9742754,
              34.2979194
            ],
            [
              108.9742882,
              34.3006907
            ],
            [
              108.974449,
              34.3028234
            ],
            [
              108.9746955,
              34.3031026
            ],
            [
              108.9747795,
              34.3039964
            ],
            [
              108.974955,
              34.3066868
            ],
            [
              108.9749679,
              34.307345
            ],
            [
              108.974744,
              34.3076678
            ],
            [
              108.974942,
              34.3111602
            ],
            [
              108.9752636,
              34.3118516
            ],
            [
              108.9756223,
              34.3161303
            ],
            [
              108.9757876,
              34.3183755
            ],
            [
              108.9757978,
              34.318844
            ],
            [
              108.9760005,
              34.3217165
            ],
            [
              108.975829,
              34.3217165
            ],
            [
              108.9759465,
              34.3234781
            ],
            [
              108.9759626,
              34.3239875
            ],
            [
              108.9761802,
              34.3240572
            ],
            [
              108.9762386,
              34.3253684
            ],
            [
              108.9762488,
              34.3255506
            ],
            [
              108.9764661,
              34.3277931
            ],
            [
              108.9766144,
              34.3306668
            ],
            [
              108.9764637,
              34.3312201
            ],
            [
              108.9767259,
              34.3361445
            ],
            [
              108.9767901,
              34.3364675
            ],
            [
              108.9769091,
              34.3373933
            ],
            [
              108.9769487,
              34.3378358
            ],
            [
              108.9769263,
              34.3384995
            ],
            [
              108.9767828,
              34.3393563
            ],
            [
              108.9766509,
              34.3398482
            ],
            [
              108.9763517,
              34.3406228
            ],
            [
              108.9762766,
              34.3406085
            ],
            [
              108.9761468,
              34.3409261
            ],
            [
              108.9758053,
              34.3417246
            ],
            [
              108.976212,
              34.341732
            ],
            [
              108.9756168,
              34.3433015
            ],
            [
              108.9756467,
              34.3433159
            ],
            [
              108.9742894,
              34.3469058
            ],
            [
              108.973969,
              34.346801
            ],
            [
              108.9734153,
              34.3483485
            ],
            [
              108.9728578,
              34.349881
            ],
            [
              108.9726786,
              34.3500032
            ],
            [
              108.9723171,
              34.3509586
            ],
            [
              108.9720781,
              34.3516292
            ],
            [
              108.9719759,
              34.3521209
            ],
            [
              108.972007,
              34.3528495
            ],
            [
              108.9718262,
              34.3528644
            ],
            [
              108.9718193,
              34.3529171
            ],
            [
              108.9717907,
              34.3529662
            ],
            [
              108.9717207,
              34.3530288
            ],
            [
              108.9715072,
              34.3531041
            ],
            [
              108.9711126,
              34.3543621
            ],
            [
              108.9712041,
              34.354608
            ],
            [
              108.9710277,
              34.3552498
            ],
            [
              108.9702331,
              34.3552505
            ],
            [
              108.970671,
              34.3538599
            ],
            [
              108.9703541,
              34.3537533
            ],
            [
              108.9706638,
              34.3528868
            ],
            [
              108.9707044,
              34.3500692
            ],
            [
              108.9708476,
              34.3499422
            ],
            [
              108.9719065,
              34.3499795
            ],
            [
              108.9728004,
              34.347839
            ],
            [
              108.9723266,
              34.3474152
            ],
            [
              108.9724521,
              34.3470558
            ],
            [
              108.9725843,
              34.3471507
            ],
            [
              108.9729795,
              34.3466759
            ],
            [
              108.9748349,
              34.34173
            ],
            [
              108.9751181,
              34.341718
            ],
            [
              108.9756083,
              34.3404327
            ],
            [
              108.9755255,
              34.340406
            ],
            [
              108.9758164,
              34.3396147
            ],
            [
              108.9760295,
              34.3389932
            ],
            [
              108.9762029,
              34.3382037
            ],
            [
              108.9761748,
              34.3369929
            ],
            [
              108.9761669,
              34.3364835
            ],
            [
              108.9758805,
              34.3361745
            ],
            [
              108.975745,
              34.33477
            ],
            [
              108.9760368,
              34.3347444
            ],
            [
              108.975932,
              34.3325504
            ],
            [
              108.9757994,
              34.3307384
            ],
            [
              108.9755812,
              34.3277685
            ],
            [
              108.9754045,
              34.3253666
            ],
            [
              108.9752775,
              34.3236614
            ],
            [
              108.9752814,
              34.3234628
            ],
            [
              108.9751474,
              34.3216825
            ],
            [
              108.9749085,
              34.3183669
            ],
            [
              108.9746882,
              34.3154116
            ],
            [
              108.9748378,
              34.3154022
            ],
            [
              108.9746989,
              34.3137766
            ],
            [
              108.9745911,
              34.3137658
            ],
            [
              108.974413,
              34.3118654
            ],
            [
              108.9745443,
              34.3111976
            ],
            [
              108.9745017,
              34.3106137
            ],
            [
              108.9743718,
              34.3106121
            ],
            [
              108.9742816,
              34.3095825
            ],
            [
              108.9741972,
              34.3076868
            ],
            [
              108.9740105,
              34.3073607
            ],
            [
              108.9739862,
              34.3068746
            ],
            [
              108.9739377,
              34.3068771
            ],
            [
              108.973909,
              34.3055918
            ],
            [
              108.9737403,
              34.3036959
            ],
            [
              108.9735772,
              34.3034578
            ],
            [
              108.9735932,
              34.3030665
            ],
            [
              108.9737905,
              34.3028348
            ],
            [
              108.9737144,
              34.3016591
            ],
            [
              108.9735614,
              34.3006082
            ],
            [
              108.9733922,
              34.2979742
            ],
            [
              108.9732263,
              34.2977802
            ],
            [
              108.9731673,
              34.2957895
            ],
            [
              108.9731118,
              34.295732
            ],
            [
              108.9731262,
              34.2943913
            ],
            [
              108.9729411,
              34.2941454
            ],
            [
              108.9729718,
              34.2926548
            ],
            [
              108.9729913,
              34.2907666
            ],
            [
              108.9729944,
              34.2902364
            ],
            [
              108.9729509,
              34.2892135
            ],
            [
              108.9735012,
              34.289017
            ],
            [
              108.9739795,
              34.2882525
            ],
            [
              108.974008,
              34.2879798
            ],
            [
              108.9745657,
              34.2868388
            ],
            [
              108.9747777,
              34.2865112
            ],
            [
              108.9754649,
              34.2856051
            ],
            [
              108.976592,
              34.2846884
            ],
            [
              108.977277,
              34.2844939
            ],
            [
              108.9781082,
              34.2840772
            ],
            [
              108.9789862,
              34.2838997
            ],
            [
              108.9789955,
              34.2843087
            ],
            [
              108.9778654,
              34.2846097
            ],
            [
              108.9766885,
              34.2851653
            ],
            [
              108.9760927,
              34.2855577
            ],
            [
              108.9760846,
              34.2856958
            ],
            [
              108.9758169,
              34.2858775
            ],
            [
              108.9751875,
              34.2865448
            ]
          ]
        ]
      },
      "id": "way/1359212858"
    },
    {
      "type": "Feature",
      "properties": {
        "@id": "way/1372919449",
        "landuse": "grass"
      },
      "geometry": {
        "type": "Polygon",
        "coordinates": [
          [
            [
              108.9731391,
              34.2790947
            ],
            [
              108.9731316,
              34.2790854
            ],
            [
              108.9731316,
              34.2790743
            ],
            [
              108.9731455,
              34.2790694
            ],
            [
              108.9735803,
              34.2790694
            ],
            [
              108.9735968,
              34.2790691
            ],
            [
              108.9735814,
              34.2790808
            ],
            [
              108.9735477,
              34.279114
            ],
            [
              108.9735189,
              34.2791501
            ],
            [
              108.9734959,
              34.2791933
            ],
            [
              108.9734804,
              34.279245
            ],
            [
              108.9734705,
              34.2792854
            ],
            [
              108.9734643,
              34.2793328
            ],
            [
              108.9734599,
              34.2793736
            ],
            [
              108.9734553,
              34.2793839
            ],
            [
              108.9734422,
              34.2793842
            ],
            [
              108.9734213,
              34.2793682
            ],
            [
              108.9731391,
              34.2790947
            ]
          ]
        ]
      },
      "id": "way/1372919449"
    },
    {
      "type": "Feature",
      "properties": {
        "@id": "way/1372919479",
        "landuse": "grass"
      },
      "geometry": {
        "type": "Polygon",
        "coordinates": [
          [
            [
              108.9735481,
              34.2796682
            ],
            [
              108.9735806,
              34.2796407
            ],
            [
              108.9737693,
              34.2797932
            ],
            [
              108.9739392,
              34.2799282
            ],
            [
              108.9741173,
              34.2800431
            ],
            [
              108.9743173,
              34.2801519
            ],
            [
              108.9745344,
              34.2802682
            ],
            [
              108.9747352,
              34.2803609
            ],
            [
              108.975902,
              34.2808527
            ],
            [
              108.9791796,
              34.2822434
            ],
            [
              108.9791752,
              34.2823048
            ],
            [
              108.9791632,
              34.2823127
            ],
            [
              108.9788084,
              34.2821631
            ],
            [
              108.9787443,
              34.2821376
            ],
            [
              108.9786777,
              34.2821142
            ],
            [
              108.9786186,
              34.2820984
            ],
            [
              108.9785416,
              34.2820847
            ],
            [
              108.978459,
              34.2820674
            ],
            [
              108.978454,
              34.2820618
            ],
            [
              108.9784984,
              34.2819849
            ],
            [
              108.9758797,
              34.2808935
            ],
            [
              108.974719,
              34.2803931
            ],
            [
              108.9745316,
              34.2803035
            ],
            [
              108.9743548,
              34.2802195
            ],
            [
              108.9742217,
              34.2801426
            ],
            [
              108.9740381,
              34.2800357
            ],
            [
              108.9738988,
              34.279943
            ],
            [
              108.9737158,
              34.2798091
            ],
            [
              108.9735481,
              34.2796682
            ]
          ]
        ]
      },
      "id": "way/1372919479"
    },
    {
      "type": "Feature",
      "properties": {
        "@id": "way/1372919494",
        "landuse": "grass"
      },
      "geometry": {
        "type": "Polygon",
        "coordinates": [
          [
            [
              108.9730272,
              34.2791855
            ],
            [
              108.9730605,
              34.2791667
            ],
            [
              108.9734362,
              34.279514
            ],
            [
              108.9733972,
              34.2795416
            ],
            [
              108.9730272,
              34.2791855
            ]
          ]
        ]
      },
      "id": "way/1372919494"
    },
    {
      "type": "Feature",
      "properties": {
        "@id": "way/1372919511",
        "landuse": "grass"
      },
      "geometry": {
        "type": "Polygon",
        "coordinates": [
          [
            [
              108.9792455,
              34.2849607
            ],
            [
              108.9792276,
              34.2839597
            ],
            [
              108.9792601,
              34.2839302
            ],
            [
              108.9797398,
              34.2840618
            ],
            [
              108.9797317,
              34.2849567
            ],
            [
              108.9792455,
              34.2849607
            ]
          ]
        ]
      },
      "id": "way/1372919511"
    },
    {
      "type": "Feature",
      "properties": {
        "@id": "way/1395538547",
        "landuse": "forest"
      },
      "geometry": {
        "type": "Polygon",
        "coordinates": [
          [
            [
              108.9755373,
              34.2556773
            ],
            [
              108.975519,
              34.2556453
            ],
            [
              108.9755137,
              34.2556117
            ],
            [
              108.9755276,
              34.2555611
            ],
            [
              108.9755587,
              34.2555247
            ],
            [
              108.9756167,
              34.2554981
            ],
            [
              108.9757057,
              34.2554751
            ],
            [
              108.9757937,
              34.255444
            ],
            [
              108.9758806,
              34.2553988
            ],
            [
              108.9759375,
              34.2553545
            ],
            [
              108.9759857,
              34.2552924
            ],
            [
              108.9760126,
              34.2552419
            ],
            [
              108.9760319,
              34.25517
            ],
            [
              108.9760512,
              34.2550663
            ],
            [
              108.9760684,
              34.2549945
            ],
            [
              108.976092,
              34.2549342
            ],
            [
              108.9761413,
              34.2548641
            ],
            [
              108.9761939,
              34.2548002
            ],
            [
              108.9762668,
              34.2547435
            ],
            [
              108.9763634,
              34.2546983
            ],
            [
              108.9764728,
              34.2546628
            ],
            [
              108.9765522,
              34.2546539
            ],
            [
              108.9766466,
              34.2546584
            ],
            [
              108.9769127,
              34.2546912
            ],
            [
              108.9767797,
              34.2548889
            ],
            [
              108.9768054,
              34.2548996
            ],
            [
              108.9766477,
              34.2551505
            ],
            [
              108.9766874,
              34.2551674
            ],
            [
              108.9764567,
              34.2555806
            ],
            [
              108.9764031,
              34.2556631
            ],
            [
              108.976372,
              34.2557207
            ],
            [
              108.9763634,
              34.2557846
            ],
            [
              108.9763655,
              34.2558599
            ],
            [
              108.9763709,
              34.2560604
            ],
            [
              108.9763709,
              34.2560896
            ],
            [
              108.9763591,
              34.25611
            ],
            [
              108.9763301,
              34.2561251
            ],
            [
              108.9762797,
              34.2561295
            ],
            [
              108.9762014,
              34.2561171
            ],
            [
              108.9761263,
              34.2560905
            ],
            [
              108.9760523,
              34.2560639
            ],
            [
              108.9759536,
              34.2559938
            ],
            [
              108.9755373,
              34.2556773
            ]
          ]
        ]
      },
      "id": "way/1395538547"
    },
    {
      "type": "Feature",
      "properties": {
        "@id": "way/1395538548",
        "landuse": "forest"
      },
      "geometry": {
        "type": "Polygon",
        "coordinates": [
          [
            [
              108.9752851,
              34.2529596
            ],
            [
              108.9752341,
              34.2529598
            ],
            [
              108.9752341,
              34.2528726
            ],
            [
              108.9752584,
              34.2528733
            ],
            [
              108.9752603,
              34.2527884
            ],
            [
              108.9771909,
              34.2528232
            ],
            [
              108.9771974,
              34.2528463
            ],
            [
              108.9772478,
              34.2528448
            ],
            [
              108.9772506,
              34.2528656
            ],
            [
              108.9777288,
              34.2529915
            ],
            [
              108.9778447,
              34.2530023
            ],
            [
              108.9779156,
              34.2530185
            ],
            [
              108.9779922,
              34.2530463
            ],
            [
              108.9780567,
              34.2530764
            ],
            [
              108.9780744,
              34.2531134
            ],
            [
              108.9780772,
              34.2531327
            ],
            [
              108.9780604,
              34.2531721
            ],
            [
              108.9780343,
              34.2531899
            ],
            [
              108.9778932,
              34.2531991
            ],
            [
              108.9778942,
              34.2532323
            ],
            [
              108.9774318,
              34.2532655
            ],
            [
              108.9773543,
              34.2532339
            ],
            [
              108.9772973,
              34.2532169
            ],
            [
              108.9772273,
              34.2532123
            ],
            [
              108.9771507,
              34.2532169
            ],
            [
              108.9770806,
              34.2532393
            ],
            [
              108.9769966,
              34.2532563
            ],
            [
              108.9768892,
              34.2532655
            ],
            [
              108.9768854,
              34.2532107
            ],
            [
              108.976991,
              34.2530787
            ],
            [
              108.9770171,
              34.2530478
            ],
            [
              108.9769985,
              34.2530339
            ],
            [
              108.9769415,
              34.2530115
            ],
            [
              108.9768798,
              34.2530023
            ],
            [
              108.9768098,
              34.2530015
            ],
            [
              108.976694,
              34.2530115
            ],
            [
              108.9765567,
              34.2530123
            ],
            [
              108.9765763,
              34.253196
            ],
            [
              108.9765062,
              34.253257
            ],
            [
              108.97651,
              34.2533118
            ],
            [
              108.9763736,
              34.2533149
            ],
            [
              108.9763708,
              34.2534076
            ],
            [
              108.9763447,
              34.2534215
            ],
            [
              108.9761737,
              34.2533149
            ],
            [
              108.9760576,
              34.2533054
            ],
            [
              108.9759686,
              34.2532886
            ],
            [
              108.975902,
              34.2532735
            ],
            [
              108.9758452,
              34.2532327
            ],
            [
              108.9757239,
              34.2531174
            ],
            [
              108.9756853,
              34.2530873
            ],
            [
              108.975651,
              34.2530749
            ],
            [
              108.9755823,
              34.2530625
            ],
            [
              108.975519,
              34.2530518
            ],
            [
              108.9754675,
              34.2530288
            ],
            [
              108.9754128,
              34.2530048
            ],
            [
              108.9753538,
              34.2529764
            ],
            [
              108.9752851,
              34.2529596
            ]
          ]
        ]
      },
      "id": "way/1395538548"
    },
    {
      "type": "Feature",
      "properties": {
        "@id": "way/1395538550",
        "landuse": "forest"
      },
      "geometry": {
        "type": "Polygon",
        "coordinates": [
          [
            [
              108.9781293,
              34.2537295
            ],
            [
              108.9781246,
              34.2532609
            ],
            [
              108.9782227,
              34.2531475
            ],
            [
              108.978657,
              34.2531475
            ],
            [
              108.9786672,
              34.2537249
            ],
            [
              108.9781293,
              34.2537295
            ]
          ]
        ]
      },
      "id": "way/1395538550"
    },
    {
      "type": "Feature",
      "properties": {
        "@id": "way/1395538551",
        "landuse": "forest"
      },
      "geometry": {
        "type": "Polygon",
        "coordinates": [
          [
            [
              108.9792426,
              34.2537257
            ],
            [
              108.9792398,
              34.2531583
            ],
            [
              108.9799141,
              34.2531467
            ],
            [
              108.9800113,
              34.253149
            ],
            [
              108.9800561,
              34.2531621
            ],
            [
              108.9800981,
              34.2531861
            ],
            [
              108.9800701,
              34.2532069
            ],
            [
              108.9799898,
              34.2532571
            ],
            [
              108.979874,
              34.2533266
            ],
            [
              108.9797992,
              34.2533999
            ],
            [
              108.9796517,
              34.2535466
            ],
            [
              108.9796358,
              34.253728
            ],
            [
              108.9792426,
              34.2537257
            ]
          ]
        ]
      },
      "id": "way/1395538551"
    },
    {
      "type": "Feature",
      "properties": {
        "@id": "way/1395538552",
        "landuse": "forest"
      },
      "geometry": {
        "type": "Polygon",
        "coordinates": [
          [
            [
              108.9775224,
              34.2535601
            ],
            [
              108.9779623,
              34.2535547
            ],
            [
              108.9779651,
              34.2536157
            ],
            [
              108.9780875,
              34.2536173
            ],
            [
              108.9780838,
              34.2538435
            ],
            [
              108.9780903,
              34.2541183
            ],
            [
              108.9778512,
              34.2541253
            ],
            [
              108.9777858,
              34.2541345
            ],
            [
              108.9777419,
              34.2541584
            ],
            [
              108.9775178,
              34.2544209
            ],
            [
              108.9774963,
              34.254424
            ],
            [
              108.9774748,
              34.2544147
            ],
            [
              108.9774542,
              34.2543931
            ],
            [
              108.9774281,
              34.2542225
            ],
            [
              108.9774281,
              34.254133
            ],
            [
              108.9774542,
              34.2540535
            ],
            [
              108.9774785,
              34.2540071
            ],
            [
              108.9775054,
              34.253871
            ],
            [
              108.9775224,
              34.2535601
            ]
          ]
        ]
      },
      "id": "way/1395538552"
    },
    {
      "type": "Feature",
      "properties": {
        "@id": "way/1395538560",
        "landuse": "forest"
      },
      "geometry": {
        "type": "Polygon",
        "coordinates": [
          [
            [
              108.9760185,
              34.2566766
            ],
            [
              108.9760838,
              34.2566298
            ],
            [
              108.9761319,
              34.2567021
            ],
            [
              108.9761898,
              34.2568131
            ],
            [
              108.9762477,
              34.2568773
            ],
            [
              108.9763562,
              34.2569486
            ],
            [
              108.9764868,
              34.2569863
            ],
            [
              108.9766372,
              34.257135
            ],
            [
              108.9766901,
              34.2571727
            ],
            [
              108.9767271,
              34.2572206
            ],
            [
              108.9767567,
              34.257301
            ],
            [
              108.976753,
              34.257355
            ],
            [
              108.9767345,
              34.2574039
            ],
            [
              108.9767345,
              34.2574844
            ],
            [
              108.9766975,
              34.257517
            ],
            [
              108.9766482,
              34.2575506
            ],
            [
              108.9766285,
              34.2575883
            ],
            [
              108.9766285,
              34.2576321
            ],
            [
              108.9766445,
              34.257681
            ],
            [
              108.9767382,
              34.2577665
            ],
            [
              108.976843,
              34.2578531
            ],
            [
              108.9768676,
              34.2578847
            ],
            [
              108.9768688,
              34.2579163
            ],
            [
              108.9768541,
              34.2579468
            ],
            [
              108.976843,
              34.2579794
            ],
            [
              108.9768504,
              34.25801
            ],
            [
              108.9767567,
              34.2580904
            ],
            [
              108.9766852,
              34.2580385
            ],
            [
              108.9764824,
              34.258172
            ],
            [
              108.9757819,
              34.257558
            ],
            [
              108.9757794,
              34.2574487
            ],
            [
              108.9758028,
              34.2573907
            ],
            [
              108.9758829,
              34.2573061
            ],
            [
              108.9762391,
              34.2571717
            ],
            [
              108.9760185,
              34.2566766
            ]
          ]
        ]
      },
      "id": "way/1395538560"
    },
    {
      "type": "Feature",
      "properties": {
        "@id": "way/1395538561",
        "landuse": "forest"
      },
      "geometry": {
        "type": "Polygon",
        "coordinates": [
          [
            [
              108.9772873,
              34.2578881
            ],
            [
              108.9772417,
              34.2579237
            ],
            [
              108.9771554,
              34.2579594
            ],
            [
              108.9770864,
              34.2579787
            ],
            [
              108.9770334,
              34.2579838
            ],
            [
              108.9769866,
              34.2579777
            ],
            [
              108.9769422,
              34.2579665
            ],
            [
              108.9769053,
              34.25794
            ],
            [
              108.9769028,
              34.2579197
            ],
            [
              108.9769164,
              34.2578922
            ],
            [
              108.9769151,
              34.2578626
            ],
            [
              108.9769188,
              34.2578198
            ],
            [
              108.9769496,
              34.2577893
            ],
            [
              108.9769952,
              34.257774
            ],
            [
              108.9770519,
              34.257774
            ],
            [
              108.9771259,
              34.2577791
            ],
            [
              108.9771715,
              34.2577689
            ],
            [
              108.9772121,
              34.2577383
            ],
            [
              108.977275,
              34.2576314
            ],
            [
              108.9772787,
              34.2575825
            ],
            [
              108.9772602,
              34.257556
            ],
            [
              108.9772195,
              34.2575356
            ],
            [
              108.9771764,
              34.2575336
            ],
            [
              108.9771345,
              34.2575356
            ],
            [
              108.9771148,
              34.2575183
            ],
            [
              108.9771123,
              34.2574979
            ],
            [
              108.9771357,
              34.2574674
            ],
            [
              108.977185,
              34.2574338
            ],
            [
              108.9772171,
              34.2574195
            ],
            [
              108.9772479,
              34.2574205
            ],
            [
              108.9772824,
              34.257445
            ],
            [
              108.9773046,
              34.2574796
            ],
            [
              108.9773539,
              34.2575591
            ],
            [
              108.9774044,
              34.2576232
            ],
            [
              108.9774672,
              34.2576813
            ],
            [
              108.9773465,
              34.2577363
            ],
            [
              108.9773465,
              34.2577669
            ],
            [
              108.977344,
              34.2577862
            ],
            [
              108.9773058,
              34.2578168
            ],
            [
              108.9773009,
              34.2578392
            ],
            [
              108.9773009,
              34.2578616
            ],
            [
              108.9772873,
              34.2578881
            ]
          ]
        ]
      },
      "id": "way/1395538561"
    },
    {
      "type": "Feature",
      "properties": {
        "@id": "way/1395538562",
        "landuse": "forest"
      },
      "geometry": {
        "type": "Polygon",
        "coordinates": [
          [
            [
              108.9771023,
              34.2581293
            ],
            [
              108.9770901,
              34.2581077
            ],
            [
              108.9770985,
              34.258083
            ],
            [
              108.9771237,
              34.2580289
            ],
            [
              108.977205,
              34.2579911
            ],
            [
              108.9772965,
              34.2579795
            ],
            [
              108.9773796,
              34.2579633
            ],
            [
              108.9774992,
              34.2579178
            ],
            [
              108.97763,
              34.2578607
            ],
            [
              108.9777411,
              34.2578197
            ],
            [
              108.9777785,
              34.257839
            ],
            [
              108.9777645,
              34.2578699
            ],
            [
              108.9777346,
              34.2579008
            ],
            [
              108.9777355,
              34.2579409
            ],
            [
              108.977715,
              34.2579819
            ],
            [
              108.9776673,
              34.2580081
            ],
            [
              108.9776206,
              34.2580305
            ],
            [
              108.9776094,
              34.2580737
            ],
            [
              108.9775608,
              34.2581085
            ],
            [
              108.9775123,
              34.2581216
            ],
            [
              108.977502,
              34.2581478
            ],
            [
              108.9774805,
              34.2582026
            ],
            [
              108.9774665,
              34.2582312
            ],
            [
              108.9774338,
              34.2582667
            ],
            [
              108.9774021,
              34.2582822
            ],
            [
              108.9773638,
              34.258276
            ],
            [
              108.9773077,
              34.258252
            ],
            [
              108.9772545,
              34.2582436
            ],
            [
              108.9771835,
              34.2582536
            ],
            [
              108.9771461,
              34.2582351
            ],
            [
              108.9771237,
              34.2582088
            ],
            [
              108.9771023,
              34.2581293
            ]
          ]
        ]
      },
      "id": "way/1395538562"
    },
    {
      "type": "Feature",
      "properties": {
        "@id": "way/1395538563",
        "landuse": "forest"
      },
      "geometry": {
        "type": "Polygon",
        "coordinates": [
          [
            [
              108.9773768,
              34.2587495
            ],
            [
              108.9773142,
              34.2587401
            ],
            [
              108.976758,
              34.2584229
            ],
            [
              108.9769638,
              34.2582993
            ],
            [
              108.9770711,
              34.2583093
            ],
            [
              108.9771524,
              34.2583053
            ],
            [
              108.977228,
              34.2582972
            ],
            [
              108.977302,
              34.2582999
            ],
            [
              108.9773467,
              34.2583234
            ],
            [
              108.9773524,
              34.2583537
            ],
            [
              108.9773386,
              34.2583913
            ],
            [
              108.9773402,
              34.2584283
            ],
            [
              108.9773923,
              34.2584868
            ],
            [
              108.9774573,
              34.2585499
            ],
            [
              108.9775183,
              34.2586339
            ],
            [
              108.9773768,
              34.2587495
            ]
          ]
        ]
      },
      "id": "way/1395538563"
    },
    {
      "type": "Feature",
      "properties": {
        "@id": "way/1395538566",
        "landuse": "forest"
      },
      "geometry": {
        "type": "Polygon",
        "coordinates": [
          [
            [
              108.9759504,
              34.2548228
            ],
            [
              108.9759498,
              34.2546186
            ],
            [
              108.975948,
              34.2545152
            ],
            [
              108.9758469,
              34.2545142
            ],
            [
              108.9758469,
              34.2544296
            ],
            [
              108.9757902,
              34.2543522
            ],
            [
              108.9756781,
              34.2542208
            ],
            [
              108.9756164,
              34.2541322
            ],
            [
              108.9755943,
              34.2540385
            ],
            [
              108.9755906,
              34.2539427
            ],
            [
              108.975752,
              34.2539417
            ],
            [
              108.9757434,
              34.2538031
            ],
            [
              108.9758506,
              34.2537981
            ],
            [
              108.975837,
              34.2533437
            ],
            [
              108.9758494,
              34.2533264
            ],
            [
              108.9759701,
              34.2533315
            ],
            [
              108.9760379,
              34.2533488
            ],
            [
              108.9761205,
              34.2533478
            ],
            [
              108.9761747,
              34.2533631
            ],
            [
              108.9763904,
              34.2535047
            ],
            [
              108.9763571,
              34.2535536
            ],
            [
              108.9762943,
              34.2536697
            ],
            [
              108.9762265,
              34.253851
            ],
            [
              108.9763522,
              34.2538877
            ],
            [
              108.976314,
              34.2539529
            ],
            [
              108.9763547,
              34.2540996
            ],
            [
              108.9764064,
              34.2542177
            ],
            [
              108.9766467,
              34.2544531
            ],
            [
              108.9766492,
              34.2545682
            ],
            [
              108.9767256,
              34.2545783
            ],
            [
              108.9767133,
              34.2546252
            ],
            [
              108.9765346,
              34.2546058
            ],
            [
              108.9764385,
              34.2546334
            ],
            [
              108.9763337,
              34.2546629
            ],
            [
              108.9761957,
              34.2547281
            ],
            [
              108.9761636,
              34.2547637
            ],
            [
              108.9761156,
              34.2547974
            ],
            [
              108.9760613,
              34.2548218
            ],
            [
              108.9759504,
              34.2548228
            ]
          ]
        ]
      },
      "id": "way/1395538566"
    },
    {
      "type": "Feature",
      "properties": {
        "@id": "way/1472472025",
        "landuse": "forest"
      },
      "geometry": {
        "type": "Polygon",
        "coordinates": [
          [
            [
              108.9259833,
              34.2677468
            ],
            [
              108.9271957,
              34.2677361
            ],
            [
              108.9272064,
              34.2680365
            ],
            [
              108.9270025,
              34.2680579
            ],
            [
              108.9269811,
              34.2686802
            ],
            [
              108.9260155,
              34.2686695
            ],
            [
              108.926037,
              34.2681974
            ],
            [
              108.9259833,
              34.2677468
            ]
          ]
        ]
      },
      "id": "way/1472472025"
    },
    {
      "type": "Feature",
      "properties": {
        "@id": "way/1472472232",
        "landuse": "orchard"
      },
      "geometry": {
        "type": "Polygon",
        "coordinates": [
          [
            [
              108.9309489,
              34.2830908
            ],
            [
              108.9319602,
              34.283097
            ],
            [
              108.931958,
              34.2833347
            ],
            [
              108.9309467,
              34.2833284
            ],
            [
              108.9309489,
              34.2830908
            ]
          ]
        ]
      },
      "id": "way/1472472232"
    },
    {
      "type": "Feature",
      "properties": {
        "@id": "way/1472472233",
        "landuse": "orchard"
      },
      "geometry": {
        "type": "Polygon",
        "coordinates": [
          [
            [
              108.915866,
              34.2791194
            ],
            [
              108.9173037,
              34.2791301
            ],
            [
              108.9174002,
              34.2791623
            ],
            [
              108.9173895,
              34.2792267
            ],
            [
              108.9165956,
              34.2792374
            ],
            [
              108.9162737,
              34.2791945
            ],
            [
              108.9162308,
              34.2793125
            ],
            [
              108.915866,
              34.2791194
            ]
          ]
        ]
      },
      "id": "way/1472472233"
    },
    {
      "type": "Feature",
      "properties": {
        "@id": "way/1472684194",
        "landuse": "forest"
      },
      "geometry": {
        "type": "Polygon",
        "coordinates": [
          [
            [
              108.9739197,
              34.2821985
            ],
            [
              108.9739305,
              34.2825955
            ],
            [
              108.9735228,
              34.2828315
            ],
            [
              108.9726108,
              34.2828101
            ],
            [
              108.9725035,
              34.2827672
            ],
            [
              108.9724177,
              34.282617
            ],
            [
              108.9735657,
              34.2826599
            ],
            [
              108.9735979,
              34.2823702
            ],
            [
              108.9739197,
              34.2821985
            ]
          ]
        ]
      },
      "id": "way/1472684194"
    },
    {
      "type": "Feature",
      "properties": {
        "@id": "way/1472684195",
        "landuse": "orchard"
      },
      "geometry": {
        "type": "Polygon",
        "coordinates": [
          [
            [
              108.9686733,
              34.2822737
            ],
            [
              108.9686626,
              34.2825097
            ],
            [
              108.9680833,
              34.2825097
            ],
            [
              108.9680725,
              34.2825633
            ],
            [
              108.9679223,
              34.2825526
            ],
            [
              108.9679223,
              34.2828315
            ],
            [
              108.9676756,
              34.2827135
            ],
            [
              108.967697,
              34.282456
            ],
            [
              108.9678794,
              34.2824668
            ],
            [
              108.9679438,
              34.2822844
            ],
            [
              108.9686733,
              34.2822737
            ]
          ]
        ]
      },
      "id": "way/1472684195"
    },
    {
      "type": "Feature",
      "properties": {
        "@id": "way/1472684196",
        "landuse": "forest"
      },
      "geometry": {
        "type": "Polygon",
        "coordinates": [
          [
            [
              108.9750355,
              34.2823273
            ],
            [
              108.9749819,
              34.2826921
            ],
            [
              108.9751643,
              34.2827457
            ],
            [
              108.9750999,
              34.2828637
            ],
            [
              108.9749819,
              34.2829388
            ],
            [
              108.9747888,
              34.282971
            ],
            [
              108.974703,
              34.2829174
            ],
            [
              108.9743704,
              34.2829174
            ],
            [
              108.9741772,
              34.2828637
            ],
            [
              108.9742523,
              34.2826384
            ],
            [
              108.9747781,
              34.2826921
            ],
            [
              108.9747459,
              34.282617
            ],
            [
              108.9747995,
              34.2824239
            ],
            [
              108.9749497,
              34.2823273
            ],
            [
              108.9750355,
              34.2823273
            ]
          ]
        ]
      },
      "id": "way/1472684196"
    },
    {
      "type": "Feature",
      "properties": {
        "@id": "way/1472684197",
        "landuse": "orchard"
      },
      "geometry": {
        "type": "Polygon",
        "coordinates": [
          [
            [
              108.9729756,
              34.2851704
            ],
            [
              108.9729971,
              34.2854387
            ],
            [
              108.9727396,
              34.2852992
            ],
            [
              108.9725143,
              34.2853099
            ],
            [
              108.9725143,
              34.2852134
            ],
            [
              108.9729756,
              34.2851704
            ]
          ]
        ]
      },
      "id": "way/1472684197"
    },
    {
      "type": "Feature",
      "properties": {
        "@id": "way/1472684201",
        "landuse": "forest"
      },
      "geometry": {
        "type": "Polygon",
        "coordinates": [
          [
            [
              108.9643067,
              34.2818981
            ],
            [
              108.9643282,
              34.281984
            ],
            [
              108.9640385,
              34.281984
            ],
            [
              108.9640278,
              34.2821234
            ],
            [
              108.9629441,
              34.2821127
            ],
            [
              108.9634913,
              34.2819947
            ],
            [
              108.9643067,
              34.2818981
            ]
          ]
        ]
      },
      "id": "way/1472684201"
    },
    {
      "type": "Feature",
      "properties": {
        "@id": "way/1472684206",
        "landuse": "orchard"
      },
      "geometry": {
        "type": "Polygon",
        "coordinates": [
          [
            [
              108.9749283,
              34.2861146
            ],
            [
              108.9748532,
              34.2862004
            ],
            [
              108.9746386,
              34.2862433
            ],
            [
              108.9736944,
              34.2862755
            ],
            [
              108.9737052,
              34.2862111
            ],
            [
              108.9741343,
              34.2861897
            ],
            [
              108.9741343,
              34.2861146
            ],
            [
              108.9749283,
              34.2861146
            ]
          ]
        ]
      },
      "id": "way/1472684206"
    },
    {
      "type": "Feature",
      "properties": {
        "@id": "way/1472684207",
        "landuse": "forest"
      },
      "geometry": {
        "type": "Polygon",
        "coordinates": [
          [
            [
              108.9522368,
              34.28855
            ],
            [
              108.9521509,
              34.2896658
            ],
            [
              108.9520007,
              34.2895371
            ],
            [
              108.9520973,
              34.2893761
            ],
            [
              108.9521295,
              34.2890865
            ],
            [
              108.9519686,
              34.288947
            ],
            [
              108.9519686,
              34.288829
            ],
            [
              108.9520222,
              34.2887217
            ],
            [
              108.9522368,
              34.28855
            ]
          ]
        ]
      },
      "id": "way/1472684207"
    },
    {
      "type": "Feature",
      "properties": {
        "@id": "node/12540927752",
        "leisure": "park",
        "name": "红旗铁路公园·桦林坊",
        "note": "临时性标注，请在卫星地图可用时转换为区域"
      },
      "geometry": {
        "type": "Point",
        "coordinates": [
          108.9741083,
          34.2885563
        ]
      },
      "id": "node/12540927752"
    }
  ]
}