{
  "type": "FeatureCollection",
  "generator": "overpass-turbo",
  "copyright": "The data included in this document is from www.openstreetmap.org. The data is made available under ODbL.",
  "timestamp": "2026-06-05T07:24:08Z",
  "features": [
    {
      "type": "Feature",
      "properties": {
        "@id": "relation/6814577",
        "natural": "water",
        "type": "multipolygon",
        "water": "pond"
      },
      "geometry": {
        "type": "Polygon",
        "coordinates": [
          [
            [
              108.9336779,
              34.2706052
            ],
            [
              108.9336423,
              34.2705458
            ],
            [
              108.9337362,
              34.2704988
            ],
            [
              108.9339112,
              34.2702089
            ],
            [
              108.9339407,
              34.2701823
            ],
            [
              108.9340292,
              34.2701557
            ],
            [
              108.9341124,
              34.2701757
            ],
            [
              108.9341627,
              34.2702552
            ],
            [
              108.9343243,
              34.2702901
            ],
            [
              108.934394,
              34.2703328
            ],
            [
              108.9344946,
              34.2703979
            ],
            [
              108.9346784,
              34.270442
            ],
            [
              108.9347654,
              34.2704875
            ],
            [
              108.9348769,
              34.2705459
            ],
            [
              108.9349734,
              34.2705858
            ],
            [
              108.9350159,
              34.2706465
            ],
            [
              108.9350287,
              34.2706683
            ],
            [
              108.9351021,
              34.2707173
            ],
            [
              108.935135,
              34.2707379
            ],
            [
              108.9351316,
              34.2707697
            ],
            [
              108.9350377,
              34.2708318
            ],
            [
              108.934791,
              34.2708653
            ],
            [
              108.9347223,
              34.2708678
            ],
            [
              108.9347017,
              34.2708914
            ],
            [
              108.9347165,
              34.2709565
            ],
            [
              108.9345952,
              34.270956
            ],
            [
              108.9345935,
              34.2709199
            ],
            [
              108.9344158,
              34.2709227
            ],
            [
              108.9344145,
              34.2709443
            ],
            [
              108.9342425,
              34.2709429
            ],
            [
              108.9342341,
              34.2708168
            ],
            [
              108.9342271,
              34.2706805
            ],
            [
              108.9341681,
              34.270616
            ],
            [
              108.9336779,
              34.2706052
            ]
          ],
          [
            [
              108.9344493,
              34.2708321
            ],
            [
              108.9346381,
              34.2708096
            ],
            [
              108.9347186,
              34.2707808
            ],
            [
              108.9347517,
              34.2707572
            ],
            [
              108.9347568,
              34.2707303
            ],
            [
              108.9347561,
              34.2705991
            ],
            [
              108.93474,
              34.2705658
            ],
            [
              108.9346596,
              34.2705569
            ],
            [
              108.9344638,
              34.2706124
            ],
            [
              108.9344396,
              34.270639
            ],
            [
              108.934391,
              34.2707116
            ],
            [
              108.9343994,
              34.2707657
            ],
            [
              108.9344493,
              34.2708321
            ]
          ]
        ]
      },
      "id": "relation/6814577"
    },
    {
      "type": "Feature",
      "properties": {
        "@id": "relation/7099838",
        "name": "兴庆湖",
        "name:en": "Xinqing Road",
        "name:zh": "兴庆湖",
        "natural": "water",
        "salt": "no",
        "type": "multipolygon",
        "water": "lake"
      },
      "geometry": {
        "type": "Polygon",
        "coordinates": [
          [
            [
              108.9821416,
              34.2556683
            ],
            [
              108.9820739,
              34.2559735
            ],
            [
              108.9819292,
              34.2562525
            ],
            [
              108.9818318,
              34.2563983
            ],
            [
              108.9817359,
              34.2565332
            ],
            [
              108.9815826,
              34.2566839
            ],
            [
              108.9814111,
              34.2568196
            ],
            [
              108.981395,
              34.2572009
            ],
            [
              108.9817332,
              34.2575793
            ],
            [
              108.9818968,
              34.2578986
            ],
            [
              108.981958,
              34.2580773
            ],
            [
              108.9821654,
              34.2583672
            ],
            [
              108.9822267,
              34.2583575
            ],
            [
              108.9823002,
              34.2583396
            ],
            [
              108.9823418,
              34.2583218
            ],
            [
              108.9823908,
              34.2582971
            ],
            [
              108.982437,
              34.2583027
            ],
            [
              108.982453,
              34.2583405
            ],
            [
              108.9824231,
              34.2585238
            ],
            [
              108.9824472,
              34.2585469
            ],
            [
              108.9825624,
              34.2586046
            ],
            [
              108.982584,
              34.2586582
            ],
            [
              108.9825953,
              34.2587224
            ],
            [
              108.9825886,
              34.2588023
            ],
            [
              108.9825715,
              34.2588323
            ],
            [
              108.9825314,
              34.2588475
            ],
            [
              108.9824422,
              34.2588353
            ],
            [
              108.982381,
              34.2588168
            ],
            [
              108.9823322,
              34.2587764
            ],
            [
              108.9822974,
              34.2587532
            ],
            [
              108.9822946,
              34.2587157
            ],
            [
              108.9822131,
              34.2586707
            ],
            [
              108.9821751,
              34.2586634
            ],
            [
              108.9821523,
              34.258646
            ],
            [
              108.9821272,
              34.2586302
            ],
            [
              108.9821038,
              34.2586116
            ],
            [
              108.9820941,
              34.2585867
            ],
            [
              108.9821367,
              34.2586057
            ],
            [
              108.982146,
              34.2585909
            ],
            [
              108.9821541,
              34.2584712
            ],
            [
              108.9820831,
              34.2584481
            ],
            [
              108.9819867,
              34.2583406
            ],
            [
              108.9818467,
              34.2581713
            ],
            [
              108.9817933,
              34.2581127
            ],
            [
              108.9816919,
              34.2580564
            ],
            [
              108.9814978,
              34.2579977
            ],
            [
              108.9812811,
              34.2579545
            ],
            [
              108.9810171,
              34.2579667
            ],
            [
              108.9808723,
              34.2579812
            ],
            [
              108.9807505,
              34.2579851
            ],
            [
              108.9805965,
              34.2579764
            ],
            [
              108.9804192,
              34.2579388
            ],
            [
              108.9803041,
              34.2578796
            ],
            [
              108.9802141,
              34.2578151
            ],
            [
              108.9801358,
              34.2577526
            ],
            [
              108.9800863,
              34.2576902
            ],
            [
              108.9800438,
              34.257617
            ],
            [
              108.9800378,
              34.2575312
            ],
            [
              108.980047,
              34.2572946
            ],
            [
              108.9800808,
              34.2572129
            ],
            [
              108.9801325,
              34.2570879
            ],
            [
              108.9801363,
              34.257013
            ],
            [
              108.9801081,
              34.256954
            ],
            [
              108.9800816,
              34.2569232
            ],
            [
              108.9800475,
              34.256903
            ],
            [
              108.979964,
              34.2568837
            ],
            [
              108.9798034,
              34.2568722
            ],
            [
              108.9797027,
              34.2568734
            ],
            [
              108.9796326,
              34.2568888
            ],
            [
              108.979599,
              34.2569207
            ],
            [
              108.9794886,
              34.2570495
            ],
            [
              108.9794075,
              34.2571056
            ],
            [
              108.9792414,
              34.2571463
            ],
            [
              108.9791084,
              34.2571997
            ],
            [
              108.9791136,
              34.257256
            ],
            [
              108.979129,
              34.2572784
            ],
            [
              108.9791624,
              34.2572918
            ],
            [
              108.9792573,
              34.2573248
            ],
            [
              108.979317,
              34.2573655
            ],
            [
              108.9793482,
              34.2573982
            ],
            [
              108.9793615,
              34.2574354
            ],
            [
              108.979353,
              34.2575928
            ],
            [
              108.9793362,
              34.2576228
            ],
            [
              108.9793054,
              34.2576575
            ],
            [
              108.9792109,
              34.257727
            ],
            [
              108.979167,
              34.2577424
            ],
            [
              108.9791006,
              34.2577496
            ],
            [
              108.978973,
              34.2578505
            ],
            [
              108.9787586,
              34.2579207
            ],
            [
              108.9785089,
              34.2579281
            ],
            [
              108.9781763,
              34.2578482
            ],
            [
              108.978053,
              34.2576909
            ],
            [
              108.9781951,
              34.2568617
            ],
            [
              108.9780583,
              34.2566334
            ],
            [
              108.9779594,
              34.2565928
            ],
            [
              108.9777311,
              34.2565203
            ],
            [
              108.9775085,
              34.2564693
            ],
            [
              108.9773744,
              34.2564006
            ],
            [
              108.9773154,
              34.2562454
            ],
            [
              108.9773502,
              34.2561545
            ],
            [
              108.9775943,
              34.2560282
            ],
            [
              108.9777284,
              34.2558575
            ],
            [
              108.9777499,
              34.2557355
            ],
            [
              108.977715,
              34.2556203
            ],
            [
              108.9775916,
              34.2553564
            ],
            [
              108.9776158,
              34.2552168
            ],
            [
              108.9777731,
              34.2550363
            ],
            [
              108.9778052,
              34.2550026
            ],
            [
              108.9778546,
              34.2549529
            ],
            [
              108.9778693,
              34.2548845
            ],
            [
              108.9778302,
              34.2548304
            ],
            [
              108.9777713,
              34.2547867
            ],
            [
              108.9774365,
              34.2546879
            ],
            [
              108.977318,
              34.2546315
            ],
            [
              108.9772215,
              34.2545406
            ],
            [
              108.9770152,
              34.2545326
            ],
            [
              108.9768762,
              34.2545188
            ],
            [
              108.9767524,
              34.2544823
            ],
            [
              108.9766153,
              34.2543987
            ],
            [
              108.9764834,
              34.2542846
            ],
            [
              108.9763879,
              34.254168
            ],
            [
              108.9763591,
              34.2540763
            ],
            [
              108.9763513,
              34.2539951
            ],
            [
              108.9763306,
              34.2539319
            ],
            [
              108.9763552,
              34.2538991
            ],
            [
              108.9764289,
              34.2538997
            ],
            [
              108.9764388,
              34.2538475
            ],
            [
              108.9766092,
              34.2538666
            ],
            [
              108.9766081,
              34.2537779
            ],
            [
              108.9765482,
              34.2537659
            ],
            [
              108.9765421,
              34.2536942
            ],
            [
              108.9767119,
              34.2534942
            ],
            [
              108.9767515,
              34.2534734
            ],
            [
              108.9767525,
              34.2535019
            ],
            [
              108.9769275,
              34.2534973
            ],
            [
              108.976933,
              34.2534248
            ],
            [
              108.9771495,
              34.25343
            ],
            [
              108.9772853,
              34.2534599
            ],
            [
              108.977353,
              34.2535038
            ],
            [
              108.9773948,
              34.2535678
            ],
            [
              108.977363,
              34.2535683
            ],
            [
              108.977359,
              34.2536481
            ],
            [
              108.9772875,
              34.253647
            ],
            [
              108.9772888,
              34.2536897
            ],
            [
              108.977164,
              34.2536924
            ],
            [
              108.9771675,
              34.2538466
            ],
            [
              108.9771367,
              34.2538476
            ],
            [
              108.9771358,
              34.2538772
            ],
            [
              108.9772593,
              34.2538793
            ],
            [
              108.9772604,
              34.2540944
            ],
            [
              108.9771933,
              34.2540944
            ],
            [
              108.9771941,
              34.2542696
            ],
            [
              108.9771674,
              34.2542708
            ],
            [
              108.9771676,
              34.2542967
            ],
            [
              108.9772616,
              34.2542957
            ],
            [
              108.9772642,
              34.2543617
            ],
            [
              108.9772457,
              34.2543619
            ],
            [
              108.9772481,
              34.2543963
            ],
            [
              108.9773098,
              34.2543949
            ],
            [
              108.977265,
              34.2544553
            ],
            [
              108.9772662,
              34.2544876
            ],
            [
              108.9772404,
              34.2545156
            ],
            [
              108.977277,
              34.2545505
            ],
            [
              108.9773409,
              34.2546019
            ],
            [
              108.9774157,
              34.2546422
            ],
            [
              108.977797,
              34.2547294
            ],
            [
              108.9778852,
              34.2547611
            ],
            [
              108.9779404,
              34.2548067
            ],
            [
              108.9779785,
              34.2548507
            ],
            [
              108.9782249,
              34.2552097
            ],
            [
              108.9783668,
              34.2554008
            ],
            [
              108.9786326,
              34.2554733
            ],
            [
              108.9789786,
              34.2554888
            ],
            [
              108.9791178,
              34.2554473
            ],
            [
              108.979209,
              34.2553742
            ],
            [
              108.9793273,
              34.2552316
            ],
            [
              108.9793458,
              34.2549884
            ],
            [
              108.9793833,
              34.2547956
            ],
            [
              108.9795389,
              34.2546271
            ],
            [
              108.9796367,
              34.2545619
            ],
            [
              108.9797575,
              34.2544967
            ],
            [
              108.9798864,
              34.2544679
            ],
            [
              108.9800536,
              34.254456
            ],
            [
              108.9801713,
              34.2544711
            ],
            [
              108.9804728,
              34.2545537
            ],
            [
              108.98067,
              34.254588
            ],
            [
              108.9807888,
              34.2545872
            ],
            [
              108.9809006,
              34.254561
            ],
            [
              108.9810141,
              34.2544741
            ],
            [
              108.9811454,
              34.2542563
            ],
            [
              108.9812172,
              34.2541754
            ],
            [
              108.9812476,
              34.2541281
            ],
            [
              108.9812542,
              34.2540544
            ],
            [
              108.9812231,
              34.2539926
            ],
            [
              108.9811635,
              34.2539345
            ],
            [
              108.9810727,
              34.2538572
            ],
            [
              108.9810532,
              34.253833
            ],
            [
              108.981051,
              34.2538033
            ],
            [
              108.9810923,
              34.2537828
            ],
            [
              108.9811603,
              34.253763
            ],
            [
              108.9813736,
              34.2537153
            ],
            [
              108.9814306,
              34.2537231
            ],
            [
              108.9814841,
              34.2537408
            ],
            [
              108.9815315,
              34.2537761
            ],
            [
              108.9816323,
              34.2538897
            ],
            [
              108.9817055,
              34.2539443
            ],
            [
              108.9818223,
              34.2540008
            ],
            [
              108.9818286,
              34.2539849
            ],
            [
              108.9821342,
              34.2540739
            ],
            [
              108.9822009,
              34.2540978
            ],
            [
              108.9822397,
              34.2541307
            ],
            [
              108.9822506,
              34.2541564
            ],
            [
              108.9822486,
              34.2541892
            ],
            [
              108.9822321,
              34.2542407
            ],
            [
              108.982179,
              34.2543639
            ],
            [
              108.982094,
              34.2544932
            ],
            [
              108.9820513,
              34.254545
            ],
            [
              108.9820033,
              34.2546696
            ],
            [
              108.9820199,
              34.2548993
            ],
            [
              108.9820431,
              34.2550084
            ],
            [
              108.9820921,
              34.2551363
            ],
            [
              108.9821387,
              34.2552484
            ],
            [
              108.9821672,
              34.2554048
            ],
            [
              108.9821416,
              34.2556683
            ]
          ],
          [
            [
              108.9811189,
              34.257507
            ],
            [
              108.9811265,
              34.2575145
            ],
            [
              108.9811352,
              34.2575208
            ],
            [
              108.9811527,
              34.257523
            ],
            [
              108.9811671,
              34.2575192
            ],
            [
              108.9811732,
              34.2575136
            ],
            [
              108.9811739,
              34.2575038
            ],
            [
              108.9811891,
              34.2575092
            ],
            [
              108.9812028,
              34.2575082
            ],
            [
              108.9812122,
              34.2574998
            ],
            [
              108.9812191,
              34.2574894
            ],
            [
              108.981221,
              34.2574784
            ],
            [
              108.981221,
              34.2574675
            ],
            [
              108.9812149,
              34.25746
            ],
            [
              108.9812054,
              34.2574518
            ],
            [
              108.9812176,
              34.2574465
            ],
            [
              108.9812293,
              34.257438
            ],
            [
              108.9812331,
              34.2574267
            ],
            [
              108.9812305,
              34.2574145
            ],
            [
              108.9812213,
              34.2574013
            ],
            [
              108.9812081,
              34.2573969
            ],
            [
              108.9811864,
              34.2573925
            ],
            [
              108.9811823,
              34.2573772
            ],
            [
              108.9811736,
              34.2573687
            ],
            [
              108.9811671,
              34.2573656
            ],
            [
              108.9811493,
              34.2573706
            ],
            [
              108.981136,
              34.2573797
            ],
            [
              108.981128,
              34.2573869
            ],
            [
              108.9811242,
              34.2573916
            ],
            [
              108.9811121,
              34.2573913
            ],
            [
              108.9811007,
              34.2573929
            ],
            [
              108.9810931,
              34.2573972
            ],
            [
              108.9810901,
              34.2574032
            ],
            [
              108.9810818,
              34.2574123
            ],
            [
              108.9810734,
              34.2574198
            ],
            [
              108.9810673,
              34.2574233
            ],
            [
              108.9810689,
              34.2574336
            ],
            [
              108.9810734,
              34.2574496
            ],
            [
              108.9810749,
              34.2574578
            ],
            [
              108.981084,
              34.2574662
            ],
            [
              108.9810848,
              34.2574712
            ],
            [
              108.9810802,
              34.2574769
            ],
            [
              108.981078,
              34.2574828
            ],
            [
              108.9810787,
              34.2574922
            ],
            [
              108.981084,
              34.2574982
            ],
            [
              108.9810928,
              34.2575045
            ],
            [
              108.9811038,
              34.2575085
            ],
            [
              108.9811189,
              34.257507
            ]
          ],
          [
            [
              108.9785837,
              34.2561303
            ],
            [
              108.9785786,
              34.2561403
            ],
            [
              108.9785834,
              34.2561569
            ],
            [
              108.9785939,
              34.2561658
            ],
            [
              108.9786133,
              34.2561727
            ],
            [
              108.9786255,
              34.2561825
            ],
            [
              108.9786424,
              34.2561935
            ],
            [
              108.9786634,
              34.2561948
            ],
            [
              108.9786864,
              34.2561864
            ],
            [
              108.9787014,
              34.2561759
            ],
            [
              108.9787071,
              34.2561703
            ],
            [
              108.9787208,
              34.2561709
            ],
            [
              108.9787384,
              34.2561677
            ],
            [
              108.9787502,
              34.256159
            ],
            [
              108.9787588,
              34.2561482
            ],
            [
              108.9787613,
              34.2561353
            ],
            [
              108.9787566,
              34.2561271
            ],
            [
              108.9787473,
              34.256121
            ],
            [
              108.9787594,
              34.2561155
            ],
            [
              108.978768,
              34.2561071
            ],
            [
              108.9787706,
              34.2560947
            ],
            [
              108.9787696,
              34.2560833
            ],
            [
              108.9787633,
              34.2560778
            ],
            [
              108.978754,
              34.2560733
            ],
            [
              108.9787377,
              34.2560686
            ],
            [
              108.978725,
              34.2560662
            ],
            [
              108.9787109,
              34.2560672
            ],
            [
              108.9787071,
              34.2560591
            ],
            [
              108.9787004,
              34.2560514
            ],
            [
              108.9786893,
              34.2560464
            ],
            [
              108.9786749,
              34.2560451
            ],
            [
              108.978659,
              34.256044
            ],
            [
              108.9786436,
              34.2560443
            ],
            [
              108.9786312,
              34.2560488
            ],
            [
              108.9786229,
              34.2560564
            ],
            [
              108.9786149,
              34.2560649
            ],
            [
              108.9785926,
              34.2560694
            ],
            [
              108.9785821,
              34.2560794
            ],
            [
              108.9785751,
              34.2560891
            ],
            [
              108.9785693,
              34.2561013
            ],
            [
              108.9785693,
              34.256111
            ],
            [
              108.9785779,
              34.2561194
            ],
            [
              108.9785837,
              34.2561303
            ]
          ],
          [
            [
              108.9788334,
              34.2562407
            ],
            [
              108.978828,
              34.2562563
            ],
            [
              108.9788216,
              34.2562758
            ],
            [
              108.9788232,
              34.2562869
            ],
            [
              108.9788321,
              34.2562956
            ],
            [
              108.9788449,
              34.2563011
            ],
            [
              108.9788586,
              34.2563085
            ],
            [
              108.9788803,
              34.2563111
            ],
            [
              108.9788953,
              34.2563109
            ],
            [
              108.9788956,
              34.2563172
            ],
            [
              108.9789055,
              34.2563256
            ],
            [
              108.9789183,
              34.2563293
            ],
            [
              108.9789361,
              34.2563298
            ],
            [
              108.978947,
              34.2563349
            ],
            [
              108.9789605,
              34.2563356
            ],
            [
              108.9789741,
              34.2563333
            ],
            [
              108.9789831,
              34.2563271
            ],
            [
              108.9789884,
              34.2563174
            ],
            [
              108.97899,
              34.2563119
            ],
            [
              108.9790006,
              34.2563077
            ],
            [
              108.9790101,
              34.2563037
            ],
            [
              108.9790165,
              34.2562979
            ],
            [
              108.9790191,
              34.25629
            ],
            [
              108.9790356,
              34.2562863
            ],
            [
              108.9790452,
              34.2562784
            ],
            [
              108.9790503,
              34.2562668
            ],
            [
              108.9790516,
              34.2562587
            ],
            [
              108.9790503,
              34.2562489
            ],
            [
              108.9790465,
              34.2562407
            ],
            [
              108.9790391,
              34.2562328
            ],
            [
              108.9790299,
              34.2562236
            ],
            [
              108.979036,
              34.2562178
            ],
            [
              108.9790379,
              34.256208
            ],
            [
              108.9790366,
              34.2561962
            ],
            [
              108.9790283,
              34.2561891
            ],
            [
              108.9790133,
              34.2561793
            ],
            [
              108.9790028,
              34.2561775
            ],
            [
              108.9789942,
              34.2561796
            ],
            [
              108.9789852,
              34.256168
            ],
            [
              108.9789779,
              34.2561603
            ],
            [
              108.9789696,
              34.2561543
            ],
            [
              108.9789562,
              34.2561514
            ],
            [
              108.9789431,
              34.2561521
            ],
            [
              108.9789288,
              34.2561574
            ],
            [
              108.978916,
              34.2561682
            ],
            [
              108.9789023,
              34.2561793
            ],
            [
              108.9788956,
              34.2561862
            ],
            [
              108.9788781,
              34.2561827
            ],
            [
              108.978858,
              34.2561827
            ],
            [
              108.9788363,
              34.2561906
            ],
            [
              108.9788245,
              34.2562065
            ],
            [
              108.9788187,
              34.2562178
            ],
            [
              108.978821,
              34.2562252
            ],
            [
              108.9788293,
              34.2562326
            ],
            [
              108.9788334,
              34.2562407
            ]
          ],
          [
            [
              108.9791177,
              34.2561773
            ],
            [
              108.9791154,
              34.2561852
            ],
            [
              108.9791139,
              34.2561965
            ],
            [
              108.9791162,
              34.2562087
            ],
            [
              108.9791226,
              34.256215
            ],
            [
              108.9791359,
              34.2562172
            ],
            [
              108.9791442,
              34.2562165
            ],
            [
              108.9791495,
              34.2562228
            ],
            [
              108.979156,
              34.256225
            ],
            [
              108.9791636,
              34.256225
            ],
            [
              108.9791761,
              34.2562222
            ],
            [
              108.9791806,
              34.2562212
            ],
            [
              108.9791841,
              34.2562244
            ],
            [
              108.9791897,
              34.2562284
            ],
            [
              108.9791981,
              34.2562322
            ],
            [
              108.9792106,
              34.2562338
            ],
            [
              108.97923,
              34.2562341
            ],
            [
              108.979244,
              34.256231
            ],
            [
              108.9792561,
              34.2562234
            ],
            [
              108.9792652,
              34.2562112
            ],
            [
              108.9792645,
              34.2562049
            ],
            [
              108.9792656,
              34.2561965
            ],
            [
              108.979277,
              34.2561864
            ],
            [
              108.979288,
              34.2561773
            ],
            [
              108.9792948,
              34.2561673
            ],
            [
              108.9792986,
              34.2561585
            ],
            [
              108.979299,
              34.2561488
            ],
            [
              108.9792971,
              34.2561394
            ],
            [
              108.9792922,
              34.2561331
            ],
            [
              108.9792827,
              34.2561275
            ],
            [
              108.979277,
              34.2561228
            ],
            [
              108.9792728,
              34.2561168
            ],
            [
              108.9792743,
              34.256109
            ],
            [
              108.979274,
              34.2561046
            ],
            [
              108.9792641,
              34.2560965
            ],
            [
              108.9792478,
              34.2560899
            ],
            [
              108.9792375,
              34.2560914
            ],
            [
              108.9792281,
              34.2560927
            ],
            [
              108.9792239,
              34.256088
            ],
            [
              108.9792205,
              34.2560823
            ],
            [
              108.9792053,
              34.2560776
            ],
            [
              108.979189,
              34.2560776
            ],
            [
              108.9791757,
              34.2560849
            ],
            [
              108.979167,
              34.256093
            ],
            [
              108.9791624,
              34.2561015
            ],
            [
              108.9791586,
              34.2561112
            ],
            [
              108.9791454,
              34.2561118
            ],
            [
              108.979134,
              34.2561175
            ],
            [
              108.9791211,
              34.2561266
            ],
            [
              108.9791105,
              34.256136
            ],
            [
              108.9791055,
              34.2561466
            ],
            [
              108.9791048,
              34.2561582
            ],
            [
              108.9791101,
              34.2561714
            ],
            [
              108.9791177,
              34.2561773
            ]
          ],
          [
            [
              108.9787,
              34.2572945
            ],
            [
              108.978788,
              34.2572576
            ],
            [
              108.9788456,
              34.2572262
            ],
            [
              108.9788798,
              34.257198
            ],
            [
              108.9789215,
              34.257161
            ],
            [
              108.9789458,
              34.2571215
            ],
            [
              108.9789541,
              34.2570664
            ],
            [
              108.9789382,
              34.2570237
            ],
            [
              108.9789003,
              34.2569723
            ],
            [
              108.9788555,
              34.2569284
            ],
            [
              108.9787895,
              34.256914
            ],
            [
              108.9787076,
              34.2569278
            ],
            [
              108.9786499,
              34.2569616
            ],
            [
              108.9786067,
              34.2570049
            ],
            [
              108.9785748,
              34.2570601
            ],
            [
              108.9785664,
              34.2571121
            ],
            [
              108.9785839,
              34.2571742
            ],
            [
              108.9786362,
              34.2572407
            ],
            [
              108.9787,
              34.2572945
            ]
          ],
          [
            [
              108.9820374,
              34.2556553
            ],
            [
              108.9820516,
              34.2553977
            ],
            [
              108.981992,
              34.2551458
            ],
            [
              108.9819478,
              34.2550275
            ],
            [
              108.98191,
              34.2548399
            ],
            [
              108.9818966,
              34.2546785
            ],
            [
              108.9818542,
              34.2545832
            ],
            [
              108.9817716,
              34.2545122
            ],
            [
              108.9817299,
              34.254501
            ],
            [
              108.9816412,
              34.2544812
            ],
            [
              108.9814352,
              34.2545061
            ],
            [
              108.9812311,
              34.25456
            ],
            [
              108.9811093,
              34.2546135
            ],
            [
              108.980956,
              34.2546639
            ],
            [
              108.9808182,
              34.254683
            ],
            [
              108.9806978,
              34.2546916
            ],
            [
              108.9805432,
              34.254671
            ],
            [
              108.9803403,
              34.2546062
            ],
            [
              108.9801306,
              34.2545685
            ],
            [
              108.9799225,
              34.2545818
            ],
            [
              108.9797656,
              34.2546089
            ],
            [
              108.9796409,
              34.2546625
            ],
            [
              108.9795526,
              34.2547612
            ],
            [
              108.9795115,
              34.2548581
            ],
            [
              108.9794974,
              34.2549507
            ],
            [
              108.9794828,
              34.2550161
            ],
            [
              108.9794734,
              34.2550692
            ],
            [
              108.9794719,
              34.2551032
            ],
            [
              108.9794829,
              34.2551318
            ],
            [
              108.979504,
              34.2551647
            ],
            [
              108.9795471,
              34.255202
            ],
            [
              108.9795805,
              34.2552467
            ],
            [
              108.9796392,
              34.2552995
            ],
            [
              108.9797377,
              34.2553602
            ],
            [
              108.9798519,
              34.2554154
            ],
            [
              108.9800064,
              34.2554667
            ],
            [
              108.9800887,
              34.255505
            ],
            [
              108.9801491,
              34.2555517
            ],
            [
              108.9802148,
              34.2556193
            ],
            [
              108.980256,
              34.2556738
            ],
            [
              108.9802954,
              34.2557524
            ],
            [
              108.9803133,
              34.2558306
            ],
            [
              108.9804082,
              34.2561605
            ],
            [
              108.9803599,
              34.256482
            ],
            [
              108.9803811,
              34.2566556
            ],
            [
              108.9804806,
              34.2567391
            ],
            [
              108.9806281,
              34.2567813
            ],
            [
              108.9809605,
              34.2567154
            ],
            [
              108.9811616,
              34.2567198
            ],
            [
              108.9812263,
              34.2567591
            ],
            [
              108.9813253,
              34.2567043
            ],
            [
              108.9815533,
              34.2565593
            ],
            [
              108.981818,
              34.2562125
            ],
            [
              108.9819815,
              34.2558823
            ],
            [
              108.9820374,
              34.2556553
            ]
          ],
          [
            [
              108.981707,
              34.2540765
            ],
            [
              108.9816747,
              34.2540133
            ],
            [
              108.9816348,
              34.2539721
            ],
            [
              108.9815748,
              34.2539385
            ],
            [
              108.9815004,
              34.2539191
            ],
            [
              108.9814379,
              34.2539242
            ],
            [
              108.9814011,
              34.2539505
            ],
            [
              108.9813479,
              34.2540201
            ],
            [
              108.9813246,
              34.2540862
            ],
            [
              108.9813192,
              34.2541402
            ],
            [
              108.9813518,
              34.2542053
            ],
            [
              108.9814092,
              34.2542766
            ],
            [
              108.9814414,
              34.2542997
            ],
            [
              108.9816212,
              34.2542883
            ],
            [
              108.981696,
              34.2542054
            ],
            [
              108.9817144,
              34.254097
            ],
            [
              108.981707,
              34.2540765
            ]
          ]
        ]
      },
      "id": "relation/7099838"
    },
    {
      "type": "Feature",
      "properties": {
        "@id": "relation/19326360",
        "natural": "water",
        "type": "multipolygon"
      },
      "geometry": {
        "type": "Polygon",
        "coordinates": [
          [
            [
              108.9406402,
              34.2520925
            ],
            [
              108.9406456,
              34.2521662
            ],
            [
              108.9403834,
              34.2521651
            ],
            [
              108.9403687,
              34.2521512
            ],
            [
              108.9403506,
              34.2521701
            ],
            [
              108.940364,
              34.2521823
            ],
            [
              108.940366,
              34.2523413
            ],
            [
              108.9403579,
              34.2523901
            ],
            [
              108.9402741,
              34.2523918
            ],
            [
              108.9402721,
              34.2523236
            ],
            [
              108.9402681,
              34.2522787
            ],
            [
              108.9402614,
              34.2522444
            ],
            [
              108.9402795,
              34.2522377
            ],
            [
              108.9403211,
              34.2522183
            ],
            [
              108.9403318,
              34.2521939
            ],
            [
              108.9403056,
              34.2521773
            ],
            [
              108.9402721,
              34.252159
            ],
            [
              108.9402781,
              34.252108
            ],
            [
              108.9402889,
              34.2520515
            ],
            [
              108.9403606,
              34.2520066
            ],
            [
              108.9404015,
              34.2520071
            ],
            [
              108.9404397,
              34.2520204
            ],
            [
              108.9404666,
              34.2520304
            ],
            [
              108.9404954,
              34.2520254
            ],
            [
              108.9405202,
              34.2520143
            ],
            [
              108.9405611,
              34.2520177
            ],
            [
              108.9405993,
              34.2520354
            ],
            [
              108.9406268,
              34.2520626
            ],
            [
              108.9406402,
              34.2520925
            ]
          ],
          [
            [
              108.9404498,
              34.2520659
            ],
            [
              108.9404525,
              34.2520548
            ],
            [
              108.9404418,
              34.2520465
            ],
            [
              108.9404129,
              34.2520509
            ],
            [
              108.9403888,
              34.2520559
            ],
            [
              108.9403754,
              34.2520681
            ],
            [
              108.9403848,
              34.2520825
            ],
            [
              108.9404069,
              34.2520886
            ],
            [
              108.940433,
              34.2520825
            ],
            [
              108.9404498,
              34.2520659
            ]
          ],
          [
            [
              108.9405665,
              34.252113
            ],
            [
              108.9405973,
              34.252098
            ],
            [
              108.9405906,
              34.2520786
            ],
            [
              108.9405638,
              34.2520603
            ],
            [
              108.9405236,
              34.2520498
            ],
            [
              108.9404994,
              34.2520598
            ],
            [
              108.9405021,
              34.2520775
            ],
            [
              108.9405296,
              34.2520969
            ],
            [
              108.9405665,
              34.252113
            ]
          ]
        ]
      },
      "id": "relation/19326360"
    },
    {
      "type": "Feature",
      "properties": {
        "@id": "way/142324651",
        "name": "莲湖公园",
        "natural": "water"
      },
      "geometry": {
        "type": "Polygon",
        "coordinates": [
          [
            [
              108.9345831,
              34.2698108
            ],
            [
              108.9346578,
              34.2698071
            ],
            [
              108.9347481,
              34.2698319
            ],
            [
              108.934844,
              34.2699161
            ],
            [
              108.9348996,
              34.2699909
            ],
            [
              108.9350901,
              34.2699926
            ],
            [
              108.9352544,
              34.2699349
            ],
            [
              108.9353389,
              34.2699687
            ],
            [
              108.9354099,
              34.2699648
            ],
            [
              108.935481,
              34.2699344
            ],
            [
              108.9354937,
              34.2698518
            ],
            [
              108.9355032,
              34.2697781
            ],
            [
              108.9356922,
              34.2697304
            ],
            [
              108.9358163,
              34.2696481
            ],
            [
              108.9359098,
              34.2696608
            ],
            [
              108.9360208,
              34.2697066
            ],
            [
              108.9361483,
              34.2697334
            ],
            [
              108.936232,
              34.2697343
            ],
            [
              108.9362752,
              34.2697519
            ],
            [
              108.9362635,
              34.2698107
            ],
            [
              108.9364285,
              34.2698332
            ],
            [
              108.93644,
              34.2697754
            ],
            [
              108.9364875,
              34.2697875
            ],
            [
              108.9365914,
              34.2699044
            ],
            [
              108.936634,
              34.2699983
            ],
            [
              108.9366035,
              34.2700818
            ],
            [
              108.9365901,
              34.2701616
            ],
            [
              108.9365458,
              34.2702137
            ],
            [
              108.9365633,
              34.2702802
            ],
            [
              108.936625,
              34.2703394
            ],
            [
              108.9366102,
              34.2704431
            ],
            [
              108.9365767,
              34.2704868
            ],
            [
              108.9364225,
              34.2705389
            ],
            [
              108.9362562,
              34.2705256
            ],
            [
              108.9361972,
              34.2704414
            ],
            [
              108.9360919,
              34.2703583
            ],
            [
              108.9360128,
              34.2703284
            ],
            [
              108.9359088,
              34.2703267
            ],
            [
              108.9359084,
              34.2702905
            ],
            [
              108.9357304,
              34.2702851
            ],
            [
              108.9357204,
              34.2703223
            ],
            [
              108.9356097,
              34.2703411
            ],
            [
              108.9353308,
              34.2703588
            ],
            [
              108.9352671,
              34.2703755
            ],
            [
              108.9350548,
              34.2703729
            ],
            [
              108.9348866,
              34.2703721
            ],
            [
              108.9348638,
              34.2703882
            ],
            [
              108.9348492,
              34.2703796
            ],
            [
              108.9348306,
              34.2703685
            ],
            [
              108.934852,
              34.2703397
            ],
            [
              108.9348641,
              34.2703261
            ],
            [
              108.9349151,
              34.2702962
            ],
            [
              108.9348386,
              34.270204
            ],
            [
              108.9347501,
              34.2702502
            ],
            [
              108.9346321,
              34.2702114
            ],
            [
              108.934551,
              34.2701627
            ],
            [
              108.9345644,
              34.2700779
            ],
            [
              108.9345791,
              34.2700358
            ],
            [
              108.9345711,
              34.2699887
            ],
            [
              108.9345235,
              34.2699654
            ],
            [
              108.9345148,
              34.2699261
            ],
            [
              108.9345322,
              34.2698629
            ],
            [
              108.9345831,
              34.2698108
            ]
          ]
        ]
      },
      "id": "way/142324651"
    },
    {
      "type": "Feature",
      "properties": {
        "@id": "way/263609968",
        "natural": "water",
        "water": "lake"
      },
      "geometry": {
        "type": "Polygon",
        "coordinates": [
          [
            [
              108.9788423,
              34.2496016
            ],
            [
              108.9790977,
              34.2495991
            ],
            [
              108.979099,
              34.2497709
            ],
            [
              108.9790463,
              34.249806
            ],
            [
              108.9790463,
              34.2498735
            ],
            [
              108.9791039,
              34.2499211
            ],
            [
              108.9791015,
              34.2501969
            ],
            [
              108.9790481,
              34.2501977
            ],
            [
              108.9790511,
              34.2500501
            ],
            [
              108.9788885,
              34.2500503
            ],
            [
              108.9788855,
              34.2501969
            ],
            [
              108.9788322,
              34.2501966
            ],
            [
              108.9788389,
              34.2499217
            ],
            [
              108.9789006,
              34.2498829
            ],
            [
              108.9788992,
              34.2498119
            ],
            [
              108.9788402,
              34.2497609
            ],
            [
              108.9788423,
              34.2496016
            ]
          ]
        ]
      },
      "id": "way/263609968"
    },
    {
      "type": "Feature",
      "properties": {
        "@id": "way/264108024",
        "natural": "water",
        "water": "lake"
      },
      "geometry": {
        "type": "Polygon",
        "coordinates": [
          [
            [
              108.9788594,
              34.2436368
            ],
            [
              108.9788344,
              34.2436066
            ],
            [
              108.9788171,
              34.2435557
            ],
            [
              108.9788229,
              34.243508
            ],
            [
              108.978844,
              34.2434841
            ],
            [
              108.9788806,
              34.2434603
            ],
            [
              108.9789094,
              34.2434428
            ],
            [
              108.9789613,
              34.2434365
            ],
            [
              108.9790094,
              34.2434396
            ],
            [
              108.9790306,
              34.2434508
            ],
            [
              108.9790613,
              34.2434667
            ],
            [
              108.9790806,
              34.2434937
            ],
            [
              108.9791017,
              34.2435207
            ],
            [
              108.9791017,
              34.2435493
            ],
            [
              108.979094,
              34.2435843
            ],
            [
              108.9790786,
              34.2436129
            ],
            [
              108.9790613,
              34.2436352
            ],
            [
              108.9790132,
              34.2436177
            ],
            [
              108.9789632,
              34.2436161
            ],
            [
              108.9789036,
              34.2436209
            ],
            [
              108.9788594,
              34.2436368
            ]
          ]
        ]
      },
      "id": "way/264108024"
    },
    {
      "type": "Feature",
      "properties": {
        "@id": "way/264547793",
        "natural": "water",
        "water": "pond"
      },
      "geometry": {
        "type": "Polygon",
        "coordinates": [
          [
            [
              108.977838,
              34.2501579
            ],
            [
              108.9778368,
              34.2501674
            ],
            [
              108.9778318,
              34.2501761
            ],
            [
              108.9778237,
              34.2501828
            ],
            [
              108.9778132,
              34.2501869
            ],
            [
              108.9778017,
              34.2501879
            ],
            [
              108.9777905,
              34.2501856
            ],
            [
              108.9777813,
              34.2501808
            ],
            [
              108.9777745,
              34.2501738
            ],
            [
              108.9777707,
              34.2501654
            ],
            [
              108.9777703,
              34.2501564
            ],
            [
              108.9777733,
              34.2501477
            ],
            [
              108.9777795,
              34.2501403
            ],
            [
              108.9777882,
              34.2501349
            ],
            [
              108.9777985,
              34.2501321
            ],
            [
              108.9778094,
              34.250132
            ],
            [
              108.9778197,
              34.2501349
            ],
            [
              108.9778289,
              34.2501406
            ],
            [
              108.9778353,
              34.2501486
            ],
            [
              108.977838,
              34.2501579
            ]
          ]
        ]
      },
      "id": "way/264547793"
    },
    {
      "type": "Feature",
      "properties": {
        "@id": "way/268844975",
        "natural": "water",
        "water": "basin"
      },
      "geometry": {
        "type": "Polygon",
        "coordinates": [
          [
            [
              108.9787896,
              34.2542222
            ],
            [
              108.9787196,
              34.2541868
            ],
            [
              108.9786946,
              34.2541703
            ],
            [
              108.9786876,
              34.2541448
            ],
            [
              108.9786877,
              34.2541171
            ],
            [
              108.9787041,
              34.2540923
            ],
            [
              108.9787259,
              34.2540696
            ],
            [
              108.9787703,
              34.2540559
            ],
            [
              108.978812,
              34.2540245
            ],
            [
              108.9788808,
              34.2540057
            ],
            [
              108.9789429,
              34.2539965
            ],
            [
              108.9790134,
              34.2539998
            ],
            [
              108.9790884,
              34.2540169
            ],
            [
              108.9791546,
              34.2540508
            ],
            [
              108.9791786,
              34.2540545
            ],
            [
              108.9792033,
              34.2540627
            ],
            [
              108.9792248,
              34.2540927
            ],
            [
              108.9792361,
              34.2541248
            ],
            [
              108.9792321,
              34.2541544
            ],
            [
              108.9792122,
              34.2541834
            ],
            [
              108.9791782,
              34.2542044
            ],
            [
              108.9791417,
              34.2542074
            ],
            [
              108.9791132,
              34.2542238
            ],
            [
              108.9790802,
              34.2542396
            ],
            [
              108.9790366,
              34.2542528
            ],
            [
              108.9789821,
              34.2542631
            ],
            [
              108.9789263,
              34.2542609
            ],
            [
              108.978887,
              34.2542539
            ],
            [
              108.9788418,
              34.2542431
            ],
            [
              108.9787896,
              34.2542222
            ]
          ]
        ]
      },
      "id": "way/268844975"
    },
    {
      "type": "Feature",
      "properties": {
        "@id": "way/293954299",
        "natural": "water",
        "water": "lake"
      },
      "geometry": {
        "type": "Polygon",
        "coordinates": [
          [
            [
              108.9527638,
              34.27376
            ],
            [
              108.9527628,
              34.2733797
            ],
            [
              108.9531668,
              34.273379
            ],
            [
              108.9531678,
              34.2737593
            ],
            [
              108.9530254,
              34.2737928
            ],
            [
              108.952894,
              34.2737917
            ],
            [
              108.9527638,
              34.27376
            ]
          ]
        ]
      },
      "id": "way/293954299"
    },
    {
      "type": "Feature",
      "properties": {
        "@id": "way/293954300",
        "natural": "water",
        "water": "lake"
      },
      "geometry": {
        "type": "Polygon",
        "coordinates": [
          [
            [
              108.9541867,
              34.274129
            ],
            [
              108.9541905,
              34.2739404
            ],
            [
              108.9541269,
              34.273891
            ],
            [
              108.95388,
              34.2738292
            ],
            [
              108.9540221,
              34.2735509
            ],
            [
              108.9545347,
              34.2735417
            ],
            [
              108.9545795,
              34.273554
            ],
            [
              108.9545721,
              34.2736468
            ],
            [
              108.954587,
              34.2737488
            ],
            [
              108.954602,
              34.2738662
            ],
            [
              108.9545908,
              34.273959
            ],
            [
              108.9546581,
              34.2740455
            ],
            [
              108.954602,
              34.2741136
            ],
            [
              108.954501,
              34.2740857
            ],
            [
              108.9544449,
              34.274061
            ],
            [
              108.9543513,
              34.2741197
            ],
            [
              108.9543252,
              34.2741568
            ],
            [
              108.9541867,
              34.274129
            ]
          ]
        ]
      },
      "id": "way/293954300"
    },
    {
      "type": "Feature",
      "properties": {
        "@id": "way/293954301",
        "natural": "water",
        "water": "pond"
      },
      "geometry": {
        "type": "Polygon",
        "coordinates": [
          [
            [
              108.9543004,
              34.2724528
            ],
            [
              108.9542462,
              34.2724068
            ],
            [
              108.9542473,
              34.2723425
            ],
            [
              108.954303,
              34.2722978
            ],
            [
              108.9543807,
              34.2722986
            ],
            [
              108.9544349,
              34.2723447
            ],
            [
              108.9544338,
              34.2724089
            ],
            [
              108.9543781,
              34.2724537
            ],
            [
              108.9543004,
              34.2724528
            ]
          ]
        ]
      },
      "id": "way/293954301"
    },
    {
      "type": "Feature",
      "properties": {
        "@id": "way/334970221",
        "natural": "water",
        "water": "pond"
      },
      "geometry": {
        "type": "Polygon",
        "coordinates": [
          [
            [
              108.9494541,
              34.2685539
            ],
            [
              108.9494522,
              34.2674945
            ],
            [
              108.9497277,
              34.2674941
            ],
            [
              108.9497297,
              34.2685535
            ],
            [
              108.9494541,
              34.2685539
            ]
          ]
        ]
      },
      "id": "way/334970221"
    },
    {
      "type": "Feature",
      "properties": {
        "@id": "way/369790051",
        "natural": "water",
        "water": "moat"
      },
      "geometry": {
        "type": "Polygon",
        "coordinates": [
          [
            [
              108.967379,
              34.2741224
            ],
            [
              108.9673683,
              34.2761083
            ],
            [
              108.9673146,
              34.2783823
            ],
            [
              108.9670732,
              34.2785241
            ],
            [
              108.9656356,
              34.2784621
            ],
            [
              108.9654317,
              34.2783734
            ],
            [
              108.9645573,
              34.2783911
            ],
            [
              108.9644071,
              34.2783069
            ],
            [
              108.9637527,
              34.2782936
            ],
            [
              108.9635756,
              34.2781562
            ],
            [
              108.9627978,
              34.2781473
            ],
            [
              108.9627922,
              34.2780714
            ],
            [
              108.9637366,
              34.2780498
            ],
            [
              108.9638115,
              34.2781754
            ],
            [
              108.9647502,
              34.2781561
            ],
            [
              108.9653566,
              34.2782138
            ],
            [
              108.9656463,
              34.2782404
            ],
            [
              108.9659645,
              34.2782463
            ],
            [
              108.9669659,
              34.2783069
            ],
            [
              108.9671269,
              34.2782449
            ],
            [
              108.9671591,
              34.2760684
            ],
            [
              108.9671269,
              34.2737766
            ],
            [
              108.9670284,
              34.2723248
            ],
            [
              108.9670422,
              34.2719382
            ],
            [
              108.9670437,
              34.2717907
            ],
            [
              108.9670679,
              34.2712542
            ],
            [
              108.9670625,
              34.2710769
            ],
            [
              108.9672539,
              34.2713821
            ],
            [
              108.967266,
              34.2715975
            ],
            [
              108.9672679,
              34.2717869
            ],
            [
              108.9672518,
              34.2721016
            ],
            [
              108.9673522,
              34.2731294
            ],
            [
              108.967379,
              34.2741224
            ]
          ]
        ]
      },
      "id": "way/369790051"
    },
    {
      "type": "Feature",
      "properties": {
        "@id": "way/369790052",
        "natural": "water",
        "water": "moat"
      },
      "geometry": {
        "type": "Polygon",
        "coordinates": [
          [
            [
              108.9670625,
              34.2710769
            ],
            [
              108.9670142,
              34.265695
            ],
            [
              108.9671391,
              34.2657083
            ],
            [
              108.9672539,
              34.2713821
            ],
            [
              108.9670625,
              34.2710769
            ]
          ]
        ]
      },
      "id": "way/369790052"
    },
    {
      "type": "Feature",
      "properties": {
        "@id": "way/369790053",
        "natural": "water",
        "water": "moat"
      },
      "geometry": {
        "type": "Polygon",
        "coordinates": [
          [
            [
              108.9670142,
              34.265695
            ],
            [
              108.9670089,
              34.2651719
            ],
            [
              108.9669537,
              34.2622167
            ],
            [
              108.9670973,
              34.2619301
            ],
            [
              108.9671273,
              34.2618485
            ],
            [
              108.9672861,
              34.2618496
            ],
            [
              108.9672869,
              34.2618969
            ],
            [
              108.9672382,
              34.2619613
            ],
            [
              108.9671966,
              34.2640679
            ],
            [
              108.9671391,
              34.2657083
            ],
            [
              108.9670142,
              34.265695
            ]
          ]
        ]
      },
      "id": "way/369790053"
    },
    {
      "type": "Feature",
      "properties": {
        "@id": "way/369790054",
        "natural": "water",
        "water": "moat"
      },
      "geometry": {
        "type": "Polygon",
        "coordinates": [
          [
            [
              108.9673575,
              34.259896
            ],
            [
              108.9672073,
              34.2595191
            ],
            [
              108.9671322,
              34.2589383
            ],
            [
              108.9671054,
              34.2584595
            ],
            [
              108.9670026,
              34.2565176
            ],
            [
              108.9670196,
              34.2539369
            ],
            [
              108.9670679,
              34.2539103
            ],
            [
              108.9670625,
              34.2535556
            ],
            [
              108.9669928,
              34.2535068
            ],
            [
              108.9664241,
              34.2534891
            ],
            [
              108.966231,
              34.2535068
            ],
            [
              108.9624974,
              34.253325
            ],
            [
              108.9621502,
              34.2532994
            ],
            [
              108.9621479,
              34.2530992
            ],
            [
              108.9623895,
              34.2531131
            ],
            [
              108.9672478,
              34.2532883
            ],
            [
              108.9673059,
              34.2569706
            ],
            [
              108.9674019,
              34.2586244
            ],
            [
              108.9675695,
              34.2598598
            ],
            [
              108.9673575,
              34.259896
            ]
          ]
        ]
      },
      "id": "way/369790054"
    },
    {
      "type": "Feature",
      "properties": {
        "@id": "way/369790055",
        "natural": "water",
        "water": "moat"
      },
      "geometry": {
        "type": "Polygon",
        "coordinates": [
          [
            [
              108.9621502,
              34.2532994
            ],
            [
              108.9588021,
              34.2531374
            ],
            [
              108.958399,
              34.2531344
            ],
            [
              108.9572295,
              34.2531122
            ],
            [
              108.9540699,
              34.2529792
            ],
            [
              108.9520529,
              34.253028
            ],
            [
              108.949612,
              34.2530147
            ],
            [
              108.9462001,
              34.2529501
            ],
            [
              108.9444181,
              34.2529788
            ],
            [
              108.9444079,
              34.2530391
            ],
            [
              108.94393,
              34.2530464
            ],
            [
              108.9439338,
              34.2530136
            ],
            [
              108.9437838,
              34.2529793
            ],
            [
              108.9436611,
              34.2528115
            ],
            [
              108.9432747,
              34.2522609
            ],
            [
              108.9432567,
              34.2522394
            ],
            [
              108.9429357,
              34.2522523
            ],
            [
              108.9428202,
              34.252246
            ],
            [
              108.9425811,
              34.2521937
            ],
            [
              108.9424349,
              34.2521788
            ],
            [
              108.942434,
              34.2521558
            ],
            [
              108.9423671,
              34.2521084
            ],
            [
              108.9421911,
              34.2521118
            ],
            [
              108.9421336,
              34.2521657
            ],
            [
              108.942133,
              34.2521901
            ],
            [
              108.9419926,
              34.2522046
            ],
            [
              108.9417959,
              34.2522601
            ],
            [
              108.9416641,
              34.2522662
            ],
            [
              108.9414313,
              34.2522387
            ],
            [
              108.9413697,
              34.2522517
            ],
            [
              108.9413673,
              34.2519718
            ],
            [
              108.9416184,
              34.2519715
            ],
            [
              108.9417708,
              34.2519567
            ],
            [
              108.941988,
              34.2519035
            ],
            [
              108.9422036,
              34.2519024
            ],
            [
              108.9422036,
              34.2519472
            ],
            [
              108.9422337,
              34.2519916
            ],
            [
              108.9423111,
              34.2519903
            ],
            [
              108.9424283,
              34.2519884
            ],
            [
              108.9424657,
              34.2519378
            ],
            [
              108.9425205,
              34.2518869
            ],
            [
              108.9425714,
              34.251878
            ],
            [
              108.9428437,
              34.2519212
            ],
            [
              108.9429362,
              34.251939
            ],
            [
              108.9429775,
              34.2519295
            ],
            [
              108.9432281,
              34.2520042
            ],
            [
              108.9433635,
              34.2520293
            ],
            [
              108.9434698,
              34.2521101
            ],
            [
              108.9439901,
              34.2527442
            ],
            [
              108.9441725,
              34.2528063
            ],
            [
              108.9489737,
              34.2528284
            ],
            [
              108.9490917,
              34.2528506
            ],
            [
              108.9496281,
              34.2528595
            ],
            [
              108.9541664,
              34.2528462
            ],
            [
              108.9565053,
              34.252957
            ],
            [
              108.9584666,
              34.2530144
            ],
            [
              108.9589569,
              34.253028
            ],
            [
              108.9621479,
              34.2530992
            ],
            [
              108.9621502,
              34.2532994
            ]
          ]
        ]
      },
      "id": "way/369790055"
    },
    {
      "type": "Feature",
      "properties": {
        "@id": "way/369790058",
        "natural": "water",
        "water": "moat"
      },
      "geometry": {
        "type": "Polygon",
        "coordinates": [
          [
            [
              108.9413697,
              34.2522517
            ],
            [
              108.9410935,
              34.2524899
            ],
            [
              108.9410867,
              34.2524797
            ],
            [
              108.9407167,
              34.2527864
            ],
            [
              108.9407185,
              34.252842
            ],
            [
              108.9406094,
              34.2529178
            ],
            [
              108.9404946,
              34.2529663
            ],
            [
              108.9402741,
              34.2529854
            ],
            [
              108.9402701,
              34.2529677
            ],
            [
              108.9399831,
              34.2529677
            ],
            [
              108.9399858,
              34.2529854
            ],
            [
              108.939731,
              34.2529887
            ],
            [
              108.9397283,
              34.2529566
            ],
            [
              108.9395633,
              34.2529555
            ],
            [
              108.9395627,
              34.2529949
            ],
            [
              108.936865,
              34.2530264
            ],
            [
              108.936865,
              34.2529898
            ],
            [
              108.9367041,
              34.252992
            ],
            [
              108.9367014,
              34.2530297
            ],
            [
              108.935943,
              34.2530253
            ],
            [
              108.9359397,
              34.2529638
            ],
            [
              108.9357933,
              34.2529633
            ],
            [
              108.9357942,
              34.2530209
            ],
            [
              108.9349707,
              34.2530259
            ],
            [
              108.9346502,
              34.252997
            ],
            [
              108.934042,
              34.2529969
            ],
            [
              108.9317957,
              34.2529998
            ],
            [
              108.9316319,
              34.2529731
            ],
            [
              108.9311318,
              34.252971
            ],
            [
              108.930995,
              34.2529909
            ],
            [
              108.9301568,
              34.2529954
            ],
            [
              108.9285015,
              34.2529729
            ],
            [
              108.9279333,
              34.2529632
            ],
            [
              108.9279345,
              34.2529338
            ],
            [
              108.9273217,
              34.25293
            ],
            [
              108.9273217,
              34.2529544
            ],
            [
              108.9255421,
              34.2529665
            ],
            [
              108.9255394,
              34.2529266
            ],
            [
              108.9251103,
              34.2529283
            ],
            [
              108.9251089,
              34.2529023
            ],
            [
              108.9250317,
              34.2529028
            ],
            [
              108.9250325,
              34.2529677
            ],
            [
              108.9223368,
              34.2529566
            ],
            [
              108.9223395,
              34.2529222
            ],
            [
              108.9205049,
              34.2529122
            ],
            [
              108.9204995,
              34.252869
            ],
            [
              108.9203386,
              34.2528934
            ],
            [
              108.9201938,
              34.2529588
            ],
            [
              108.9201066,
              34.2530364
            ],
            [
              108.9200369,
              34.2531439
            ],
            [
              108.9200127,
              34.2532348
            ],
            [
              108.9197874,
              34.2532337
            ],
            [
              108.9197941,
              34.2530885
            ],
            [
              108.9197968,
              34.252981
            ],
            [
              108.9198357,
              34.2528812
            ],
            [
              108.9198826,
              34.2529111
            ],
            [
              108.9199819,
              34.2527914
            ],
            [
              108.9201508,
              34.2527271
            ],
            [
              108.9205626,
              34.2526894
            ],
            [
              108.9227976,
              34.252758
            ],
            [
              108.9259672,
              34.2527504
            ],
            [
              108.9259672,
              34.2528003
            ],
            [
              108.9261255,
              34.2528003
            ],
            [
              108.9261281,
              34.2527448
            ],
            [
              108.927319,
              34.2527415
            ],
            [
              108.9273229,
              34.2527691
            ],
            [
              108.928908,
              34.2527526
            ],
            [
              108.9301521,
              34.2527613
            ],
            [
              108.9306939,
              34.2527709
            ],
            [
              108.9306973,
              34.2528175
            ],
            [
              108.9308482,
              34.2528213
            ],
            [
              108.9308502,
              34.2527787
            ],
            [
              108.9310071,
              34.2527825
            ],
            [
              108.9311331,
              34.252818
            ],
            [
              108.9316468,
              34.2528191
            ],
            [
              108.9318083,
              34.2527758
            ],
            [
              108.9326338,
              34.2527781
            ],
            [
              108.9326379,
              34.2528247
            ],
            [
              108.9328028,
              34.2528258
            ],
            [
              108.9328055,
              34.2527792
            ],
            [
              108.9333292,
              34.2527814
            ],
            [
              108.9333299,
              34.2528152
            ],
            [
              108.9337007,
              34.2528186
            ],
            [
              108.9336994,
              34.2527886
            ],
            [
              108.9349238,
              34.2527992
            ],
            [
              108.9349246,
              34.2527898
            ],
            [
              108.9358089,
              34.2527886
            ],
            [
              108.935817,
              34.2528036
            ],
            [
              108.9359263,
              34.2527997
            ],
            [
              108.9359249,
              34.2527742
            ],
            [
              108.9363889,
              34.2527737
            ],
            [
              108.9369482,
              34.2527748
            ],
            [
              108.9369475,
              34.2527997
            ],
            [
              108.9371037,
              34.2528008
            ],
            [
              108.9371024,
              34.2527759
            ],
            [
              108.9383351,
              34.2527687
            ],
            [
              108.9392723,
              34.2527393
            ],
            [
              108.9394983,
              34.2527182
            ],
            [
              108.939507,
              34.2527554
            ],
            [
              108.939684,
              34.2527509
            ],
            [
              108.9396814,
              34.2527133
            ],
            [
              108.9401681,
              34.2527066
            ],
            [
              108.9403479,
              34.2526783
            ],
            [
              108.9405872,
              34.2525131
            ],
            [
              108.9409735,
              34.2521997
            ],
            [
              108.9409795,
              34.2520997
            ],
            [
              108.9410823,
              34.2520036
            ],
            [
              108.9413673,
              34.2519718
            ],
            [
              108.9413697,
              34.2522517
            ]
          ]
        ]
      },
      "id": "way/369790058"
    },
    {
      "type": "Feature",
      "properties": {
        "@id": "way/369790059",
        "natural": "water",
        "water": "moat"
      },
      "geometry": {
        "type": "Polygon",
        "coordinates": [
          [
            [
              108.9197874,
              34.2532337
            ],
            [
              108.9200127,
              34.2532348
            ],
            [
              108.919998,
              34.2533179
            ],
            [
              108.9200382,
              34.2533213
            ],
            [
              108.9200449,
              34.2559816
            ],
            [
              108.9199993,
              34.2559827
            ],
            [
              108.919998,
              34.256118
            ],
            [
              108.9200503,
              34.2561169
            ],
            [
              108.9200576,
              34.2573511
            ],
            [
              108.9201039,
              34.2585887
            ],
            [
              108.9200623,
              34.2585898
            ],
            [
              108.920069,
              34.2588669
            ],
            [
              108.9201091,
              34.2588649
            ],
            [
              108.9201073,
              34.2594895
            ],
            [
              108.9200664,
              34.2595293
            ],
            [
              108.9200274,
              34.2595664
            ],
            [
              108.9199695,
              34.2595936
            ],
            [
              108.9195209,
              34.2598808
            ],
            [
              108.9194347,
              34.2599775
            ],
            [
              108.9194025,
              34.260074
            ],
            [
              108.9193583,
              34.2602014
            ],
            [
              108.9193274,
              34.2604353
            ],
            [
              108.9193338,
              34.261061
            ],
            [
              108.919384,
              34.2615259
            ],
            [
              108.9191109,
              34.2615725
            ],
            [
              108.9191172,
              34.2614847
            ],
            [
              108.9191987,
              34.2614475
            ],
            [
              108.919204,
              34.2609673
            ],
            [
              108.9191531,
              34.2604952
            ],
            [
              108.9191383,
              34.2604109
            ],
            [
              108.9191343,
              34.2602103
            ],
            [
              108.9191584,
              34.2600496
            ],
            [
              108.919192,
              34.2599277
            ],
            [
              108.9192711,
              34.2598235
            ],
            [
              108.9193717,
              34.2597237
            ],
            [
              108.9195541,
              34.2595985
            ],
            [
              108.9197311,
              34.2594877
            ],
            [
              108.9197713,
              34.2595043
            ],
            [
              108.9198625,
              34.2593912
            ],
            [
              108.9198196,
              34.2593712
            ],
            [
              108.9198653,
              34.2592233
            ],
            [
              108.9198688,
              34.2588568
            ],
            [
              108.9198628,
              34.2566637
            ],
            [
              108.9197914,
              34.2536017
            ],
            [
              108.9197874,
              34.2532337
            ]
          ]
        ]
      },
      "id": "way/369790059"
    },
    {
      "type": "Feature",
      "properties": {
        "@id": "way/369790060",
        "natural": "water",
        "water": "moat"
      },
      "geometry": {
        "type": "Polygon",
        "coordinates": [
          [
            [
              108.9191109,
              34.2615725
            ],
            [
              108.919384,
              34.2615259
            ],
            [
              108.919407,
              34.2618641
            ],
            [
              108.9196387,
              34.2620489
            ],
            [
              108.9198762,
              34.2621811
            ],
            [
              108.9199806,
              34.2622398
            ],
            [
              108.9199175,
              34.2696335
            ],
            [
              108.919954,
              34.2701637
            ],
            [
              108.9199625,
              34.271643
            ],
            [
              108.9196831,
              34.2716727
            ],
            [
              108.9196849,
              34.2702806
            ],
            [
              108.9197205,
              34.2685428
            ],
            [
              108.9197299,
              34.2669952
            ],
            [
              108.9197346,
              34.2651543
            ],
            [
              108.9197766,
              34.2632206
            ],
            [
              108.9198233,
              34.2631087
            ],
            [
              108.919828,
              34.2623522
            ],
            [
              108.9197873,
              34.2622557
            ],
            [
              108.9195551,
              34.2621375
            ],
            [
              108.9193665,
              34.2620444
            ],
            [
              108.9192029,
              34.2619147
            ],
            [
              108.9191535,
              34.2618181
            ],
            [
              108.9191346,
              34.2617012
            ],
            [
              108.9191109,
              34.2615725
            ]
          ]
        ]
      },
      "id": "way/369790060"
    },
    {
      "type": "Feature",
      "properties": {
        "@id": "way/369790061",
        "natural": "water",
        "water": "moat"
      },
      "geometry": {
        "type": "Polygon",
        "coordinates": [
          [
            [
              108.9196831,
              34.2716727
            ],
            [
              108.9199625,
              34.271643
            ],
            [
              108.9199215,
              34.2751293
            ],
            [
              108.9198974,
              34.2764259
            ],
            [
              108.9198437,
              34.2765367
            ],
            [
              108.9198423,
              34.2775891
            ],
            [
              108.9198679,
              34.2776959
            ],
            [
              108.9199155,
              34.2777762
            ],
            [
              108.9199781,
              34.277799
            ],
            [
              108.9205098,
              34.2778156
            ],
            [
              108.9279306,
              34.277829
            ],
            [
              108.9282325,
              34.2778392
            ],
            [
              108.9282325,
              34.2780072
            ],
            [
              108.9267475,
              34.2780123
            ],
            [
              108.9234569,
              34.2780021
            ],
            [
              108.919889,
              34.2779563
            ],
            [
              108.9197975,
              34.2779424
            ],
            [
              108.9197344,
              34.2779125
            ],
            [
              108.9196855,
              34.2778687
            ],
            [
              108.9197177,
              34.2778549
            ],
            [
              108.9196794,
              34.2777923
            ],
            [
              108.9196531,
              34.2778009
            ],
            [
              108.9196179,
              34.2777272
            ],
            [
              108.9195406,
              34.2776704
            ],
            [
              108.9194497,
              34.2776388
            ],
            [
              108.9193086,
              34.2776349
            ],
            [
              108.9192768,
              34.2776594
            ],
            [
              108.9192726,
              34.2776992
            ],
            [
              108.919139,
              34.2776943
            ],
            [
              108.919145,
              34.2774753
            ],
            [
              108.9191804,
              34.277442
            ],
            [
              108.9195386,
              34.2774456
            ],
            [
              108.9196064,
              34.2774288
            ],
            [
              108.9196613,
              34.2773745
            ],
            [
              108.9196672,
              34.2772689
            ],
            [
              108.9196919,
              34.2754918
            ],
            [
              108.9196831,
              34.2716727
            ]
          ]
        ]
      },
      "id": "way/369790061"
    },
    {
      "type": "Feature",
      "properties": {
        "@id": "way/369790066",
        "natural": "water",
        "water": "moat"
      },
      "geometry": {
        "type": "Polygon",
        "coordinates": [
          [
            [
              108.9282325,
              34.2780072
            ],
            [
              108.9282325,
              34.2778392
            ],
            [
              108.9319561,
              34.2778707
            ],
            [
              108.9409554,
              34.278005
            ],
            [
              108.9409527,
              34.2781292
            ],
            [
              108.9409071,
              34.2781258
            ],
            [
              108.9409018,
              34.2781901
            ],
            [
              108.9408843,
              34.2786113
            ],
            [
              108.9408736,
              34.2786744
            ],
            [
              108.9409192,
              34.2787553
            ],
            [
              108.9411257,
              34.2788318
            ],
            [
              108.9417292,
              34.2788306
            ],
            [
              108.9419612,
              34.2787298
            ],
            [
              108.9419706,
              34.2788562
            ],
            [
              108.9418378,
              34.2789203
            ],
            [
              108.941626,
              34.2789181
            ],
            [
              108.9413724,
              34.2789237
            ],
            [
              108.9411016,
              34.2788938
            ],
            [
              108.940997,
              34.2789004
            ],
            [
              108.9409299,
              34.2788727
            ],
            [
              108.9408012,
              34.2788384
            ],
            [
              108.9407636,
              34.2788096
            ],
            [
              108.940777,
              34.2787641
            ],
            [
              108.9407811,
              34.278722
            ],
            [
              108.9407824,
              34.2786289
            ],
            [
              108.9408065,
              34.2781668
            ],
            [
              108.9386433,
              34.2781524
            ],
            [
              108.9334459,
              34.2780508
            ],
            [
              108.9310082,
              34.2780277
            ],
            [
              108.9290094,
              34.2780354
            ],
            [
              108.9282325,
              34.2780072
            ]
          ]
        ]
      },
      "id": "way/369790066"
    },
    {
      "type": "Feature",
      "properties": {
        "@id": "way/369790067",
        "natural": "water",
        "water": "moat"
      },
      "geometry": {
        "type": "Polygon",
        "coordinates": [
          [
            [
              108.9430511,
              34.2788726
            ],
            [
              108.9432729,
              34.2788217
            ],
            [
              108.9438583,
              34.2789642
            ],
            [
              108.9440493,
              34.2789082
            ],
            [
              108.944228,
              34.2789082
            ],
            [
              108.9443205,
              34.2788217
            ],
            [
              108.9441726,
              34.2782259
            ],
            [
              108.9442527,
              34.2780426
            ],
            [
              108.9449367,
              34.2780273
            ],
            [
              108.9463108,
              34.2780426
            ],
            [
              108.9487944,
              34.2780167
            ],
            [
              108.9512365,
              34.2780167
            ],
            [
              108.9528778,
              34.2779092
            ],
            [
              108.9534874,
              34.2779407
            ],
            [
              108.9534629,
              34.2780207
            ],
            [
              108.953332,
              34.2781493
            ],
            [
              108.9530839,
              34.2781337
            ],
            [
              108.9522274,
              34.2780811
            ],
            [
              108.9521354,
              34.2781864
            ],
            [
              108.9509533,
              34.2781922
            ],
            [
              108.9508825,
              34.2782449
            ],
            [
              108.9492899,
              34.278239
            ],
            [
              108.9476689,
              34.2782215
            ],
            [
              108.9443633,
              34.2782039
            ],
            [
              108.9443138,
              34.27828
            ],
            [
              108.94442,
              34.2787537
            ],
            [
              108.9443704,
              34.2788648
            ],
            [
              108.9443067,
              34.2789233
            ],
            [
              108.9441227,
              34.2789526
            ],
            [
              108.9440432,
              34.2790156
            ],
            [
              108.9437617,
              34.2789935
            ],
            [
              108.9436272,
              34.2790111
            ],
            [
              108.9433228,
              34.2788941
            ],
            [
              108.9431034,
              34.2789292
            ],
            [
              108.9430511,
              34.2788726
            ]
          ]
        ]
      },
      "id": "way/369790067"
    },
    {
      "type": "Feature",
      "properties": {
        "@id": "way/390177048",
        "natural": "water",
        "water": "lake"
      },
      "geometry": {
        "type": "Polygon",
        "coordinates": [
          [
            [
              108.9193057,
              34.2631318
            ],
            [
              108.919189,
              34.263182
            ],
            [
              108.9191563,
              34.2631241
            ],
            [
              108.919133,
              34.2631048
            ],
            [
              108.9190536,
              34.2631009
            ],
            [
              108.9190022,
              34.2631743
            ],
            [
              108.9189413,
              34.263219
            ],
            [
              108.9188635,
              34.2632249
            ],
            [
              108.9188201,
              34.263209
            ],
            [
              108.9188107,
              34.2630739
            ],
            [
              108.918792,
              34.262989
            ],
            [
              108.9189368,
              34.2628887
            ],
            [
              108.9190255,
              34.2628694
            ],
            [
              108.9190722,
              34.2628925
            ],
            [
              108.9190629,
              34.2629736
            ],
            [
              108.9190676,
              34.2630006
            ],
            [
              108.919231,
              34.2630353
            ],
            [
              108.9193291,
              34.2630508
            ],
            [
              108.9193057,
              34.2631318
            ]
          ]
        ]
      },
      "id": "way/390177048"
    },
    {
      "type": "Feature",
      "properties": {
        "@id": "way/432337211",
        "natural": "water",
        "water": "pond"
      },
      "geometry": {
        "type": "Polygon",
        "coordinates": [
          [
            [
              108.9537362,
              34.2726834
            ],
            [
              108.9537307,
              34.2727063
            ],
            [
              108.953715,
              34.2727258
            ],
            [
              108.9536915,
              34.2727387
            ],
            [
              108.9536638,
              34.2727433
            ],
            [
              108.953636,
              34.2727387
            ],
            [
              108.9536125,
              34.2727258
            ],
            [
              108.9535968,
              34.2727063
            ],
            [
              108.9535913,
              34.2726834
            ],
            [
              108.9535968,
              34.2726605
            ],
            [
              108.9536125,
              34.2726411
            ],
            [
              108.953636,
              34.2726281
            ],
            [
              108.9536638,
              34.2726236
            ],
            [
              108.9536915,
              34.2726281
            ],
            [
              108.953715,
              34.2726411
            ],
            [
              108.9537307,
              34.2726605
            ],
            [
              108.9537362,
              34.2726834
            ]
          ]
        ]
      },
      "id": "way/432337211"
    },
    {
      "type": "Feature",
      "properties": {
        "@id": "way/432337212",
        "natural": "water",
        "water": "pond"
      },
      "geometry": {
        "type": "Polygon",
        "coordinates": [
          [
            [
              108.9550652,
              34.2726513
            ],
            [
              108.9550597,
              34.2726742
            ],
            [
              108.955044,
              34.2726936
            ],
            [
              108.9550205,
              34.2727066
            ],
            [
              108.9549928,
              34.2727111
            ],
            [
              108.9549651,
              34.2727066
            ],
            [
              108.9549416,
              34.2726936
            ],
            [
              108.9549259,
              34.2726742
            ],
            [
              108.9549204,
              34.2726513
            ],
            [
              108.9549259,
              34.2726284
            ],
            [
              108.9549416,
              34.272609
            ],
            [
              108.9549651,
              34.272596
            ],
            [
              108.9549928,
              34.2725914
            ],
            [
              108.9550205,
              34.272596
            ],
            [
              108.955044,
              34.272609
            ],
            [
              108.9550597,
              34.2726284
            ],
            [
              108.9550652,
              34.2726513
            ]
          ]
        ]
      },
      "id": "way/432337212"
    },
    {
      "type": "Feature",
      "properties": {
        "@id": "way/456638523",
        "natural": "water",
        "water": "pond"
      },
      "geometry": {
        "type": "Polygon",
        "coordinates": [
          [
            [
              108.924506,
              34.2634162
            ],
            [
              108.9245423,
              34.2634389
            ],
            [
              108.9245556,
              34.2634294
            ],
            [
              108.9245643,
              34.2634168
            ],
            [
              108.9245675,
              34.2634026
            ],
            [
              108.9245648,
              34.2633882
            ],
            [
              108.9245565,
              34.2633754
            ],
            [
              108.9245898,
              34.2633498
            ],
            [
              108.9246315,
              34.2633347
            ],
            [
              108.9246769,
              34.2633319
            ],
            [
              108.9247208,
              34.2633417
            ],
            [
              108.9247583,
              34.2633631
            ],
            [
              108.9247851,
              34.2633935
            ],
            [
              108.9247538,
              34.2634233
            ],
            [
              108.9247585,
              34.2634523
            ],
            [
              108.9248116,
              34.2635283
            ],
            [
              108.9249141,
              34.2635941
            ],
            [
              108.9248847,
              34.263649
            ],
            [
              108.9248707,
              34.2636601
            ],
            [
              108.924853,
              34.2636668
            ],
            [
              108.9248336,
              34.2636681
            ],
            [
              108.9248148,
              34.2636639
            ],
            [
              108.9247989,
              34.2636548
            ],
            [
              108.9247876,
              34.2636417
            ],
            [
              108.9247822,
              34.2636262
            ],
            [
              108.9247567,
              34.2635957
            ],
            [
              108.9247208,
              34.2635734
            ],
            [
              108.9246783,
              34.2635615
            ],
            [
              108.9246334,
              34.2635612
            ],
            [
              108.924612,
              34.2635616
            ],
            [
              108.9245915,
              34.2635565
            ],
            [
              108.9245738,
              34.2635465
            ],
            [
              108.9245608,
              34.2635324
            ],
            [
              108.9245537,
              34.2635157
            ],
            [
              108.9244892,
              34.2634977
            ],
            [
              108.924506,
              34.2634162
            ]
          ]
        ]
      },
      "id": "way/456638523"
    },
    {
      "type": "Feature",
      "properties": {
        "@id": "way/1030568171",
        "name": "放生池",
        "natural": "water",
        "water": "pond"
      },
      "geometry": {
        "type": "Polygon",
        "coordinates": [
          [
            [
              108.9211981,
              34.2759338
            ],
            [
              108.9210821,
              34.2759341
            ],
            [
              108.9210799,
              34.2759368
            ],
            [
              108.9210656,
              34.2759371
            ],
            [
              108.9210603,
              34.2759297
            ],
            [
              108.9210656,
              34.2759203
            ],
            [
              108.921081,
              34.27592
            ],
            [
              108.9210845,
              34.2759257
            ],
            [
              108.9211979,
              34.2759262
            ],
            [
              108.9212009,
              34.2759209
            ],
            [
              108.9212163,
              34.2759206
            ],
            [
              108.9212217,
              34.2759294
            ],
            [
              108.9212152,
              34.2759374
            ],
            [
              108.9212009,
              34.2759377
            ],
            [
              108.9211981,
              34.2759338
            ]
          ]
        ]
      },
      "id": "way/1030568171"
    },
    {
      "type": "Feature",
      "properties": {
        "@id": "way/1264012802",
        "natural": "water",
        "water": "basin"
      },
      "geometry": {
        "type": "Polygon",
        "coordinates": [
          [
            [
              108.9379309,
              34.2613313
            ],
            [
              108.9379309,
              34.2614411
            ],
            [
              108.9377254,
              34.2614411
            ],
            [
              108.9377254,
              34.2613313
            ],
            [
              108.9377254,
              34.2612216
            ],
            [
              108.9379309,
              34.2612216
            ],
            [
              108.9379309,
              34.2613313
            ]
          ]
        ]
      },
      "id": "way/1264012802"
    },
    {
      "type": "Feature",
      "properties": {
        "@id": "way/1264364278",
        "name": "泮池",
        "natural": "water",
        "water": "pond"
      },
      "geometry": {
        "type": "Polygon",
        "coordinates": [
          [
            [
              108.9481556,
              34.2539001
            ],
            [
              108.9481997,
              34.2539118
            ],
            [
              108.9482379,
              34.2539371
            ],
            [
              108.9482646,
              34.253971
            ],
            [
              108.9482742,
              34.2540085
            ],
            [
              108.9481554,
              34.2540083
            ],
            [
              108.9481556,
              34.2539001
            ]
          ]
        ]
      },
      "id": "way/1264364278"
    },
    {
      "type": "Feature",
      "properties": {
        "@id": "way/1264364333",
        "name": "泮池",
        "natural": "water",
        "water": "pond"
      },
      "geometry": {
        "type": "Polygon",
        "coordinates": [
          [
            [
              108.9479948,
              34.2540081
            ],
            [
              108.9480046,
              34.2539707
            ],
            [
              108.9480314,
              34.2539368
            ],
            [
              108.9480697,
              34.2539116
            ],
            [
              108.9481139,
              34.2539001
            ],
            [
              108.9481137,
              34.2540083
            ],
            [
              108.9479948,
              34.2540081
            ]
          ]
        ]
      },
      "id": "way/1264364333"
    },
    {
      "type": "Feature",
      "properties": {
        "@id": "way/246278230",
        "waterway": "ditch"
      },
      "geometry": {
        "type": "LineString",
        "coordinates": [
          [
            108.9557452,
            34.2882371
          ],
          [
            108.9562026,
            34.2882489
          ],
          [
            108.9563805,
            34.288233
          ],
          [
            108.9565132,
            34.2881881
          ],
          [
            108.9566186,
            34.2881282
          ],
          [
            108.9566957,
            34.2880445
          ],
          [
            108.9567773,
            34.2879008
          ],
          [
            108.9568722,
            34.2877603
          ],
          [
            108.9569603,
            34.2876777
          ],
          [
            108.9570572,
            34.2876166
          ],
          [
            108.9571815,
            34.2875654
          ],
          [
            108.9573329,
            34.2875218
          ],
          [
            108.9575445,
            34.2875174
          ],
          [
            108.9577561,
            34.2875224
          ],
          [
            108.9614741,
            34.2875229
          ]
        ]
      },
      "id": "way/246278230"
    },
    {
      "type": "Feature",
      "properties": {
        "@id": "way/246278231",
        "waterway": "ditch"
      },
      "geometry": {
        "type": "LineString",
        "coordinates": [
          [
            108.9614741,
            34.2875229
          ],
          [
            108.9616061,
            34.287543
          ],
          [
            108.9617255,
            34.2875837
          ],
          [
            108.9618295,
            34.2876283
          ],
          [
            108.9619209,
            34.2876935
          ],
          [
            108.9619993,
            34.2877558
          ],
          [
            108.962061,
            34.2878285
          ],
          [
            108.9621026,
            34.2879364
          ],
          [
            108.9621519,
            34.2880315
          ],
          [
            108.9622095,
            34.2880922
          ],
          [
            108.9622705,
            34.2881376
          ],
          [
            108.9623446,
            34.2881759
          ],
          [
            108.9624284,
            34.2882126
          ],
          [
            108.96251,
            34.2882319
          ],
          [
            108.9626008,
            34.2882415
          ],
          [
            108.9627397,
            34.2882459
          ],
          [
            108.9659441,
            34.2882304
          ]
        ]
      },
      "id": "way/246278231"
    },
    {
      "type": "Feature",
      "properties": {
        "@id": "way/258083580",
        "name": "护城河",
        "waterway": "canal"
      },
      "geometry": {
        "type": "LineString",
        "coordinates": [
          [
            108.9486669,
            34.2781834
          ],
          [
            108.9499898,
            34.2781997
          ],
          [
            108.9500688,
            34.2781916
          ],
          [
            108.9503551,
            34.2781386
          ],
          [
            108.9506167,
            34.2781263
          ],
          [
            108.9514164,
            34.2781467
          ],
          [
            108.9520236,
            34.2780447
          ],
          [
            108.9522293,
            34.2780455
          ],
          [
            108.9531342,
            34.2780488
          ],
          [
            108.9534629,
            34.2780207
          ]
        ]
      },
      "id": "way/258083580"
    },
    {
      "type": "Feature",
      "properties": {
        "@id": "way/259866367",
        "layer": "-1",
        "name": "护城河",
        "tunnel": "yes",
        "waterway": "canal"
      },
      "geometry": {
        "type": "LineString",
        "coordinates": [
          [
            108.9534629,
            34.2780207
          ],
          [
            108.9536717,
            34.2779534
          ],
          [
            108.9557315,
            34.2779417
          ],
          [
            108.9625412,
            34.2780988
          ],
          [
            108.9628587,
            34.2781019
          ]
        ]
      },
      "id": "way/259866367"
    },
    {
      "type": "Feature",
      "properties": {
        "@id": "way/259866368",
        "name": "护城河",
        "waterway": "canal"
      },
      "geometry": {
        "type": "LineString",
        "coordinates": [
          [
            108.9628587,
            34.2781019
          ],
          [
            108.9636386,
            34.2781019
          ],
          [
            108.9637373,
            34.278212
          ],
          [
            108.9646407,
            34.2781957
          ],
          [
            108.9651145,
            34.2782936
          ],
          [
            108.96547,
            34.2783262
          ]
        ]
      },
      "id": "way/259866368"
    },
    {
      "type": "Feature",
      "properties": {
        "@id": "way/1356418172",
        "waterway": "stream"
      },
      "geometry": {
        "type": "LineString",
        "coordinates": [
          [
            108.9348492,
            34.2703796
          ],
          [
            108.9347654,
            34.2704875
          ]
        ]
      },
      "id": "way/1356418172"
    }
  ]
}